version 1
nodes
0 "Bip01" -1
1 "Bip01 Footsteps" 0
2 "Bip01 Pelvis" 0
3 "Bip01 Spine" 2
4 "Bip01 Spine1" 3
5 "Bip01 Neck" 4
6 "Bip01 Head" 5
7 "Bip01 Jaw" 6
8 "Bip01 LowerLip" 7
9 "Bip01 Tongue" 7
10 "Bip01 Cheek-L-Lower" 7
11 "Bip01 Cheek-R-Lower" 7
12 "Bip01 Cheek-L-Upper" 6
13 "Bip01 Cheek-R-Upper" 6
14 "Bip01 UpperLip" 6
15 "Bip01 Eye-L" 6
16 "Bip01 Eye-R" 6
17 "Bip01 Blink-R-Upper" 6
18 "Bip01 Blink-L-Upper" 6
19 "Bip01 Eyebrow-R" 6
20 "Bip01 Eyebrow-L" 6
21 "Bip01 Blink-R-Lower" 6
22 "Bip01 Blink-L-Lower" 6
23 "Bip01 L Clavicle" 5
24 "Bip01 L UpperArm" 23
25 "Bip01 L Forearm" 24
26 "Bip01 L Hand" 25
27 "Bip01 L Finger0" 26
28 "Bip01 L Finger01" 27
29 "Bip01 L Finger02" 28
30 "Bip01 L Finger1" 26
31 "Bip01 L Finger11" 30
32 "Bip01 L Finger12" 31
33 "Bip01 L Finger2" 26
34 "Bip01 L Finger21" 33
35 "Bip01 L Finger22" 34
36 "Bip01 L Finger3" 26
37 "Bip01 L Finger31" 36
38 "Bip01 L Finger32" 37
39 "Bip01 L Finger4" 26
40 "Bip01 L Finger41" 39
41 "Bip01 L Finger42" 40
42 "Bip01 L Gun" 26
43 "Bip01 L ForeTwist" 25
44 "Bip01 L ForeTwist1" 43
45 "Bip01 L Shoulder" 23
46 "Bip01 L Jacket" 45
47 "Bip01 L Jacket Low" 46
48 "Bip01 R Clavicle" 5
49 "Bip01 R UpperArm" 48
50 "Bip01 R Forearm" 49
51 "Bip01 R Hand" 50
52 "Bip01 R Finger0" 51
53 "Bip01 R Finger01" 52
54 "Bip01 R Finger02" 53
55 "Bip01 R Finger1" 51
56 "Bip01 R Finger11" 55
57 "Bip01 R Finger12" 56
58 "Bip01 R Finger2" 51
59 "Bip01 R Finger21" 58
60 "Bip01 R Finger22" 59
61 "Bip01 R Finger3" 51
62 "Bip01 R Finger31" 61
63 "Bip01 R Finger32" 62
64 "Bip01 R Finger4" 51
65 "Bip01 R Finger41" 64
66 "Bip01 R Finger42" 65
67 "Bip01 R Gun" 51
68 "Bip01 R ForeTwist" 50
69 "Bip01 R ForeTwist1" 68
70 "Bip01 R Shoulder" 48
71 "Bip01 R Jacket" 70
72 "Bip01 R Jacket Low" 71
73 "Bip01 Back High" 4
74 "Bip01 Back Low" 73
75 "Bip01 Belt" 74
76 "Bip01 R Tail" 74
77 "Bip01 L Tail" 74
78 "Bip01 L Thigh" 3
79 "Bip01 L Calf" 78
80 "Bip01 L Foot" 79
81 "Bip01 L Toe0" 80
82 "Bip01 R Thigh" 3
83 "Bip01 R Calf" 82
84 "Bip01 R Foot" 83
85 "Bip01 R Toe0" 84
end
skeleton
time 0
0 -0.000000 0.000001 0.971670 -3.141593 -0.000000 -1.570798
1 0.000000 0.000000 0.971370 0.000000 0.000000 -1.570798
2 -0.005021 0.000000 0.000000 1.570795 1.570795 0.000000
3 0.101611 -0.000182 -0.000000 0.000004 0.000001 -0.069017
4 0.228937 -0.000201 0.000000 0.000000 0.000000 0.043633
5 0.252198 -0.000052 0.000000 0.000000 0.000001 0.183260
6 0.066037 0.000000 -0.000000 0.000000 -0.000000 -0.157877
7 0.051212 0.012771 -0.000000 3.141591 1.570795 0.000000
8 -0.000000 -0.108223 0.026893 0.000000 0.000000 -0.000000
9 -0.000000 -0.038692 0.018721 -1.570796 0.000000 0.000000
10 0.000000 -0.028665 0.003552 -1.570796 -0.000000 0.848496
11 0.000000 -0.028665 0.003552 1.570797 0.000000 -0.848496
12 0.047659 0.041436 -0.000000 -0.000000 0.722299 -1.570795
13 0.047660 0.041436 -0.000000 0.000000 0.722301 1.570798
14 0.045394 0.120903 -0.000000 3.141591 1.570795 0.000000
15 0.113076 0.093745 -0.030465 1.570795 1.570795 0.000000
16 0.113076 0.093745 0.030465 1.570795 1.570795 0.000000
17 0.113076 0.093745 0.030465 0.001290 -0.010563 -0.235419
18 0.113076 0.093745 -0.030465 -0.001292 0.010563 -0.235419
19 0.125883 0.025198 -0.002734 0.163116 1.197339 1.670991
20 0.125883 0.025198 0.002734 0.163115 1.197336 -1.470602
21 0.113076 0.093745 0.030465 -3.138659 0.010229 0.393181
22 0.113076 0.093745 -0.030465 3.138657 -0.010228 0.393181
23 0.000000 0.000052 -0.033948 0.414830 1.352820 -2.919580
24 0.163764 0.000000 0.000000 -0.058586 -0.746926 -0.040522
25 0.318743 0.000000 0.000000 0.000000 0.000000 -0.200000
26 0.268302 -0.000000 -0.000000 1.570000 0.000000 0.000000
27 0.022141 0.005791 0.027741 -1.723574 -0.463044 0.708524
28 0.055093 0.000000 -0.000000 -0.000000 0.000000 0.741765
29 0.030082 0.000000 0.000000 0.000000 -0.000000 0.846485
30 0.101522 -0.000028 0.035476 0.000804 -0.139626 -0.000112
31 0.040970 -0.000000 0.000000 0.000000 0.000000 0.994838
32 0.027952 -0.000000 0.000000 -0.000000 0.000000 0.994838
33 0.106071 -0.000008 0.010609 0.000796 0.017453 0.000014
34 0.043852 -0.000000 -0.000000 -0.000000 -0.000000 1.727876
35 0.028113 -0.000000 0.000000 -0.000000 0.000000 1.021018
36 0.102247 0.000008 -0.009766 0.000801 0.104719 0.000084
37 0.040970 -0.000000 0.000000 0.000000 -0.000000 1.553344
38 0.027952 0.000000 0.000000 0.000000 0.000000 1.090831
39 0.095418 0.000023 -0.029189 0.000809 0.174533 0.000140
40 0.034142 -0.000000 0.000000 0.000000 -0.000000 1.160644
41 0.023294 -0.000000 -0.000000 0.000000 0.000000 1.317724
42 0.090675 0.024896 0.006188 1.508970 -0.003325 1.583276
43 0.000000 -0.000000 0.000000 -0.000230 0.000000 0.000000
44 0.134151 0.000000 0.000000 -0.000230 0.000000 0.000000
45 0.024344 -0.028033 -0.020250 3.097746 0.199229 -0.089033
46 0.142908 0.027584 -0.116886 -3.141592 -0.000000 -0.000000
47 -0.038175 -0.046155 0.405312 -3.141593 -0.000000 -0.000000
48 0.000000 0.000053 0.033948 -0.414805 -1.352821 -2.919605
49 0.163764 0.000000 -0.000000 0.058586 0.746926 -0.040522
50 0.318743 -0.000000 -0.000000 0.000000 -0.000000 -0.200000
51 0.268302 -0.000000 0.000000 -1.570000 0.000000 -0.000000
52 0.022141 0.005791 -0.027741 1.723574 0.463044 0.708524
53 0.055093 0.000000 0.000000 0.000000 0.000000 0.741765
54 0.030082 -0.000000 -0.000000 0.000000 -0.000000 0.846485
55 0.101522 -0.000028 -0.035476 -0.000804 0.139626 -0.000112
56 0.040970 0.000000 -0.000000 -0.000000 -0.000000 0.994838
57 0.027952 0.000000 -0.000000 0.000000 -0.000000 0.994838
58 0.106071 -0.000008 -0.010609 -0.000796 -0.017453 0.000014
59 0.043852 0.000000 0.000000 -0.000000 -0.000000 1.727876
60 0.028113 -0.000000 0.000000 -0.000000 0.000000 1.021018
61 0.102247 0.000008 0.009766 -0.000801 -0.104719 0.000084
62 0.040970 -0.000000 -0.000000 -0.000000 0.000000 1.553344
63 0.027952 0.000000 0.000000 0.000000 -0.000000 1.090831
64 0.095418 0.000023 0.029189 -0.000809 -0.174533 0.000140
65 0.034142 -0.000000 -0.000000 0.000000 0.000000 1.160644
66 0.023294 -0.000000 0.000000 0.000000 -0.000000 1.317724
67 0.090681 0.024896 -0.006185 -1.632621 -0.003327 -1.558317
68 -0.000000 0.000000 0.000000 0.000230 0.000000 -0.000000
69 0.134151 0.000000 -0.000000 0.000230 -0.000000 -0.000000
70 0.024344 -0.028032 0.020250 3.097747 0.199229 3.052563
71 -0.142903 -0.027588 0.116886 0.000001 0.000001 -0.000001
72 0.038169 -0.046151 0.405312 0.000000 -0.000000 0.000000
73 0.187758 -0.127722 0.002042 3.116208 1.570795 0.000000
74 0.000000 -0.000000 0.201872 -0.000000 -0.000000 0.000000
75 -0.002459 -0.033854 0.252090 -0.075964 0.014512 0.073962
76 -0.136960 -0.046463 0.238158 0.000000 0.000000 -0.000000
77 0.141045 -0.046463 0.238158 3.141593 -0.000000 0.000000
78 -0.101382 -0.006826 -0.108979 -3.137153 0.052487 -3.124347
79 0.437879 -0.000000 0.000000 -0.000000 -0.000000 -0.197062
80 0.438616 -0.000000 0.000000 0.341911 0.052186 0.144987
81 0.101257 0.148543 -0.000000 0.000000 0.000000 1.570796
82 -0.101382 -0.006826 0.108979 3.137165 -0.052486 -3.124348
83 0.437879 0.000000 0.000000 -0.000000 0.000000 -0.197062
84 0.438616 -0.000000 -0.000000 -0.341917 -0.052186 0.144987
85 0.101257 0.148543 0.000000 -0.000000 -0.000000 1.570796
end
triangles
Cleaner_FullBody_A.dds
2 0.095045 0.114325 1.170064 0.467397 1.198170 -0.139015 0.660673 1.951863
2 0.095144 0.117066 1.074868 0.589761 1.134077 0.198613 0.608008 1.997131
2 0.001849 0.135779 1.076980 0.036260 1.277726 0.198740 0.750550 1.997979
Cleaner_FullBody_A.dds
2 0.164503 -0.065553 1.172112 1.175463 -0.528234 -0.112476 0.561700 1.546371
4 0.197396 -0.044472 1.286154 1.246442 -0.329123 -0.107029 0.556653 1.575667
4 0.171936 -0.097574 1.297361 0.959887 -0.863196 -0.083101 0.602418 1.579125
Cleaner_FullBody_A.dds
82 0.140178 0.124245 0.678555 0.231346 1.267773 -0.112366 0.406568 1.357589
2 0.124643 0.129959 0.825645 0.454693 1.193660 -0.204511 0.380073 1.406150
82 0.175711 0.081556 0.702730 1.043513 0.763176 -0.045148 0.435635 1.359311
Cleaner_FullBody_A.dds
82 0.013578 -0.009491 0.644676 -1.277631 0.035878 -0.199415 0.743450 1.336603
82 0.042284 -0.040148 0.527217 -1.148853 -0.504962 -0.313920 0.720353 1.293320
82 0.041693 -0.119068 0.752955 -0.718651 -1.051189 -0.227897 0.711618 1.376955
Cleaner_FullBody_A.dds
4 0.001300 0.172512 1.487881 0.001498 1.225136 0.415254 0.752427 1.821882
4 0.003185 0.175727 1.368165 0.000207 1.281353 -0.177566 0.752690 1.887117
4 -0.130579 0.162361 1.478669 -0.241258 1.253128 0.211804 0.874236 1.822453
Cleaner_FullBody_A.dds
4 -0.199564 -0.070360 1.446424 -0.655599 -1.099213 0.187926 0.914545 1.645923
23 -0.191843 -0.057196 1.496934 -0.383561 -1.006635 0.716215 0.908836 1.679045
24 -0.253413 -0.029637 1.495445 -0.584733 -0.912492 0.706286 0.958306 1.679939
Cleaner_FullBody_A.dds
2 0.196301 -0.000149 1.063947 1.264321 0.073163 0.263697 0.510678 1.499410
2 0.183386 0.072203 1.016744 1.086611 0.657976 0.244417 0.451159 1.472664
2 0.150402 0.075381 1.073970 0.956292 0.834743 0.249208 0.451220 1.499404
Cleaner_FullBody_A.dds
2 0.135505 -0.106435 1.169756 0.903764 -0.922651 -0.072945 0.637554 1.544959
2 0.164954 -0.068302 1.130169 1.136602 -0.602520 0.136016 0.562924 1.526579
2 0.164503 -0.065553 1.172112 1.175463 -0.528234 -0.112476 0.561700 1.546371
Cleaner_FullBody_A.dds
79 -0.217593 0.027033 0.505467 -1.277558 -0.014890 0.202534 0.947498 1.284380
79 -0.200645 -0.023978 0.297031 -1.025870 -0.784689 0.072447 0.926163 1.209790
79 -0.183894 -0.043995 0.458861 -0.983180 -0.833701 -0.108147 0.923953 1.267702
Cleaner_FullBody_A.dds
79 -0.064280 0.043913 0.505468 1.184197 0.498068 -0.151665 0.189665 1.284381
79 -0.059685 0.088419 0.385127 1.154197 0.584126 0.004580 0.165489 1.241316
79 -0.091938 0.110148 0.508189 0.657964 1.085616 0.248833 0.138636 1.289493
Cleaner_FullBody_A.dds
2 -0.181680 0.085586 1.010286 -1.054659 0.729364 0.170637 0.055852 1.472243
78 -0.219721 -0.019142 0.907013 -1.292782 0.000728 0.045929 -0.050562 1.428076
2 -0.203104 -0.002343 1.074921 -1.271932 0.018605 0.235027 -0.036898 1.498877
Cleaner_FullBody_A.dds
2 -0.000826 0.073126 0.838927 0.049542 0.224154 -1.273065 0.267136 1.391039
82 0.047348 0.116707 0.807672 -0.685286 0.875839 -0.660822 0.323115 1.390222
2 0.009907 0.047974 0.815659 -1.161379 0.437153 -0.365363 0.299749 1.381812
Cleaner_FullBody_A.dds
49 0.236879 0.103499 1.507001 0.597011 0.807358 0.815565 0.548753 1.779990
49 0.205568 0.153175 1.454659 0.578023 1.151230 0.118128 0.579024 1.823905
49 0.194980 0.112358 1.525920 0.466947 0.832888 0.872727 0.611184 1.792422
Cleaner_FullBody_A.dds
82 0.094749 -0.134319 0.907879 0.087196 -1.281594 -0.152674 0.681105 1.431869
2 0.017662 -0.126370 0.887032 -0.224552 -1.168125 -0.508385 0.726239 1.422875
82 0.041693 -0.119068 0.752955 -0.718651 -1.051189 -0.227897 0.711618 1.376955
Cleaner_FullBody_A.dds
4 -0.201195 -0.046856 1.296964 -1.223627 -0.413345 -0.072657 0.935986 1.589248
4 -0.206931 0.035028 1.301737 -1.162680 0.055153 -0.564383 0.978672 1.613748
2 -0.189415 0.002887 1.174595 -1.281971 0.090054 -0.147774 0.972890 1.542058
Cleaner_FullBody_A.dds
49 0.413846 0.100981 1.203877 0.178363 1.217209 -0.399980 0.225312 1.795338
49 0.380855 0.129033 1.255038 0.071450 1.258645 -0.290007 0.291911 1.793921
50 0.444029 0.088680 1.241080 0.828552 0.966972 0.227731 0.224733 1.773674
Cleaner_FullBody_A.dds
50 0.309425 0.032812 1.236071 -0.957192 -0.194361 -0.848176 0.271552 1.663024
50 0.340691 -0.018874 1.253141 -0.484388 -1.153424 -0.329208 0.249389 1.686593
49 0.208981 -0.017393 1.362926 -0.038153 -0.957066 -0.869462 0.475934 1.676910
Cleaner_FullBody_A.dds
82 0.181264 0.089170 0.854990 1.091073 0.694850 -0.011777 0.425450 1.417285
82 0.175711 0.081556 0.702730 1.043513 0.763176 -0.045148 0.435635 1.359311
2 0.124643 0.129959 0.825645 0.454693 1.193660 -0.204511 0.380073 1.406150
Cleaner_FullBody_A.dds
78 -0.140558 0.106949 0.656560 -0.078121 1.291181 -0.012021 0.115406 1.338450
78 -0.178025 0.081556 0.691570 -0.760099 1.042604 0.092851 0.080942 1.350978
2 -0.125777 0.130969 0.824071 -0.447400 1.187228 -0.252426 0.113648 1.402982
Cleaner_FullBody_A.dds
78 -0.217322 -0.017197 0.802627 -1.291970 -0.021424 0.061238 0.948201 1.390721
78 -0.195567 -0.091052 0.762891 -1.048835 -0.755695 -0.047593 0.906545 1.376501
78 -0.182828 -0.110545 0.916193 -0.891526 -0.937178 0.016573 0.895482 1.430660
Cleaner_FullBody_A.dds
79 -0.155421 -0.060697 0.322045 0.196053 -1.277621 -0.051416 0.884970 1.218742
79 -0.076627 -0.033051 0.448798 0.917620 -0.827302 -0.383328 0.798196 1.264101
79 -0.102372 -0.050861 0.440866 0.633573 -1.056347 -0.395111 0.834928 1.261262
Cleaner_FullBody_A.dds
2 -0.189415 0.002887 1.174595 -1.281971 0.090054 -0.147774 0.997831 1.958474
4 -0.187319 0.071126 1.292179 -1.001701 0.570011 -0.587433 0.961566 1.885819
2 -0.175179 0.047251 1.176452 -1.146846 0.590945 -0.094456 0.950683 1.956136
Cleaner_FullBody_A.dds
83 0.152723 -0.060697 0.320827 -0.328620 -1.249955 -0.054920 0.644430 1.222285
83 0.103899 -0.057472 0.440866 -0.584112 -1.102450 -0.341777 0.673255 1.265265
83 0.070078 -0.033051 0.457073 -0.932456 -0.823925 -0.353653 0.702194 1.269378
Cleaner_FullBody_A.dds
83 0.196094 0.111798 0.386191 0.925054 0.881168 0.203008 0.459892 1.242696
83 0.227570 0.036132 0.386304 1.284952 0.034988 0.145152 0.534624 1.244128
83 0.222475 0.113609 0.193711 1.067535 0.729153 0.045836 0.480799 1.174202
Cleaner_FullBody_A.dds
48 0.051447 -0.019115 1.556714 0.614955 -0.920206 0.669662 0.710077 1.696330
4 0.068843 0.019036 1.590449 -1.067216 -0.414124 0.602450 0.685137 1.721846
4 0.065993 0.021930 1.588578 1.137919 -0.387176 0.478154 0.696028 1.721906
Cleaner_FullBody_A.dds
24 -0.214302 -0.018097 1.522864 -0.483491 -0.594867 1.042001 0.933304 1.707149
24 -0.253413 -0.029637 1.495445 -0.584733 -0.912492 0.706286 0.958306 1.679939
23 -0.191843 -0.057196 1.496934 -0.383561 -1.006635 0.716215 0.908836 1.679045
Cleaner_FullBody_A.dds
79 -0.200645 -0.023978 0.297031 -1.025870 -0.784689 0.072447 0.926163 1.209790
79 -0.217593 0.027033 0.505467 -1.277558 -0.014890 0.202534 0.947498 1.284380
79 -0.236014 0.039870 0.386304 -1.284619 0.035736 0.147891 0.954128 1.241737
Cleaner_FullBody_A.dds
49 0.336498 -0.038441 1.326699 0.313638 -1.254997 0.002985 0.341966 1.713805
50 0.395946 -0.012135 1.302670 0.709501 -0.936977 0.540442 0.283035 1.733267
49 0.262421 -0.028782 1.476740 0.779193 -0.848465 0.588524 0.517549 1.723543
Cleaner_FullBody_A.dds
4 0.080877 0.057388 1.625073 1.090860 0.374847 0.585585 0.665282 1.742212
4 0.078289 0.001778 1.610006 0.180220 -0.701381 1.071905 0.668777 1.727214
4 0.136395 -0.015975 1.554064 0.633705 -0.596991 0.956773 0.610008 1.716640
Cleaner_FullBody_A.dds
2 -0.115361 0.150309 0.967528 -0.495208 1.188900 0.121168 0.116939 1.451102
2 0.001849 0.135779 1.076980 0.036260 1.277726 0.198740 0.249151 1.498513
2 0.001512 0.166837 0.968562 -0.004329 1.291764 0.068724 0.249003 1.451471
Cleaner_FullBody_A.dds
82 0.173287 -0.111789 0.926628 0.842021 -0.981958 0.012411 0.627122 1.439111
2 0.167475 -0.094304 1.063456 1.030601 -0.752567 0.211897 0.586391 1.494637
2 0.103242 -0.140998 1.034657 0.418666 -1.223963 0.005425 0.658490 1.480869
Cleaner_FullBody_A.dds
82 0.216390 -0.029487 0.906258 1.287917 -0.091479 0.079352 0.529665 1.430753
82 0.173287 -0.111789 0.926628 0.842021 -0.981958 0.012411 0.627122 1.439111
82 0.215651 -0.024037 0.802543 1.291470 -0.072519 0.015514 0.535952 1.393655
Cleaner_FullBody_A.dds
83 0.050081 0.043913 0.505468 -1.214862 0.443864 -0.022165 0.306117 1.295454
83 0.091558 0.097798 0.516694 -0.827063 0.965844 0.237712 0.371940 1.289411
83 0.055840 0.094928 0.385314 -1.111216 0.662255 -0.003511 0.337835 1.230484
Cleaner_FullBody_A.dds
82 0.043837 0.001258 0.482369 -1.255065 -0.189355 -0.249703 0.745371 1.278971
83 0.056226 0.004923 0.329648 -1.234695 -0.370627 -0.107509 0.748929 1.224425
83 0.070078 -0.033051 0.457073 -0.932456 -0.823925 -0.353653 0.702194 1.269378
Cleaner_FullBody_A.dds
2 0.095144 0.117066 1.074868 0.589761 1.134077 0.198613 0.608008 1.997131
2 0.126304 0.088890 1.168405 0.858513 0.961621 -0.107863 0.608846 1.951532
2 0.150402 0.075381 1.073970 0.956292 0.834743 0.249208 0.576032 1.996359
Cleaner_FullBody_A.dds
69 0.469379 -0.010826 1.027265 -1.047115 -0.043823 -0.758304 0.036779 1.834729
50 0.335816 0.021819 1.189498 -1.067947 -0.196990 -0.702908 0.222474 1.834730
50 0.365440 0.076544 1.181788 -0.639262 0.829449 -0.759442 0.223059 1.815900
Cleaner_FullBody_A.dds
4 -0.133713 0.155049 1.362826 -0.306683 1.209759 -0.340329 0.873712 1.887118
4 -0.130579 0.162361 1.478669 -0.241258 1.253128 0.211804 0.874236 1.822453
4 0.003185 0.175727 1.368165 0.000207 1.281353 -0.177566 0.752690 1.887117
Cleaner_FullBody_A.dds
2 -0.000826 -0.013387 0.834197 0.687638 0.512125 -0.968648 0.255087 1.392862
2 -0.011079 0.047974 0.815659 1.198323 0.294062 -0.388517 0.235260 1.389039
2 -0.000826 0.073126 0.838927 0.049542 0.224154 -1.273065 0.249845 1.402292
Cleaner_FullBody_A.dds
78 -0.038302 -0.119997 0.761940 0.711197 -1.063754 -0.189793 0.792108 1.376161
79 -0.074160 -0.078550 0.533787 0.793870 -0.950678 -0.373331 0.821140 1.294515
79 -0.039464 -0.040148 0.527217 1.151973 -0.483536 -0.335480 0.782733 1.292164
Cleaner_FullBody_A.dds
4 -0.001275 -0.162924 1.271448 0.037952 -1.292493 0.037646 0.744392 1.572626
4 -0.001055 -0.151590 1.385623 0.042430 -1.208177 0.460329 0.752916 1.607504
4 -0.117588 -0.139069 1.393223 -0.391679 -1.205941 0.256299 0.846854 1.615430
Cleaner_FullBody_A.dds
2 -0.005236 -0.168118 1.112400 0.023577 -1.293335 -0.011086 0.746820 1.526736
2 -0.114718 -0.142366 1.043161 -0.419927 -1.223530 -0.005483 0.845601 1.483968
2 -0.000078 -0.156902 0.997989 0.012071 -1.281610 -0.175288 0.737734 1.467116
Cleaner_FullBody_A.dds
4 0.088563 0.084855 1.589726 0.752193 0.536356 0.905496 0.651880 1.762021
48 0.203741 0.045226 1.547965 0.529299 -0.014516 1.180266 0.583318 1.755157
49 0.194980 0.112358 1.525920 0.466947 0.832888 0.872727 0.611184 1.792422
Cleaner_FullBody_A.dds
50 0.335816 0.021819 1.189498 -1.067947 -0.196990 -0.702908 0.215773 1.662963
69 0.469379 -0.010826 1.027265 -1.047115 -0.043823 -0.758304 0.038739 1.662947
69 0.426516 -0.043164 1.119656 -0.780905 -0.976293 -0.332317 0.153933 1.690452
Cleaner_FullBody_A.dds
69 0.543756 -0.046831 1.076059 0.647652 -0.847226 0.732223 0.031244 1.733370
69 0.559666 -0.064319 1.047952 0.902867 -0.911541 0.165284 0.008534 1.733394
69 0.563219 -0.014313 1.080631 1.020128 -0.213019 0.766393 0.031177 1.751052
Cleaner_FullBody_A.dds
82 0.177618 0.070387 0.627149 0.871634 0.949183 0.112701 0.439898 1.329930
82 0.122008 0.111438 0.591477 0.358734 1.200290 -0.322506 0.394320 1.315917
82 0.140178 0.124245 0.678555 0.231346 1.267773 -0.112366 0.406568 1.357589
Cleaner_FullBody_A.dds
78 -0.181411 0.101405 0.607161 -0.625868 1.128283 0.093067 0.078622 1.320772
78 -0.140558 0.106949 0.656560 -0.078121 1.291181 -0.012021 0.115406 1.338450
79 -0.122387 0.119640 0.591477 0.135754 1.285516 0.049131 0.114218 1.315160
Cleaner_FullBody_A.dds
4 0.133493 -0.102077 1.444514 0.415311 -1.104581 0.529919 0.641123 1.641767
4 0.143196 -0.068869 1.499288 0.470067 -1.000607 0.671728 0.623529 1.669248
4 0.058523 -0.090559 1.500247 -0.294535 -0.969412 0.804292 0.701507 1.670008
Cleaner_FullBody_A.dds
79 -0.102457 0.115794 0.236372 0.942727 0.885518 -0.022779 0.148866 1.188083
80 -0.138022 0.152222 0.072926 0.222540 1.273741 -0.038142 0.126406 1.119966
79 -0.129018 0.144413 0.388658 0.169648 1.272533 0.158978 0.112016 1.242579
Cleaner_FullBody_A.dds
79 -0.162691 0.036951 0.193617 -0.010805 -0.101085 -1.289597 -0.023628 1.098996
80 -0.106360 0.129169 0.034412 0.501943 0.781950 -0.900002 0.145299 1.106183
80 -0.087470 0.099943 0.030353 0.848895 0.473750 -0.853425 0.167808 1.106169
Cleaner_FullBody_A.dds
4 -0.196513 0.141472 1.367830 -0.630220 0.994866 -0.535218 0.912591 1.867865
4 -0.130579 0.162361 1.478669 -0.241258 1.253128 0.211804 0.874236 1.822453
4 -0.133713 0.155049 1.362826 -0.306683 1.209759 -0.340329 0.873712 1.887118
Cleaner_FullBody_A.dds
4 -0.218640 0.113441 1.368870 -0.543989 1.057155 -0.509799 0.960417 1.816331
4 -0.219936 0.070048 1.316679 -1.089488 0.339036 -0.609481 0.962370 1.865157
4 -0.206931 0.035028 1.301737 -1.162680 0.055153 -0.564383 0.997928 1.898787
Cleaner_FullBody_A.dds
83 0.165630 0.036951 0.193617 -0.072153 -0.300633 -1.256109 0.521227 1.100770
84 0.128509 -0.075413 0.067290 -0.365399 -0.823098 -0.928649 0.669695 1.108407
84 0.087324 0.015382 0.036838 -1.027677 -0.397484 -0.677703 0.255324 1.107575
Cleaner_FullBody_A.dds
83 0.196094 0.111798 0.386191 0.925054 0.881168 0.203008 0.459892 1.242696
83 0.185029 0.137502 0.228919 0.535118 1.175822 0.066975 0.423731 1.186072
83 0.128638 0.144413 0.388658 -0.181049 1.276295 0.108112 0.397501 1.242966
Cleaner_FullBody_A.dds
84 0.173890 -0.062065 0.070893 -0.266662 0.271251 -1.236410 0.632506 1.108455
84 0.185292 -0.082658 0.073404 0.383650 -0.937423 -0.804640 0.639451 1.108523
84 0.128509 -0.075413 0.067290 -0.365399 -0.823098 -0.928649 0.669695 1.108407
Cleaner_FullBody_A.dds
82 0.169091 -0.071876 0.551365 1.065262 -0.708457 -0.191571 0.642689 1.304950
82 0.225929 0.006275 0.598249 1.285792 -0.083598 -0.114656 0.542394 1.320213
82 0.183883 -0.090393 0.744353 0.966319 -0.855900 -0.084015 0.619825 1.374156
Cleaner_FullBody_A.dds
2 0.103242 -0.140998 1.034657 0.418666 -1.223963 0.005425 0.658490 1.480869
82 0.094749 -0.134319 0.907879 0.087196 -1.281594 -0.152674 0.681105 1.431869
82 0.173287 -0.111789 0.926628 0.842021 -0.981958 0.012411 0.627122 1.439111
Cleaner_FullBody_A.dds
4 -0.033074 -0.095637 1.481501 0.343902 -0.966973 0.787458 0.774549 1.651105
4 -0.000167 -0.098302 1.480098 0.028277 -1.065417 0.733131 0.751110 1.650249
4 -0.045742 -0.069827 1.513684 0.124815 -0.912525 0.908358 0.783003 1.667247
Cleaner_FullBody_A.dds
4 0.001326 -0.050579 1.534057 0.017703 -1.289950 0.095455 0.749870 1.685566
4 -0.034586 -0.044456 1.538586 -0.223456 -1.039082 0.737409 0.779421 1.688182
4 -0.045742 -0.069827 1.513684 0.124815 -0.912525 0.908358 0.783003 1.667247
Cleaner_FullBody_A.dds
79 -0.076627 -0.033051 0.448798 0.917620 -0.827302 -0.383328 0.798196 1.264101
79 -0.084726 -0.067727 0.485872 0.637920 -1.009678 -0.496994 0.824525 1.277368
79 -0.102372 -0.050861 0.440866 0.633573 -1.056347 -0.395111 0.834928 1.261262
Cleaner_FullBody_A.dds
4 0.194735 -0.067237 1.441358 0.725958 -1.049746 0.210745 0.584391 1.641286
4 0.143196 -0.068869 1.499288 0.470067 -1.000607 0.671728 0.623529 1.669248
4 0.133493 -0.102077 1.444514 0.415311 -1.104581 0.529919 0.641123 1.641767
Cleaner_FullBody_A.dds
79 -0.162691 0.036951 0.193617 -0.010805 -0.101085 -1.289597 0.977408 1.098996
80 -0.228795 -0.017716 0.051502 -1.208373 -0.461246 -0.021942 0.950781 1.106512
80 -0.242559 0.040878 0.039232 -0.828788 0.251831 -0.960774 0.968003 1.106444
Cleaner_FullBody_A.dds
49 0.406653 0.099566 1.294317 0.870169 0.765959 0.574027 0.287113 1.775225
49 0.237175 0.132796 1.428863 0.242457 1.270319 -0.029984 0.484858 1.795854
49 0.269601 0.111232 1.477993 0.753379 0.773455 0.712449 0.506016 1.775311
Cleaner_FullBody_A.dds
49 0.343849 0.042787 1.411835 1.056118 -0.052423 0.745160 0.431864 1.752527
50 0.395946 -0.012135 1.302670 0.709501 -0.936977 0.540442 0.283035 1.733267
50 0.412054 0.041913 1.321091 1.015070 -0.054390 0.800043 0.289958 1.751099
Cleaner_FullBody_A.dds
4 -0.063179 0.086136 1.622501 -0.587784 0.927980 0.683198 0.804548 1.767275
4 -0.092677 0.085856 1.591124 -0.668022 0.570601 0.949504 0.850511 1.768941
4 -0.092123 0.051907 1.617508 -1.055207 0.300649 0.685233 0.828641 1.744158
Cleaner_FullBody_A.dds
24 -0.264926 0.096079 1.506513 -0.673564 0.758271 0.802952 0.951695 1.777575
24 -0.277913 0.040242 1.511133 -0.818260 -0.140157 0.992069 0.954476 1.755615
23 -0.208318 0.040551 1.547215 -0.519294 -0.071820 1.182612 0.923455 1.755563
Cleaner_FullBody_A.dds
2 -0.011079 0.047974 0.815659 1.198323 0.294062 -0.388517 0.235260 1.389039
78 -0.037562 0.116159 0.808460 0.680830 0.889546 -0.646973 0.213417 1.388270
2 -0.000826 0.073126 0.838927 0.049542 0.224154 -1.273065 0.249845 1.402292
Cleaner_FullBody_A.dds
69 0.477145 -0.051743 1.028249 -1.010841 -0.644426 -0.486119 0.031489 1.692071
69 0.426516 -0.043164 1.119656 -0.780905 -0.976293 -0.332317 0.153933 1.690452
69 0.469379 -0.010826 1.027265 -1.047115 -0.043823 -0.758304 0.038739 1.662947
Cleaner_FullBody_A.dds
50 0.399040 -0.030234 1.243945 -0.000325 -1.260002 0.292900 0.233913 1.712695
69 0.507333 -0.072823 1.058013 -0.131401 -1.253762 0.290191 0.031692 1.712187
50 0.426501 -0.014117 1.255244 0.694236 -0.927782 0.575024 0.231494 1.733283
Cleaner_FullBody_A.dds
4 0.181697 0.122158 1.332564 0.915151 0.650140 -0.642816 0.566639 1.890836
4 0.170856 0.148888 1.355705 0.554921 1.082859 -0.439174 0.597355 1.874668
4 0.201851 0.110917 1.362427 0.700923 0.859827 -0.665433 0.542062 1.858538
Cleaner_FullBody_A.dds
4 0.170856 0.148888 1.355705 0.554921 1.082859 -0.439174 0.597355 1.874668
4 0.117273 0.156099 1.355106 0.242051 1.223388 -0.343699 0.627119 1.886946
4 0.118915 0.164248 1.474664 0.211820 1.255354 0.229377 0.627039 1.821697
Cleaner_FullBody_A.dds
50 0.527295 0.009258 1.056308 0.675092 -0.375007 -1.037794 0.000506 1.755823
69 0.493631 -0.058679 1.001005 -0.489336 -0.768490 -0.918351 0.008537 1.683577
69 0.494146 -0.018766 0.991095 -0.317981 -0.094247 -1.250360 0.008483 1.662984
Cleaner_FullBody_A.dds
69 0.487502 0.030210 1.016420 -0.856875 0.586903 -0.771172 0.031252 1.816979
50 0.365440 0.076544 1.181788 -0.639262 0.829449 -0.759442 0.223059 1.815900
69 0.521662 0.049880 1.037161 0.124254 1.260694 -0.261930 0.031043 1.792275
Cleaner_FullBody_A.dds
2 0.196301 -0.000149 1.063947 1.264321 0.073163 0.263697 0.510678 1.499410
82 0.216390 -0.029487 0.906258 1.287917 -0.091479 0.079352 0.529665 1.430753
2 0.183386 0.072203 1.016744 1.086611 0.657976 0.244417 0.451159 1.472664
Cleaner_FullBody_A.dds
2 -0.120884 -0.125853 1.119696 -0.763640 -1.037668 0.116161 0.832294 1.524992
2 -0.005236 -0.168118 1.112400 0.023577 -1.293335 -0.011086 0.746820 1.526736
2 -0.099518 -0.139335 1.159802 -0.553872 -1.168458 -0.036421 0.829840 1.544104
Cleaner_FullBody_A.dds
49 0.262421 -0.028782 1.476740 0.779193 -0.848465 0.588524 0.517549 1.723543
49 0.231004 -0.050888 1.431307 0.340541 -1.231947 -0.199337 0.507371 1.707987
49 0.336498 -0.038441 1.326699 0.313638 -1.254997 0.002985 0.341966 1.713805
Cleaner_FullBody_A.dds
83 0.128638 0.144413 0.388658 -0.181049 1.276295 0.108112 0.397501 1.242966
83 0.055840 0.094928 0.385314 -1.111216 0.662255 -0.003511 0.337835 1.230484
83 0.091558 0.097798 0.516694 -0.827063 0.965844 0.237712 0.371940 1.289411
Cleaner_FullBody_A.dds
79 -0.129018 0.144413 0.388658 0.169648 1.272533 0.158978 0.112016 1.242579
79 -0.091938 0.110148 0.508189 0.657964 1.085616 0.248833 0.138636 1.289493
79 -0.059685 0.088419 0.385127 1.154197 0.584126 0.004580 0.165489 1.241316
Cleaner_FullBody_A.dds
79 -0.162691 0.036951 0.193617 -0.010805 -0.101085 -1.289597 0.977408 1.098996
80 -0.080976 0.015191 0.041320 1.026467 -0.139899 -0.774719 0.752764 1.110094
80 -0.128912 -0.075413 0.067290 0.790337 -0.838578 -0.587835 0.863184 1.107056
Cleaner_FullBody_A.dds
79 -0.162691 0.036951 0.193617 -0.010805 -0.101085 -1.289597 0.977408 1.098996
80 -0.128912 -0.075413 0.067290 0.790337 -0.838578 -0.587835 0.863184 1.107056
80 -0.174333 -0.062901 0.069571 -0.033970 0.465815 -1.206341 0.903816 1.107047
Cleaner_FullBody_A.dds
78 -0.226363 0.006275 0.589278 -1.281006 -0.122878 -0.131603 -0.055284 1.314373
78 -0.220068 0.059340 0.583729 -1.165578 0.502196 -0.250244 -0.000326 1.312387
79 -0.209290 0.017742 0.539439 -1.275731 -0.004325 -0.214211 -0.057629 1.296537
Cleaner_FullBody_A.dds
23 -0.123237 0.128651 1.544598 -0.266828 1.012895 0.759106 0.866497 1.800104
4 -0.130579 0.162361 1.478669 -0.241258 1.253128 0.211804 0.874236 1.822453
4 -0.217174 0.110382 1.526006 -0.484287 0.836949 0.859289 0.931148 1.778437
Cleaner_FullBody_A.dds
4 0.062343 0.090276 1.625083 0.642935 0.909728 0.657590 0.699545 1.768307
4 0.065812 0.101375 1.596630 0.387046 1.059086 0.633978 0.682421 1.783600
4 0.001023 0.102521 1.627559 -0.028417 1.205112 0.469353 0.752389 1.768438
Cleaner_FullBody_A.dds
4 -0.187319 0.071126 1.292179 -1.001701 0.570011 -0.587433 0.961566 1.885819
2 -0.189415 0.002887 1.174595 -1.281971 0.090054 -0.147774 0.997831 1.958474
4 -0.206931 0.035028 1.301737 -1.162680 0.055153 -0.564383 0.997928 1.898787
Cleaner_FullBody_A.dds
4 0.002472 0.139407 1.276472 0.020488 1.266446 -0.262851 0.751131 1.903725
2 -0.096389 0.121831 1.172855 -0.462020 1.204343 -0.097428 0.834658 1.956494
4 -0.133713 0.155049 1.362826 -0.306683 1.209759 -0.340329 0.873712 1.887118
Cleaner_FullBody_A.dds
83 0.165630 0.036951 0.193617 -0.072153 -0.300633 -1.256109 0.521227 1.100770
84 0.080852 0.099943 0.027543 -0.799110 0.543986 -0.859591 0.354793 1.107594
84 0.106024 0.129169 0.034412 -0.425733 0.782846 -0.937709 0.383072 1.107616
Cleaner_FullBody_A.dds
83 0.165630 0.036951 0.193617 -0.072153 -0.300633 -1.256109 0.521227 1.100770
84 0.218113 0.100124 0.039083 0.728692 0.604315 -0.881594 0.486610 1.107688
84 0.244737 0.035912 0.041666 0.855736 0.251193 -0.937024 0.523795 1.107833
Cleaner_FullBody_A.dds
4 0.203632 0.035028 1.316633 0.921167 0.289677 -0.860775 0.500925 1.616108
4 0.197396 -0.044472 1.286154 1.246442 -0.329123 -0.107029 0.556653 1.575667
2 0.185257 0.004300 1.177664 1.267220 0.182954 -0.184595 0.510846 1.549465
Cleaner_FullBody_A.dds
2 0.156316 0.057535 1.174634 1.073837 0.707490 -0.140455 0.573107 1.950340
4 0.175630 0.081493 1.297249 1.075960 0.529548 -0.485061 0.556150 1.907453
2 0.185257 0.004300 1.177664 1.267220 0.182954 -0.184595 0.501497 1.951231
Cleaner_FullBody_A.dds
24 -0.241599 -0.058533 1.427092 -0.193831 -1.264107 -0.194574 0.941185 1.637310
4 -0.204001 -0.020760 1.357494 -0.898842 -0.797144 -0.479626 0.929517 1.608754
4 -0.199564 -0.070360 1.446424 -0.655599 -1.099213 0.187926 0.914545 1.645923
Cleaner_FullBody_A.dds
2 -0.005236 -0.168118 1.112400 0.023577 -1.293335 -0.011086 0.746820 1.526736
2 0.103242 -0.140998 1.034657 0.418666 -1.223963 0.005425 0.658490 1.480869
2 0.121829 -0.116752 1.123420 0.720735 -1.070326 0.091320 0.645149 1.526857
Cleaner_FullBody_A.dds
80 -0.138022 0.152222 0.072926 0.222540 1.273741 -0.038142 0.126406 1.119966
79 -0.209832 0.135011 0.245246 -0.860307 0.963386 0.071791 0.054181 1.191259
79 -0.129018 0.144413 0.388658 0.169648 1.272533 0.158978 0.112016 1.242579
Cleaner_FullBody_A.dds
80 -0.106369 0.131031 0.067957 0.993980 0.827851 0.007875 0.145184 1.118187
80 -0.087470 0.099943 0.030353 0.848895 0.473750 -0.853425 0.167808 1.106169
80 -0.106360 0.129169 0.034412 0.501943 0.781950 -0.900002 0.145299 1.106183
Cleaner_FullBody_A.dds
83 0.055840 0.094928 0.385314 -1.111216 0.662255 -0.003511 0.337835 1.230484
83 0.128638 0.144413 0.388658 -0.181049 1.276295 0.108112 0.397501 1.242966
83 0.102077 0.115794 0.236373 -0.924974 0.903681 -0.034322 0.379998 1.189080
Cleaner_FullBody_A.dds
84 0.103516 0.131031 0.067957 -0.955400 0.872075 0.009554 0.381631 1.124882
84 0.106024 0.129169 0.034412 -0.425733 0.782846 -0.937709 0.383072 1.107616
84 0.080852 0.099943 0.027543 -0.799110 0.543986 -0.859591 0.354793 1.107594
Cleaner_FullBody_A.dds
82 0.215651 -0.024037 0.802543 1.291470 -0.072519 0.015514 0.535952 1.393655
82 0.181264 0.089170 0.854990 1.091073 0.694850 -0.011777 0.425450 1.417285
82 0.216390 -0.029487 0.906258 1.287917 -0.091479 0.079352 0.529665 1.430753
Cleaner_FullBody_A.dds
50 0.527295 0.009258 1.056308 0.675092 -0.375007 -1.037794 0.000506 1.755823
69 0.508095 0.023090 0.986657 0.115550 0.512608 -1.182065 0.008430 1.815718
69 0.545184 0.042276 1.008335 0.723809 0.182796 -1.056448 0.008442 1.792368
Cleaner_FullBody_A.dds
69 0.555123 0.031932 1.065675 0.943803 0.776096 0.424626 0.031293 1.774251
50 0.455337 0.029826 1.267810 1.077839 -0.044963 0.713888 0.224693 1.750883
69 0.563219 -0.014313 1.080631 1.020128 -0.213019 0.766393 0.031177 1.751052
Cleaner_FullBody_A.dds
78 -0.014538 -0.009490 0.644676 1.281861 -0.054189 -0.165197 0.753604 1.334197
78 -0.000826 -0.088984 0.833344 0.001458 -1.135881 -0.619006 0.751109 1.392649
78 -0.038302 -0.119997 0.761940 0.711197 -1.063754 -0.189793 0.792108 1.376161
Cleaner_FullBody_A.dds
2 -0.000826 -0.013387 0.834197 0.687638 0.512125 -0.968648 0.749565 1.374918
82 0.013578 -0.009491 0.644676 -1.277631 0.035878 -0.199415 0.743450 1.336603
78 -0.000826 -0.088984 0.833344 0.001458 -1.135881 -0.619006 0.751109 1.392649
Cleaner_FullBody_A.dds
2 -0.120884 -0.125853 1.119696 -0.763640 -1.037668 0.116161 0.832294 1.524992
2 -0.167882 -0.063900 1.128601 -1.132129 -0.609340 0.142773 0.909844 1.524870
2 -0.172017 -0.100073 1.053795 -1.045222 -0.728026 0.225577 0.874912 1.479771
Cleaner_FullBody_A.dds
78 -0.217322 -0.017197 0.802627 -1.291970 -0.021424 0.061238 -0.053630 1.390721
78 -0.219721 -0.019142 0.907013 -1.292782 0.000728 0.045929 -0.050562 1.428076
78 -0.170429 0.091858 0.857496 -1.051040 0.754098 0.006826 0.067347 1.410356
Cleaner_FullBody_A.dds
83 0.165630 0.036951 0.193617 -0.072153 -0.300633 -1.256109 0.521227 1.100770
84 0.224899 -0.027970 0.055598 0.893521 -0.622587 -0.698142 0.593092 1.108092
84 0.173890 -0.062065 0.070893 -0.266662 0.271251 -1.236410 0.632506 1.108455
Cleaner_FullBody_A.dds
82 0.225929 0.006275 0.598249 1.285792 -0.083598 -0.114656 0.542394 1.320213
82 0.169091 -0.071876 0.551365 1.065262 -0.708457 -0.191571 0.642689 1.304950
82 0.207221 0.018048 0.541089 1.285914 -0.013171 -0.140171 0.546839 1.301016
Cleaner_FullBody_A.dds
83 0.070078 -0.033051 0.457073 -0.932456 -0.823925 -0.353653 0.702194 1.269378
82 0.087301 -0.065146 0.478075 -0.617150 -1.056421 -0.420113 0.684052 1.276258
82 0.076965 -0.075835 0.533787 -0.767246 -0.982506 -0.345558 0.687196 1.298754
Cleaner_FullBody_A.dds
79 -0.236014 0.039870 0.386304 -1.284619 0.035736 0.147891 -0.045620 1.241737
79 -0.217593 0.027033 0.505467 -1.277558 -0.014890 0.202534 -0.053367 1.284380
79 -0.198665 0.118056 0.386192 -0.941996 0.859413 0.217825 0.047300 1.241697
Cleaner_FullBody_A.dds
82 0.043837 0.001258 0.482369 -1.255065 -0.189355 -0.249703 0.254847 1.278971
83 0.050081 0.043913 0.505468 -1.214862 0.443864 -0.022165 0.306117 1.295454
83 0.056226 0.004923 0.329648 -1.234695 -0.370627 -0.107509 0.254651 1.224425
Cleaner_FullBody_A.dds
82 0.031514 0.045278 0.647298 -1.127229 0.620815 -0.131676 0.307133 1.337023
82 0.013578 -0.009491 0.644676 -1.277631 0.035878 -0.199415 0.254818 1.337069
2 0.009907 0.047974 0.815659 -1.161379 0.437153 -0.365363 0.299749 1.381812
Cleaner_FullBody_A.dds
79 -0.065513 0.056679 0.220521 1.245382 0.340673 -0.079757 0.198223 1.182410
79 -0.059685 0.088419 0.385127 1.154197 0.584126 0.004580 0.165489 1.241316
79 -0.058062 0.004923 0.329648 1.236022 -0.370434 -0.091772 0.250608 1.221462
Cleaner_FullBody_A.dds
78 -0.045840 0.063119 0.616769 1.103449 0.637712 -0.221632 0.187096 1.324211
2 -0.000826 -0.013387 0.834197 0.687638 0.512125 -0.968648 0.255087 1.392862
78 -0.014538 -0.009490 0.644676 1.281861 -0.054189 -0.165197 0.250942 1.334197
Cleaner_FullBody_A.dds
82 0.178618 0.086419 0.585811 0.406934 1.199593 0.262253 0.439291 1.314441
83 0.125257 0.130199 0.499008 -0.166379 1.170466 0.525093 0.395724 1.282496
83 0.128693 0.104865 0.524584 -0.351905 1.109176 0.565054 0.399197 1.292093
Cleaner_FullBody_A.dds
82 0.031514 0.045278 0.647298 -1.127229 0.620815 -0.131676 0.307133 1.337023
82 0.071098 0.104469 0.583313 -0.655831 1.067531 -0.321959 0.361087 1.313050
82 0.050231 0.044300 0.556053 -1.140232 0.576850 -0.201272 0.311107 1.311114
Cleaner_FullBody_A.dds
78 -0.195361 0.086545 0.576720 -0.671803 1.092083 -0.171557 0.076604 1.309879
79 -0.129073 0.087892 0.532339 -0.193243 1.268815 0.161746 0.110004 1.298135
79 -0.176293 0.090574 0.532736 -0.835736 0.984097 0.080586 0.046234 1.294139
Cleaner_FullBody_A.dds
78 -0.060727 0.071716 0.556053 1.025541 0.783066 -0.092024 0.172787 1.302483
79 -0.082002 0.100060 0.541508 0.550530 1.165758 0.106399 0.151072 1.297278
79 -0.086405 0.078953 0.593017 0.746194 1.056503 0.019770 0.149292 1.315711
Cleaner_FullBody_A.dds
2 -0.167882 -0.063900 1.128601 -1.132129 -0.609340 0.142773 0.909844 1.524870
2 -0.120884 -0.125853 1.119696 -0.763640 -1.037668 0.116161 0.832294 1.524992
2 -0.140748 -0.104572 1.168398 -0.973765 -0.849308 -0.062072 0.861311 1.545863
Cleaner_FullBody_A.dds
4 -0.128313 -0.102103 1.455501 -0.379425 -1.085446 0.592654 0.855089 1.645283
4 -0.057628 -0.091184 1.500451 0.206918 -0.990020 0.806499 0.800426 1.667803
4 -0.139195 -0.070328 1.499774 -0.405648 -1.034187 0.662799 0.865513 1.669176
Cleaner_FullBody_A.dds
4 0.175630 0.081493 1.297249 1.075960 0.529548 -0.485061 0.556150 1.907453
2 0.156316 0.057535 1.174634 1.073837 0.707490 -0.140455 0.573107 1.950340
4 0.157947 0.110833 1.298537 0.766098 0.894101 -0.535791 0.589974 1.916918
Cleaner_FullBody_A.dds
4 0.117273 0.156099 1.355106 0.242051 1.223388 -0.343699 0.627119 1.886946
2 0.095045 0.114325 1.170064 0.467397 1.198170 -0.139015 0.660673 1.951863
4 0.002472 0.139407 1.276472 0.020488 1.266446 -0.262851 0.751131 1.903725
Cleaner_FullBody_A.dds
4 0.002546 0.076454 1.613530 -0.055543 -0.512198 -1.186576 0.751067 1.754571
4 0.042979 0.061583 1.611139 0.845708 0.314037 -0.927122 0.715947 1.749553
4 0.057259 0.063239 1.644996 -0.205270 -0.862288 0.942189 0.710352 1.754909
Cleaner_FullBody_A.dds
4 -0.074716 0.015558 1.586945 0.914494 -0.507746 0.761111 0.811129 1.719642
4 -0.070102 0.053287 1.603418 0.581873 -0.880271 0.748292 0.798208 1.738021
4 -0.081042 0.041839 1.632538 0.803145 -0.656292 0.773068 0.821146 1.742988
Cleaner_FullBody_A.dds
4 -0.034586 -0.044456 1.538586 -0.223456 -1.039082 0.737409 0.779421 1.688182
4 -0.055479 -0.018517 1.556703 -0.512254 -0.926372 0.743523 0.790717 1.695351
4 -0.072989 -0.023204 1.558566 0.575247 -0.656821 0.954501 0.798791 1.694060
Cleaner_FullBody_A.dds
49 0.380855 0.129033 1.255038 0.071450 1.258645 -0.290007 0.291911 1.793921
50 0.365440 0.076544 1.181788 -0.639262 0.829449 -0.759442 0.223059 1.815900
50 0.330451 0.092281 1.230210 -0.815307 0.644896 -0.769921 0.285497 1.815525
Cleaner_FullBody_A.dds
49 0.205568 0.153175 1.454659 0.578023 1.151230 0.118128 0.579024 1.823905
4 0.201851 0.110917 1.362427 0.700923 0.859827 -0.665433 0.542062 1.858538
4 0.170856 0.148888 1.355705 0.554921 1.082859 -0.439174 0.597355 1.874668
Cleaner_FullBody_A.dds
4 -0.206931 0.035028 1.301737 -1.162680 0.055153 -0.564383 0.997928 1.898787
4 -0.225854 0.112339 1.358170 0.297370 1.028652 -0.725838 0.985996 1.818004
4 -0.218640 0.113441 1.368870 -0.543989 1.057155 -0.509799 0.960417 1.816331
Cleaner_FullBody_A.dds
2 0.121829 -0.116752 1.123420 0.720735 -1.070326 0.091320 0.645149 1.526857
2 0.087186 -0.136144 1.161732 0.522637 -1.181863 -0.058701 0.682100 1.546431
2 -0.005236 -0.168118 1.112400 0.023577 -1.293335 -0.011086 0.746820 1.526736
Cleaner_FullBody_A.dds
4 0.087696 -0.145873 1.275596 0.455848 -1.209947 -0.040329 0.674538 1.567020
4 0.171936 -0.097574 1.297361 0.959887 -0.863196 -0.083101 0.602418 1.579125
4 0.105191 -0.137157 1.386383 0.382004 -1.211964 0.242095 0.664109 1.611504
Cleaner_FullBody_A.dds
78 -0.038302 -0.119997 0.761940 0.711197 -1.063754 -0.189793 0.792108 1.376161
78 -0.024105 -0.121304 0.879762 0.225064 -1.178539 -0.483515 0.759161 1.418324
78 -0.109506 -0.131158 0.899484 -0.097162 -1.280591 -0.155049 0.835311 1.425382
Cleaner_FullBody_A.dds
78 -0.195567 -0.091052 0.762891 -1.048835 -0.755695 -0.047593 0.906545 1.376501
78 -0.226363 0.006275 0.589278 -1.281006 -0.122878 -0.131603 0.942023 1.314373
79 -0.190174 -0.071876 0.551365 -1.015517 -0.769788 -0.222594 0.907611 1.300805
Cleaner_FullBody_A.dds
4 0.065812 0.101375 1.596630 0.387046 1.059086 0.633978 0.682421 1.783600
4 0.062343 0.090276 1.625083 0.642935 0.909728 0.657590 0.699545 1.768307
4 0.088563 0.084855 1.589726 0.752193 0.536356 0.905496 0.651880 1.762021
Cleaner_FullBody_A.dds
49 0.269601 0.111232 1.477993 0.753379 0.773455 0.712449 0.506016 1.775311
49 0.343849 0.042787 1.411835 1.056118 -0.052423 0.745160 0.431864 1.752527
49 0.406653 0.099566 1.294317 0.870169 0.765959 0.574027 0.287113 1.775225
Cleaner_FullBody_A.dds
50 0.395946 -0.012135 1.302670 0.709501 -0.936977 0.540442 0.283035 1.733267
49 0.343849 0.042787 1.411835 1.056118 -0.052423 0.745160 0.431864 1.752527
49 0.262421 -0.028782 1.476740 0.779193 -0.848465 0.588524 0.517549 1.723543
Cleaner_FullBody_A.dds
50 0.455337 0.029826 1.267810 1.077839 -0.044963 0.713888 0.224693 1.750883
69 0.555123 0.031932 1.065675 0.943803 0.776096 0.424626 0.031293 1.774251
50 0.444029 0.088680 1.241080 0.828552 0.966972 0.227731 0.224733 1.773674
Cleaner_FullBody_A.dds
79 -0.064280 0.043913 0.505468 1.184197 0.498068 -0.151665 0.189665 1.284381
79 -0.045526 0.001258 0.482369 1.254488 -0.056022 -0.310670 0.250731 1.276114
79 -0.058062 0.004923 0.329648 1.236022 -0.370434 -0.091772 0.250608 1.221462
Cleaner_FullBody_A.dds
83 0.056226 0.004923 0.329648 -1.234695 -0.370627 -0.107509 0.254651 1.224425
83 0.050081 0.043913 0.505468 -1.214862 0.443864 -0.022165 0.306117 1.295454
83 0.055840 0.094928 0.385314 -1.111216 0.662255 -0.003511 0.337835 1.230484
Cleaner_FullBody_A.dds
84 0.117182 -0.054821 0.101736 -0.905842 -0.922477 0.043390 0.676459 1.125735
84 0.080378 0.018957 0.070078 -1.259352 -0.225051 -0.191778 0.744604 1.123604
84 0.087324 0.015382 0.036838 -1.027677 -0.397484 -0.677703 0.742508 1.108246
Cleaner_FullBody_A.dds
84 0.176744 -0.072710 0.109892 0.560909 -1.125203 0.304457 0.632891 1.125887
84 0.224899 -0.027970 0.055598 0.893521 -0.622587 -0.698142 0.593092 1.108092
84 0.219547 -0.026438 0.094826 1.099572 -0.669841 0.125103 0.594151 1.125379
Cleaner_FullBody_A.dds
84 0.128509 -0.075413 0.067290 -0.365399 -0.823098 -0.928649 0.669695 1.108407
84 0.185292 -0.082658 0.073404 0.383650 -0.937423 -0.804640 0.639451 1.108523
84 0.176744 -0.072710 0.109892 0.560909 -1.125203 0.304457 0.632891 1.125887
Cleaner_FullBody_A.dds
2 -0.000826 -0.116184 0.871373 -0.006263 -1.081453 -0.709799 0.742711 1.418488
2 0.017662 -0.126370 0.887032 -0.224552 -1.168125 -0.508385 0.726239 1.422875
2 -0.000826 -0.142211 0.914718 -0.000584 -1.225600 -0.413884 0.739683 1.436196
Cleaner_FullBody_A.dds
2 0.001512 0.166837 0.968562 -0.004329 1.291764 0.068724 0.249003 1.451471
2 0.001849 0.135779 1.076980 0.036260 1.277726 0.198740 0.249151 1.498513
2 0.101955 0.152975 0.974121 0.513263 1.176296 0.162123 0.360541 1.452030
Cleaner_FullBody_A.dds
80 -0.246001 0.047406 0.074572 -1.292031 -0.046743 0.043210 0.971194 1.118156
80 -0.242559 0.040878 0.039232 -0.828788 0.251831 -0.960774 0.968003 1.106444
80 -0.228795 -0.017716 0.051502 -1.208373 -0.461246 -0.021942 0.950781 1.106512
Cleaner_FullBody_A.dds
80 -0.128912 -0.075413 0.067290 0.790337 -0.838578 -0.587835 0.863184 1.107056
80 -0.174367 -0.070802 0.109892 -0.283115 -1.197157 0.400070 0.901389 1.118885
80 -0.175687 -0.088266 0.073404 -0.128437 -1.106463 -0.657753 0.893351 1.107097
Cleaner_FullBody_A.dds
23 -0.208318 0.040551 1.547215 -0.519294 -0.071820 1.182612 0.923455 1.755563
4 -0.217174 0.110382 1.526006 -0.484287 0.836949 0.859289 0.931148 1.778437
24 -0.264926 0.096079 1.506513 -0.673564 0.758271 0.802952 0.951695 1.777575
Cleaner_FullBody_A.dds
82 0.137864 -0.087723 0.487172 0.273287 -1.207369 -0.375459 0.651820 1.282139
82 0.181318 -0.045450 0.489836 1.025902 -0.779409 -0.115940 0.610179 1.285315
82 0.135603 -0.105560 0.542564 0.236841 -1.241722 -0.274643 0.659890 1.302520
Cleaner_FullBody_A.dds
79 -0.135319 -0.109804 0.542564 -0.087224 -1.250662 -0.318797 0.866973 1.297656
79 -0.190174 -0.071876 0.551365 -1.015517 -0.769788 -0.222594 0.907611 1.300805
79 -0.182442 -0.063419 0.500873 -1.003494 -0.783313 -0.229818 0.910864 1.282736
Cleaner_FullBody_A.dds
50 0.527295 0.009258 1.056308 0.675092 -0.375007 -1.037794 0.000506 1.755823
69 0.578055 0.024735 1.037656 1.119759 0.640877 -0.093874 0.008481 1.774310
69 0.584268 -0.019428 1.052764 1.061221 -0.322056 -0.665947 0.008510 1.750949
Cleaner_FullBody_A.dds
50 0.527295 0.009258 1.056308 0.675092 -0.375007 -1.037794 0.000506 1.755823
69 0.584268 -0.019428 1.052764 1.061221 -0.322056 -0.665947 0.008510 1.750949
69 0.559666 -0.064319 1.047952 0.902867 -0.911541 0.165284 0.008534 1.733394
Cleaner_FullBody_A.dds
2 -0.000826 -0.013387 0.834197 0.687638 0.512125 -0.968648 0.258703 1.381402
2 -0.000826 0.073126 0.838927 0.049542 0.224154 -1.273065 0.267136 1.391039
2 0.009907 0.047974 0.815659 -1.161379 0.437153 -0.365363 0.299749 1.381812
Cleaner_FullBody_A.dds
69 0.472753 -0.013953 1.022644 -1.073384 -0.032763 -0.721227 0.031425 1.662947
69 0.494146 -0.018766 0.991095 -0.317981 -0.094247 -1.250360 0.008483 1.662984
69 0.493631 -0.058679 1.001005 -0.489336 -0.768490 -0.918351 0.008537 1.683577
Cleaner_FullBody_A.dds
50 0.365440 0.076544 1.181788 -0.639262 0.829449 -0.759442 0.223059 1.815900
69 0.487502 0.030210 1.016420 -0.856875 0.586903 -0.771172 0.031252 1.816979
69 0.469379 -0.010826 1.027265 -1.047115 -0.043823 -0.758304 0.036779 1.834729
Cleaner_FullBody_A.dds
4 -0.074716 0.015558 1.586945 0.914494 -0.507746 0.761111 0.811129 1.719642
4 -0.069606 0.022620 1.589175 -1.121504 -0.437793 0.473246 0.801715 1.719209
4 -0.070102 0.053287 1.603418 0.581873 -0.880271 0.748292 0.798208 1.738021
Cleaner_FullBody_A.dds
83 0.185029 0.137502 0.228919 0.535118 1.175822 0.066975 0.423731 1.186072
83 0.196094 0.111798 0.386191 0.925054 0.881168 0.203008 0.459892 1.242696
83 0.222475 0.113609 0.193711 1.067535 0.729153 0.045836 0.480799 1.174202
Cleaner_FullBody_A.dds
83 0.128638 0.144413 0.388658 -0.181049 1.276295 0.108112 0.397501 1.242966
83 0.125257 0.130199 0.499008 -0.166379 1.170466 0.525093 0.395724 1.282496
83 0.156890 0.112551 0.496859 0.881219 0.936590 0.140171 0.416530 1.282060
Cleaner_FullBody_A.dds
79 -0.236014 0.039870 0.386304 -1.284619 0.035736 0.147891 -0.045620 1.241737
79 -0.209832 0.135011 0.245246 -0.860307 0.963386 0.071791 0.054181 1.191259
79 -0.245630 0.041726 0.258530 -1.290020 -0.091365 0.029940 -0.036049 1.196012
Cleaner_FullBody_A.dds
79 -0.129018 0.144413 0.388658 0.169648 1.272533 0.158978 0.112016 1.242579
79 -0.186043 0.101543 0.496859 -0.584771 1.065886 0.441955 0.046400 1.281300
79 -0.125637 0.113506 0.499008 -0.143816 1.151913 0.570797 0.114485 1.286208
Cleaner_FullBody_A.dds
2 -0.115361 0.150309 0.967528 -0.495208 1.188900 0.121168 0.116939 1.451102
78 -0.170429 0.091858 0.857496 -1.051040 0.754098 0.006826 0.067347 1.410356
2 -0.181680 0.085586 1.010286 -1.054659 0.729364 0.170637 0.055852 1.472243
Cleaner_FullBody_A.dds
82 0.216390 -0.029487 0.906258 1.287917 -0.091479 0.079352 0.529665 1.430753
2 0.196301 -0.000149 1.063947 1.264321 0.073163 0.263697 0.510678 1.499410
2 0.167475 -0.094304 1.063456 1.030601 -0.752567 0.211897 0.586391 1.494637
Cleaner_FullBody_A.dds
2 0.185257 0.004300 1.177664 1.267220 0.182954 -0.184595 0.510846 1.549465
4 0.197396 -0.044472 1.286154 1.246442 -0.329123 -0.107029 0.556653 1.575667
2 0.164503 -0.065553 1.172112 1.175463 -0.528234 -0.112476 0.561700 1.546371
Cleaner_FullBody_A.dds
4 -0.170262 -0.091998 1.288876 -0.973804 -0.847875 -0.078803 0.896834 1.576813
2 -0.169291 -0.064018 1.174762 -1.160612 -0.560176 -0.112156 0.914576 1.543695
2 -0.140748 -0.104572 1.168398 -0.973765 -0.849308 -0.062072 0.861311 1.545863
Cleaner_FullBody_A.dds
2 -0.169291 -0.064018 1.174762 -1.160612 -0.560176 -0.112156 0.914576 1.543695
4 -0.170262 -0.091998 1.288876 -0.973804 -0.847875 -0.078803 0.896834 1.576813
4 -0.201195 -0.046856 1.296964 -1.223627 -0.413345 -0.072657 0.935986 1.589248
Cleaner_FullBody_A.dds
24 -0.253413 -0.029637 1.495445 -0.584733 -0.912492 0.706286 0.958306 1.679939
24 -0.214302 -0.018097 1.522864 -0.483491 -0.594867 1.042001 0.933304 1.707149
24 -0.277913 0.040242 1.511133 -0.818260 -0.140157 0.992069 0.954476 1.755615
Cleaner_FullBody_A.dds
83 0.165630 0.036951 0.193617 -0.072153 -0.300633 -1.256109 0.521227 1.100770
84 0.142295 0.149078 0.034579 -0.032897 0.297394 -1.258519 0.407782 1.107613
84 0.172520 0.145213 0.035583 0.300684 0.907027 -0.871944 0.421963 1.107629
Cleaner_FullBody_A.dds
79 -0.162691 0.036951 0.193617 -0.010805 -0.101085 -1.289597 -0.023628 1.098996
80 -0.199376 0.130715 0.034924 -0.339164 0.854154 -0.910376 0.061715 1.106367
80 -0.142630 0.149054 0.034579 0.025644 0.289419 -1.260545 0.123472 1.106243
Cleaner_FullBody_A.dds
2 0.103242 -0.140998 1.034657 0.418666 -1.223963 0.005425 0.658490 1.480869
2 -0.005236 -0.168118 1.112400 0.023577 -1.293335 -0.011086 0.746820 1.526736
2 -0.000078 -0.156902 0.997989 0.012071 -1.281610 -0.175288 0.737734 1.467116
Cleaner_FullBody_A.dds
78 -0.170429 0.091858 0.857496 -1.051040 0.754098 0.006826 0.067347 1.410356
2 -0.115361 0.150309 0.967528 -0.495208 1.188900 0.121168 0.116939 1.451102
2 -0.125777 0.130969 0.824071 -0.447400 1.187228 -0.252426 0.113648 1.402982
Cleaner_FullBody_A.dds
4 -0.174811 0.094231 1.299627 -0.833891 0.874254 -0.462278 0.913319 1.897893
2 -0.146555 0.082090 1.174702 -0.900749 0.926838 -0.054937 0.903408 1.956510
2 -0.175179 0.047251 1.176452 -1.146846 0.590945 -0.094456 0.950683 1.956136
Cleaner_FullBody_A.dds
4 -0.092677 0.085856 1.591124 -0.668022 0.570601 0.949504 0.850511 1.768941
4 -0.063179 0.086136 1.622501 -0.587784 0.927980 0.683198 0.804548 1.767275
4 -0.062633 0.100976 1.595479 -0.327128 1.063899 0.659168 0.828313 1.781132
Cleaner_FullBody_A.dds
4 0.002546 0.076454 1.613530 -0.055543 -0.512198 -1.186576 0.751067 1.754571
4 0.001795 0.085993 1.646634 -0.062492 -0.844986 0.977491 0.752054 1.759026
4 -0.059431 0.065543 1.640692 0.253829 -0.833470 0.956187 0.797662 1.754416
Cleaner_FullBody_A.dds
4 -0.017725 -0.130764 1.433497 0.277117 -1.055522 0.694604 0.764387 1.629115
4 -0.057628 -0.091184 1.500451 0.206918 -0.990020 0.806499 0.800426 1.667803
4 -0.128313 -0.102103 1.455501 -0.379425 -1.085446 0.592654 0.855089 1.645283
Cleaner_FullBody_A.dds
4 -0.115666 -0.062564 1.528022 -0.444996 -0.950058 0.756812 0.850791 1.675909
4 -0.139195 -0.070328 1.499774 -0.405648 -1.034187 0.662799 0.865513 1.669176
4 -0.057628 -0.091184 1.500451 0.206918 -0.990020 0.806499 0.800426 1.667803
Cleaner_FullBody_A.dds
80 -0.080976 0.015191 0.041320 1.026467 -0.139899 -0.774719 0.752764 1.110094
80 -0.082001 0.018957 0.070925 1.261958 -0.278071 -0.059443 0.752018 1.122392
80 -0.128912 -0.075413 0.067290 0.790337 -0.838578 -0.587835 0.863184 1.107056
Cleaner_FullBody_A.dds
80 -0.174367 -0.070802 0.109892 -0.283115 -1.197157 0.400070 0.901389 1.118885
80 -0.128912 -0.075413 0.067290 0.790337 -0.838578 -0.587835 0.863184 1.107056
80 -0.119859 -0.056976 0.101736 0.833293 -0.983801 0.105611 0.855232 1.119128
Cleaner_FullBody_A.dds
84 0.087324 0.015382 0.036838 -1.027677 -0.397484 -0.677703 0.742508 1.108246
84 0.128509 -0.075413 0.067290 -0.365399 -0.823098 -0.928649 0.669695 1.108407
84 0.117182 -0.054821 0.101736 -0.905842 -0.922477 0.043390 0.676459 1.125735
Cleaner_FullBody_A.dds
84 0.176744 -0.072710 0.109892 0.560909 -1.125203 0.304457 0.632891 1.125887
84 0.117182 -0.054821 0.101736 -0.905842 -0.922477 0.043390 0.676459 1.125735
84 0.128509 -0.075413 0.067290 -0.365399 -0.823098 -0.928649 0.669695 1.108407
Cleaner_FullBody_A.dds
84 0.219528 0.102212 0.078141 1.089979 0.687406 -0.113200 0.482685 1.125086
84 0.249646 0.042441 0.085714 1.293407 0.018877 -0.011665 0.524822 1.125298
84 0.244737 0.035912 0.041666 0.855736 0.251193 -0.937024 0.523795 1.107833
Cleaner_FullBody_A.dds
84 0.244737 0.035912 0.041666 0.855736 0.251193 -0.937024 0.523795 1.107833
84 0.249646 0.042441 0.085714 1.293407 0.018877 -0.011665 0.524822 1.125298
84 0.224899 -0.027970 0.055598 0.893521 -0.622587 -0.698142 0.593092 1.108092
Cleaner_FullBody_A.dds
83 0.152723 -0.060697 0.320827 -0.328620 -1.249955 -0.054920 0.644430 1.222285
83 0.070078 -0.033051 0.457073 -0.932456 -0.823925 -0.353653 0.702194 1.269378
83 0.056226 0.004923 0.329648 -1.234695 -0.370627 -0.107509 0.748929 1.224425
Cleaner_FullBody_A.dds
82 0.041693 -0.119068 0.752955 -0.718651 -1.051189 -0.227897 0.711618 1.376955
78 -0.000826 -0.088984 0.833344 0.001458 -1.135881 -0.619006 0.751109 1.392649
82 0.013578 -0.009491 0.644676 -1.277631 0.035878 -0.199415 0.743450 1.336603
Cleaner_FullBody_A.dds
79 -0.058062 0.004923 0.329648 1.236022 -0.370434 -0.091772 0.754467 1.221462
79 -0.045526 0.001258 0.482369 1.254488 -0.056022 -0.310670 0.749070 1.276114
79 -0.076627 -0.033051 0.448798 0.917620 -0.827302 -0.383328 0.798196 1.264101
Cleaner_FullBody_A.dds
79 -0.039464 -0.040148 0.527217 1.151973 -0.483536 -0.335480 0.782733 1.292164
78 -0.014538 -0.009490 0.644676 1.281861 -0.054189 -0.165197 0.753604 1.334197
78 -0.038302 -0.119997 0.761940 0.711197 -1.063754 -0.189793 0.792108 1.376161
Cleaner_FullBody_A.dds
69 0.507333 -0.072823 1.058013 -0.131401 -1.253762 0.290191 0.031692 1.712187
50 0.399040 -0.030234 1.243945 -0.000325 -1.260002 0.292900 0.233913 1.712695
69 0.426516 -0.043164 1.119656 -0.780905 -0.976293 -0.332317 0.153933 1.690452
Cleaner_FullBody_A.dds
50 0.340691 -0.018874 1.253141 -0.484388 -1.153424 -0.329208 0.249389 1.686593
49 0.336498 -0.038441 1.326699 0.313638 -1.254997 0.002985 0.341966 1.713805
49 0.231004 -0.050888 1.431307 0.340541 -1.231947 -0.199337 0.507371 1.707987
Cleaner_FullBody_A.dds
2 -0.000826 -0.013387 0.834197 0.687638 0.512125 -0.968648 0.255087 1.392862
78 -0.045840 0.063119 0.616769 1.103449 0.637712 -0.221632 0.187096 1.324211
2 -0.011079 0.047974 0.815659 1.198323 0.294062 -0.388517 0.235260 1.389039
Cleaner_FullBody_A.dds
78 -0.058236 0.101582 0.643368 0.742980 0.975738 -0.411474 0.161356 1.333729
78 -0.045840 0.063119 0.616769 1.103449 0.637712 -0.221632 0.187096 1.324211
79 -0.086405 0.078953 0.593017 0.746194 1.056503 0.019770 0.149292 1.315711
Cleaner_FullBody_A.dds
2 -0.000826 -0.013387 0.834197 0.687638 0.512125 -0.968648 0.260790 1.375182
2 0.009907 0.047974 0.815659 -1.161379 0.437153 -0.365363 0.299749 1.381812
82 0.013578 -0.009491 0.644676 -1.277631 0.035878 -0.199415 0.254818 1.337069
Cleaner_FullBody_A.dds
82 0.067468 0.085669 0.663051 -0.880428 0.944893 -0.073614 0.349580 1.342052
82 0.071098 0.104469 0.583313 -0.655831 1.067531 -0.321959 0.361087 1.313050
82 0.031514 0.045278 0.647298 -1.127229 0.620815 -0.131676 0.307133 1.337023
Cleaner_FullBody_A.dds
69 0.426516 -0.043164 1.119656 -0.780905 -0.976293 -0.332317 0.153933 1.690452
69 0.477145 -0.051743 1.028249 -1.010841 -0.644426 -0.486119 0.031489 1.692071
69 0.507333 -0.072823 1.058013 -0.131401 -1.253762 0.290191 0.031692 1.712187
Cleaner_FullBody_A.dds
50 0.527295 0.009258 1.056308 0.675092 -0.375007 -1.037794 0.000506 1.755823
69 0.523862 -0.084066 1.027110 0.500725 -0.859873 -0.826613 0.008543 1.710494
69 0.493631 -0.058679 1.001005 -0.489336 -0.768490 -0.918351 0.008537 1.683577
Cleaner_FullBody_A.dds
49 0.204376 -0.015523 1.520112 0.462471 -0.653108 1.016349 0.572999 1.713300
49 0.187440 -0.043109 1.500588 0.420691 -0.969049 0.746565 0.596732 1.678303
49 0.246064 -0.033162 1.490971 0.541116 -0.966989 0.667473 0.560717 1.686216
Cleaner_FullBody_A.dds
80 -0.080976 0.015191 0.041320 1.026467 -0.139899 -0.774719 0.249399 1.110094
80 -0.085317 0.096282 0.058383 1.254795 0.312481 -0.035210 0.170375 1.116200
80 -0.082001 0.018957 0.070925 1.261958 -0.278071 -0.059443 0.249382 1.120688
Cleaner_FullBody_A.dds
80 -0.087470 0.099943 0.030353 0.848895 0.473750 -0.853425 0.167808 1.106169
80 -0.106369 0.131031 0.067957 0.993980 0.827851 0.007875 0.145184 1.118187
80 -0.085317 0.096282 0.058383 1.254795 0.312481 -0.035210 0.170375 1.116200
Cleaner_FullBody_A.dds
84 0.087324 0.015382 0.036838 -1.027677 -0.397484 -0.677703 0.255324 1.107575
84 0.080378 0.018957 0.070078 -1.259352 -0.225051 -0.191778 0.255395 1.125042
84 0.080135 0.095985 0.058383 -1.265759 0.260883 -0.056466 0.355376 1.124815
Cleaner_FullBody_A.dds
84 0.080852 0.099943 0.027543 -0.799110 0.543986 -0.859591 0.354793 1.107594
84 0.080135 0.095985 0.058383 -1.265759 0.260883 -0.056466 0.355376 1.124815
84 0.103516 0.131031 0.067957 -0.955400 0.872075 0.009554 0.381631 1.124882
Cleaner_FullBody_A.dds
2 -0.000826 -0.013387 0.834197 0.687638 0.512125 -0.968648 0.749565 1.374918
78 -0.000826 -0.088984 0.833344 0.001458 -1.135881 -0.619006 0.751109 1.392649
78 -0.014538 -0.009490 0.644676 1.281861 -0.054189 -0.165197 0.753604 1.334197
Cleaner_FullBody_A.dds
2 -0.203104 -0.002343 1.074921 -1.271932 0.018605 0.235027 0.965965 1.496121
2 -0.167882 -0.063900 1.128601 -1.132129 -0.609340 0.142773 0.909844 1.524870
2 -0.190769 0.002905 1.133293 -1.289577 0.016774 0.100530 0.971252 1.525599
Cleaner_FullBody_A.dds
78 -0.209642 0.049831 0.737944 -1.101493 0.664494 0.136220 0.020937 1.367574
78 -0.195361 0.086545 0.576720 -0.671803 1.092083 -0.171557 0.076604 1.309879
78 -0.220068 0.059340 0.583729 -1.165578 0.502196 -0.250244 -0.000326 1.312387
Cleaner_FullBody_A.dds
78 -0.226363 0.006275 0.589278 -1.281006 -0.122878 -0.131603 -0.055284 1.314373
78 -0.217322 -0.017197 0.802627 -1.291970 -0.021424 0.061238 -0.053630 1.390721
78 -0.209642 0.049831 0.737944 -1.101493 0.664494 0.136220 0.020937 1.367574
Cleaner_FullBody_A.dds
82 0.195911 0.038742 0.715053 1.139190 0.607307 0.082581 0.485283 1.371170
82 0.208871 0.060716 0.592279 1.042054 0.765356 0.041839 0.478063 1.315456
82 0.177618 0.070387 0.627149 0.871634 0.949183 0.112701 0.439898 1.329930
Cleaner_FullBody_A.dds
82 0.208871 0.060716 0.592279 1.042054 0.765356 0.041839 0.478063 1.315456
82 0.195911 0.038742 0.715053 1.139190 0.607307 0.082581 0.485283 1.371170
82 0.225929 0.006275 0.598249 1.285792 -0.083598 -0.114656 0.542394 1.320213
Cleaner_FullBody_A.dds
82 0.076612 0.084757 0.550834 -0.630997 1.114157 -0.184096 0.358321 1.301833
82 0.123391 0.093639 0.565374 0.015087 1.253569 -0.318954 0.396366 1.307016
83 0.128693 0.104865 0.524584 -0.351905 1.109176 0.565054 0.399197 1.292093
Cleaner_FullBody_A.dds
83 0.091558 0.097798 0.516694 -0.827063 0.965844 0.237712 0.371940 1.289411
83 0.125257 0.130199 0.499008 -0.166379 1.170466 0.525093 0.395724 1.282496
83 0.128638 0.144413 0.388658 -0.181049 1.276295 0.108112 0.397501 1.242966
Cleaner_FullBody_A.dds
79 -0.082002 0.100060 0.541508 0.550530 1.165758 0.106399 0.151072 1.297278
79 -0.129073 0.087892 0.532339 -0.193243 1.268815 0.161746 0.110004 1.298135
79 -0.121084 0.119346 0.569419 0.160167 1.253584 -0.276169 0.116175 1.307266
Cleaner_FullBody_A.dds
79 -0.091938 0.110148 0.508189 0.657964 1.085616 0.248833 0.138636 1.289493
79 -0.129018 0.144413 0.388658 0.169648 1.272533 0.158978 0.112016 1.242579
79 -0.125637 0.113506 0.499008 -0.143816 1.151913 0.570797 0.114485 1.286208
Cleaner_FullBody_A.dds
2 -0.000078 -0.156902 0.997989 0.012071 -1.281610 -0.175288 0.737734 1.467116
2 -0.114718 -0.142366 1.043161 -0.419927 -1.223530 -0.005483 0.845601 1.483968
2 -0.000826 -0.142211 0.914718 -0.000584 -1.225600 -0.413884 0.739683 1.436196
Cleaner_FullBody_A.dds
49 0.208981 -0.017393 1.362926 -0.038153 -0.957066 -0.869462 0.475934 1.676910
4 0.214104 0.042058 1.315861 -0.389049 -0.090415 -1.230391 0.380195 1.662926
50 0.309425 0.032812 1.236071 -0.957192 -0.194361 -0.848176 0.271552 1.663024
Cleaner_FullBody_A.dds
4 0.214104 0.042058 1.315861 -0.389049 -0.090415 -1.230391 0.474086 1.833787
49 0.243972 0.102388 1.320153 -0.668069 0.845407 -0.715798 0.405057 1.812699
50 0.309425 0.032812 1.236071 -0.957192 -0.194361 -0.848176 0.274828 1.834725
Cleaner_FullBody_A.dds
2 -0.125777 0.130969 0.824071 -0.447400 1.187228 -0.252426 0.113648 1.402982
78 -0.037562 0.116159 0.808460 0.680830 0.889546 -0.646973 0.213417 1.388270
78 -0.140558 0.106949 0.656560 -0.078121 1.291181 -0.012021 0.115406 1.338450
Cleaner_FullBody_A.dds
2 0.002048 0.144677 0.841858 0.020693 1.095494 -0.687649 0.250544 1.407404
2 -0.000826 0.073126 0.838927 0.049542 0.224154 -1.273065 0.249845 1.402292
78 -0.037562 0.116159 0.808460 0.680830 0.889546 -0.646973 0.213417 1.388270
Cleaner_FullBody_A.dds
82 0.140178 0.124245 0.678555 0.231346 1.267773 -0.112366 0.406568 1.357589
82 0.067468 0.085669 0.663051 -0.880428 0.944893 -0.073614 0.349580 1.342052
82 0.047348 0.116707 0.807672 -0.685286 0.875839 -0.660822 0.323115 1.390222
Cleaner_FullBody_A.dds
49 0.380855 0.129033 1.255038 0.071450 1.258645 -0.290007 0.291911 1.793921
49 0.243972 0.102388 1.320153 -0.668069 0.845407 -0.715798 0.405057 1.812699
49 0.237175 0.132796 1.428863 0.242457 1.270319 -0.029984 0.484858 1.795854
Cleaner_FullBody_A.dds
49 0.406653 0.099566 1.294317 0.870169 0.765959 0.574027 0.287113 1.775225
49 0.380855 0.129033 1.255038 0.071450 1.258645 -0.290007 0.291911 1.793921
49 0.237175 0.132796 1.428863 0.242457 1.270319 -0.029984 0.484858 1.795854
Cleaner_FullBody_A.dds
4 0.074600 0.052073 1.637956 -0.675835 -0.710957 0.843317 0.674501 1.739461
4 0.065426 0.054290 1.603899 -0.688906 -0.822371 0.722848 0.700155 1.731314
4 0.068843 0.019036 1.590449 -1.067216 -0.414124 0.602450 0.685137 1.721846
Cleaner_FullBody_A.dds
69 0.563219 -0.014313 1.080631 1.020128 -0.213019 0.766393 0.031177 1.751052
50 0.455337 0.029826 1.267810 1.077839 -0.044963 0.713888 0.224693 1.750883
50 0.426501 -0.014117 1.255244 0.694236 -0.927782 0.575024 0.231494 1.733283
Cleaner_FullBody_A.dds
50 0.455337 0.029826 1.267810 1.077839 -0.044963 0.713888 0.224693 1.750883
50 0.412054 0.041913 1.321091 1.015070 -0.054390 0.800043 0.289958 1.751099
50 0.395946 -0.012135 1.302670 0.709501 -0.936977 0.540442 0.283035 1.733267
Cleaner_FullBody_A.dds
2 0.003154 0.135364 1.169754 0.057878 1.292119 -0.021797 0.743779 1.956543
2 0.001849 0.135779 1.076980 0.036260 1.277726 0.198740 0.750550 1.997979
2 -0.096389 0.121831 1.172855 -0.462020 1.204343 -0.097428 0.834658 1.956494
Cleaner_FullBody_A.dds
2 -0.175179 0.047251 1.176452 -1.146846 0.590945 -0.094456 0.950683 1.956136
4 -0.187319 0.071126 1.292179 -1.001701 0.570011 -0.587433 0.961566 1.885819
4 -0.174811 0.094231 1.299627 -0.833891 0.874254 -0.462278 0.913319 1.897893
Cleaner_FullBody_A.dds
4 -0.130579 0.162361 1.478669 -0.241258 1.253128 0.211804 0.874236 1.822453
4 -0.196513 0.141472 1.367830 -0.630220 0.994866 -0.535218 0.912591 1.867865
4 -0.222487 0.145087 1.439955 -0.536854 1.175806 0.051605 0.943515 1.798838
Cleaner_FullBody_A.dds
84 0.219528 0.102212 0.078141 1.089979 0.687406 -0.113200 0.482685 1.125086
83 0.222475 0.113609 0.193711 1.067535 0.729153 0.045836 0.480799 1.174202
84 0.249646 0.042441 0.085714 1.293407 0.018877 -0.011665 0.524822 1.125298
Cleaner_FullBody_A.dds
84 0.137686 0.152222 0.070509 -0.249295 1.269154 -0.022252 0.404200 1.124920
84 0.184091 0.139671 0.078103 0.713705 1.078232 -0.037905 0.425318 1.125063
84 0.172520 0.145213 0.035583 0.300684 0.907027 -0.871944 0.421963 1.107629
Cleaner_FullBody_A.dds
80 -0.138022 0.152222 0.072926 0.222540 1.273741 -0.038142 0.126406 1.119966
80 -0.199376 0.130715 0.034924 -0.339164 0.854154 -0.910376 0.061715 1.106367
80 -0.204663 0.130988 0.071625 -0.986159 0.831934 -0.093660 0.059841 1.119500
Cleaner_FullBody_A.dds
2 0.126304 0.088890 1.168405 0.858513 0.961621 -0.107863 0.608846 1.951532
4 0.157947 0.110833 1.298537 0.766098 0.894101 -0.535791 0.589974 1.916918
2 0.156316 0.057535 1.174634 1.073837 0.707490 -0.140455 0.573107 1.950340
Cleaner_FullBody_A.dds
4 0.201851 0.110917 1.362427 0.700923 0.859827 -0.665433 0.542062 1.858538
4 0.203632 0.035028 1.316633 0.921167 0.289677 -0.860775 0.515498 1.879604
4 0.175630 0.081493 1.297249 1.075960 0.529548 -0.485061 0.556150 1.907453
Cleaner_FullBody_A.dds
2 0.087186 -0.136144 1.161732 0.522637 -1.181863 -0.058701 0.682100 1.546431
4 0.087696 -0.145873 1.275596 0.455848 -1.209947 -0.040329 0.674538 1.567020
4 -0.001275 -0.162924 1.271448 0.037952 -1.292493 0.037646 0.744392 1.572626
Cleaner_FullBody_A.dds
2 0.002048 0.144677 0.841858 0.020693 1.095494 -0.687649 0.250544 1.407404
2 -0.125777 0.130969 0.824071 -0.447400 1.187228 -0.252426 0.113648 1.402982
2 -0.115361 0.150309 0.967528 -0.495208 1.188900 0.121168 0.116939 1.451102
Cleaner_FullBody_A.dds
2 0.002048 0.144677 0.841858 0.020693 1.095494 -0.687649 0.250544 1.407404
2 0.001512 0.166837 0.968562 -0.004329 1.291764 0.068724 0.249003 1.451471
2 0.101955 0.152975 0.974121 0.513263 1.176296 0.162123 0.360541 1.452030
Cleaner_FullBody_A.dds
4 0.080877 0.057388 1.625073 1.090860 0.374847 0.585585 0.665282 1.742212
4 0.108345 0.045853 1.579820 0.830587 0.066764 0.989477 0.632530 1.744776
4 0.088563 0.084855 1.589726 0.752193 0.536356 0.905496 0.651880 1.762021
Cleaner_FullBody_A.dds
4 0.074600 0.052073 1.637956 -0.675835 -0.710957 0.843317 0.674501 1.739461
4 0.057259 0.063239 1.644996 -0.205270 -0.862288 0.942189 0.710352 1.754909
4 0.065426 0.054290 1.603899 -0.688906 -0.822371 0.722848 0.700155 1.731314
Cleaner_FullBody_A.dds
49 0.243972 0.102388 1.320153 -0.668069 0.845407 -0.715798 0.405057 1.812699
49 0.380855 0.129033 1.255038 0.071450 1.258645 -0.290007 0.291911 1.793921
50 0.330451 0.092281 1.230210 -0.815307 0.644896 -0.769921 0.285497 1.815525
Cleaner_FullBody_A.dds
50 0.309425 0.032812 1.236071 -0.957192 -0.194361 -0.848176 0.274828 1.834725
49 0.243972 0.102388 1.320153 -0.668069 0.845407 -0.715798 0.405057 1.812699
50 0.330451 0.092281 1.230210 -0.815307 0.644896 -0.769921 0.285497 1.815525
Cleaner_FullBody_A.dds
82 0.076965 -0.075835 0.533787 -0.767246 -0.982506 -0.345558 0.687196 1.298754
82 0.041693 -0.119068 0.752955 -0.718651 -1.051189 -0.227897 0.711618 1.376955
82 0.042284 -0.040148 0.527217 -1.148853 -0.504962 -0.313920 0.720353 1.293320
Cleaner_FullBody_A.dds
79 -0.245630 0.041726 0.258530 -1.290020 -0.091365 0.029940 0.960075 1.196012
80 -0.220861 -0.003492 0.084204 -1.185683 -0.478543 0.196337 0.954330 1.118275
79 -0.200645 -0.023978 0.297031 -1.025870 -0.784689 0.072447 0.926163 1.209790
Cleaner_FullBody_A.dds
83 0.191268 -0.034138 0.329911 0.973429 -0.849084 0.069915 0.614794 1.225249
84 0.176744 -0.072710 0.109892 0.560909 -1.125203 0.304457 0.632891 1.125887
84 0.219547 -0.026438 0.094826 1.099572 -0.669841 0.125103 0.594151 1.125379
Cleaner_FullBody_A.dds
83 0.227570 0.036132 0.386304 1.284952 0.034988 0.145152 0.534624 1.244128
83 0.191268 -0.034138 0.329911 0.973429 -0.849084 0.069915 0.614794 1.225249
83 0.240553 0.044524 0.258530 1.274189 -0.198669 0.101827 0.529977 1.198515
Cleaner_FullBody_A.dds
79 -0.076627 -0.033051 0.448798 0.917620 -0.827302 -0.383328 0.798196 1.264101
79 -0.155421 -0.060697 0.322045 0.196053 -1.277621 -0.051416 0.884970 1.218742
79 -0.058062 0.004923 0.329648 1.236022 -0.370434 -0.091772 0.754467 1.221462
Cleaner_FullBody_A.dds
49 0.204376 -0.015523 1.520112 0.462471 -0.653108 1.016349 0.572999 1.713300
49 0.246064 -0.033162 1.490971 0.541116 -0.966989 0.667473 0.560717 1.686216
49 0.270891 0.040724 1.515480 0.744086 -0.112322 1.052195 0.545464 1.755907
Cleaner_FullBody_A.dds
49 0.270891 0.040724 1.515480 0.744086 -0.112322 1.052195 0.545464 1.755907
48 0.203741 0.045226 1.547965 0.529299 -0.014516 1.180266 0.583318 1.755157
49 0.204376 -0.015523 1.520112 0.462471 -0.653108 1.016349 0.572999 1.713300
Cleaner_FullBody_A.dds
79 -0.122387 0.119640 0.591477 0.135754 1.285516 0.049131 0.114218 1.315160
78 -0.195361 0.086545 0.576720 -0.671803 1.092083 -0.171557 0.076604 1.309879
78 -0.181411 0.101405 0.607161 -0.625868 1.128283 0.093067 0.078622 1.320772
Cleaner_FullBody_A.dds
79 -0.121084 0.119346 0.569419 0.160167 1.253584 -0.276169 0.116175 1.307266
79 -0.086405 0.078953 0.593017 0.746194 1.056503 0.019770 0.149292 1.315711
79 -0.082002 0.100060 0.541508 0.550530 1.165758 0.106399 0.151072 1.297278
Cleaner_FullBody_A.dds
82 0.122008 0.111438 0.591477 0.358734 1.200290 -0.322506 0.394320 1.315917
82 0.177618 0.070387 0.627149 0.871634 0.949183 0.112701 0.439898 1.329930
82 0.178618 0.086419 0.585811 0.406934 1.199593 0.262253 0.439291 1.314441
Cleaner_FullBody_A.dds
82 0.123391 0.093639 0.565374 0.015087 1.253569 -0.318954 0.396366 1.307016
82 0.076612 0.084757 0.550834 -0.630997 1.114157 -0.184096 0.358321 1.301833
82 0.071098 0.104469 0.583313 -0.655831 1.067531 -0.321959 0.361087 1.313050
Cleaner_FullBody_A.dds
2 -0.099518 -0.139335 1.159802 -0.553872 -1.168458 -0.036421 0.829840 1.544104
2 -0.140748 -0.104572 1.168398 -0.973765 -0.849308 -0.062072 0.861311 1.545863
2 -0.120884 -0.125853 1.119696 -0.763640 -1.037668 0.116161 0.832294 1.524992
Cleaner_FullBody_A.dds
2 -0.099518 -0.139335 1.159802 -0.553872 -1.168458 -0.036421 0.829840 1.544104
4 -0.170262 -0.091998 1.288876 -0.973804 -0.847875 -0.078803 0.896834 1.576813
2 -0.140748 -0.104572 1.168398 -0.973765 -0.849308 -0.062072 0.861311 1.545863
Cleaner_FullBody_A.dds
82 0.041693 -0.119068 0.752955 -0.718651 -1.051189 -0.227897 0.711618 1.376955
82 0.076965 -0.075835 0.533787 -0.767246 -0.982506 -0.345558 0.687196 1.298754
82 0.135603 -0.105560 0.542564 0.236841 -1.241722 -0.274643 0.659890 1.302520
Cleaner_FullBody_A.dds
82 0.137864 -0.087723 0.487172 0.273287 -1.207369 -0.375459 0.651820 1.282139
82 0.135603 -0.105560 0.542564 0.236841 -1.241722 -0.274643 0.659890 1.302520
82 0.087301 -0.065146 0.478075 -0.617150 -1.056421 -0.420113 0.684052 1.276258
Cleaner_FullBody_A.dds
78 -0.038302 -0.119997 0.761940 0.711197 -1.063754 -0.189793 0.792108 1.376161
79 -0.135319 -0.109804 0.542564 -0.087224 -1.250662 -0.318797 0.866973 1.297656
79 -0.074160 -0.078550 0.533787 0.793870 -0.950678 -0.373331 0.821140 1.294515
Cleaner_FullBody_A.dds
79 -0.084726 -0.067727 0.485872 0.637920 -1.009678 -0.496994 0.824525 1.277368
79 -0.074160 -0.078550 0.533787 0.793870 -0.950678 -0.373331 0.821140 1.294515
79 -0.135319 -0.109804 0.542564 -0.087224 -1.250662 -0.318797 0.866973 1.297656
Cleaner_FullBody_A.dds
49 0.231004 -0.050888 1.431307 0.340541 -1.231947 -0.199337 0.507371 1.707987
49 0.208981 -0.017393 1.362926 -0.038153 -0.957066 -0.869462 0.475934 1.676910
50 0.340691 -0.018874 1.253141 -0.484388 -1.153424 -0.329208 0.249389 1.686593
Cleaner_FullBody_A.dds
2 0.167475 -0.094304 1.063456 1.030601 -0.752567 0.211897 0.586391 1.494637
82 0.173287 -0.111789 0.926628 0.842021 -0.981958 0.012411 0.627122 1.439111
82 0.216390 -0.029487 0.906258 1.287917 -0.091479 0.079352 0.529665 1.430753
Cleaner_FullBody_A.dds
69 0.494146 -0.018766 0.991095 -0.317981 -0.094247 -1.250360 0.008483 1.834732
69 0.487502 0.030210 1.016420 -0.856875 0.586903 -0.771172 0.031252 1.816979
69 0.508095 0.023090 0.986657 0.115550 0.512608 -1.182065 0.008430 1.815718
Cleaner_FullBody_A.dds
50 0.527295 0.009258 1.056308 0.675092 -0.375007 -1.037794 0.000506 1.755823
69 0.494146 -0.018766 0.991095 -0.317981 -0.094247 -1.250360 0.008483 1.834732
69 0.508095 0.023090 0.986657 0.115550 0.512608 -1.182065 0.008430 1.815718
Cleaner_FullBody_A.dds
82 0.071098 0.104469 0.583313 -0.655831 1.067531 -0.321959 0.361087 1.313050
82 0.067468 0.085669 0.663051 -0.880428 0.944893 -0.073614 0.349580 1.342052
82 0.140178 0.124245 0.678555 0.231346 1.267773 -0.112366 0.406568 1.357589
Cleaner_FullBody_A.dds
82 0.140178 0.124245 0.678555 0.231346 1.267773 -0.112366 0.406568 1.357589
82 0.047348 0.116707 0.807672 -0.685286 0.875839 -0.660822 0.323115 1.390222
2 0.124643 0.129959 0.825645 0.454693 1.193660 -0.204511 0.380073 1.406150
Cleaner_FullBody_A.dds
79 -0.086405 0.078953 0.593017 0.746194 1.056503 0.019770 0.149292 1.315711
78 -0.140558 0.106949 0.656560 -0.078121 1.291181 -0.012021 0.115406 1.338450
78 -0.058236 0.101582 0.643368 0.742980 0.975738 -0.411474 0.161356 1.333729
Cleaner_FullBody_A.dds
78 -0.140558 0.106949 0.656560 -0.078121 1.291181 -0.012021 0.115406 1.338450
78 -0.037562 0.116159 0.808460 0.680830 0.889546 -0.646973 0.213417 1.388270
78 -0.058236 0.101582 0.643368 0.742980 0.975738 -0.411474 0.161356 1.333729
Cleaner_FullBody_A.dds
79 -0.190174 -0.071876 0.551365 -1.015517 -0.769788 -0.222594 0.907611 1.300805
78 -0.124208 -0.129807 0.756297 -0.353794 -1.242302 -0.070078 0.857028 1.374141
78 -0.195567 -0.091052 0.762891 -1.048835 -0.755695 -0.047593 0.906545 1.376501
Cleaner_FullBody_A.dds
80 -0.228795 -0.017716 0.051502 -1.208373 -0.461246 -0.021942 0.950781 1.106512
80 -0.220861 -0.003492 0.084204 -1.185683 -0.478543 0.196337 0.954330 1.118275
80 -0.246001 0.047406 0.074572 -1.292031 -0.046743 0.043210 0.971194 1.118156
Cleaner_FullBody_A.dds
78 -0.182828 -0.110545 0.916193 -0.891526 -0.937178 0.016573 0.895482 1.430660
78 -0.219721 -0.019142 0.907013 -1.292782 0.000728 0.045929 0.950015 1.428076
78 -0.217322 -0.017197 0.802627 -1.291970 -0.021424 0.061238 0.948201 1.390721
Cleaner_FullBody_A.dds
78 -0.170429 0.091858 0.857496 -1.051040 0.754098 0.006826 0.067347 1.410356
78 -0.209642 0.049831 0.737944 -1.101493 0.664494 0.136220 0.020937 1.367574
78 -0.217322 -0.017197 0.802627 -1.291970 -0.021424 0.061238 -0.053630 1.390721
Cleaner_FullBody_A.dds
82 0.225929 0.006275 0.598249 1.285792 -0.083598 -0.114656 0.542394 1.320213
82 0.215651 -0.024037 0.802543 1.291470 -0.072519 0.015514 0.535952 1.393655
82 0.183883 -0.090393 0.744353 0.966319 -0.855900 -0.084015 0.619825 1.374156
Cleaner_FullBody_A.dds
80 -0.106369 0.131031 0.067957 0.993980 0.827851 0.007875 0.145184 1.118187
79 -0.065513 0.056679 0.220521 1.245382 0.340673 -0.079757 0.198223 1.182410
80 -0.085317 0.096282 0.058383 1.254795 0.312481 -0.035210 0.170375 1.116200
Cleaner_FullBody_A.dds
80 -0.082001 0.018957 0.070925 1.261958 -0.278071 -0.059443 0.249382 1.120688
80 -0.085317 0.096282 0.058383 1.254795 0.312481 -0.035210 0.170375 1.116200
79 -0.065513 0.056679 0.220521 1.245382 0.340673 -0.079757 0.198223 1.182410
Cleaner_FullBody_A.dds
84 0.103516 0.131031 0.067957 -0.955400 0.872075 0.009554 0.381631 1.124882
84 0.080135 0.095985 0.058383 -1.265759 0.260883 -0.056466 0.355376 1.124815
83 0.067062 0.057640 0.220521 -1.234127 0.380483 -0.074551 0.302999 1.183301
Cleaner_FullBody_A.dds
83 0.058747 0.010441 0.211541 -1.191197 -0.497981 -0.080379 0.254611 1.182192
83 0.067062 0.057640 0.220521 -1.234127 0.380483 -0.074551 0.302999 1.183301
84 0.080378 0.018957 0.070078 -1.259352 -0.225051 -0.191778 0.255395 1.125042
Cleaner_FullBody_A.dds
2 0.002048 0.144677 0.841858 0.020693 1.095494 -0.687649 0.250544 1.407404
2 -0.115361 0.150309 0.967528 -0.495208 1.188900 0.121168 0.116939 1.451102
2 0.001512 0.166837 0.968562 -0.004329 1.291764 0.068724 0.249003 1.451471
Cleaner_FullBody_A.dds
2 0.183386 0.072203 1.016744 1.086611 0.657976 0.244417 0.451159 1.472664
82 0.181264 0.089170 0.854990 1.091073 0.694850 -0.011777 0.425450 1.417285
2 0.101955 0.152975 0.974121 0.513263 1.176296 0.162123 0.360541 1.452030
Cleaner_FullBody_A.dds
82 0.181264 0.089170 0.854990 1.091073 0.694850 -0.011777 0.425450 1.417285
2 0.183386 0.072203 1.016744 1.086611 0.657976 0.244417 0.451159 1.472664
82 0.216390 -0.029487 0.906258 1.287917 -0.091479 0.079352 0.529665 1.430753
Cleaner_FullBody_A.dds
69 0.559666 -0.064319 1.047952 0.902867 -0.911541 0.165284 0.008534 1.733394
69 0.543756 -0.046831 1.076059 0.647652 -0.847226 0.732223 0.031244 1.733370
69 0.507333 -0.072823 1.058013 -0.131401 -1.253762 0.290191 0.031692 1.712187
Cleaner_FullBody_A.dds
50 0.527295 0.009258 1.056308 0.675092 -0.375007 -1.037794 0.000506 1.755823
69 0.559666 -0.064319 1.047952 0.902867 -0.911541 0.165284 0.008534 1.733394
69 0.523862 -0.084066 1.027110 0.500725 -0.859873 -0.826613 0.008543 1.710494
Cleaner_FullBody_A.dds
4 -0.045742 -0.069827 1.513684 0.124815 -0.912525 0.908358 0.783003 1.667247
4 -0.000167 -0.098302 1.480098 0.028277 -1.065417 0.733131 0.751110 1.650249
4 0.001326 -0.050579 1.534057 0.017703 -1.289950 0.095455 0.749870 1.685566
Cleaner_FullBody_A.dds
83 0.196094 0.111798 0.386191 0.925054 0.881168 0.203008 0.459892 1.242696
83 0.156890 0.112551 0.496859 0.881219 0.936590 0.140171 0.416530 1.282060
82 0.213237 0.027033 0.505467 1.283793 -0.063368 0.145793 0.542132 1.288141
Cleaner_FullBody_A.dds
79 -0.198665 0.118056 0.386192 -0.941996 0.859413 0.217825 0.047300 1.241697
79 -0.217593 0.027033 0.505467 -1.277558 -0.014890 0.202534 -0.053367 1.284380
79 -0.186043 0.101543 0.496859 -0.584771 1.065886 0.441955 0.046400 1.281300
Cleaner_FullBody_A.dds
2 0.150402 0.075381 1.073970 0.956292 0.834743 0.249208 0.576032 1.996359
2 0.156316 0.057535 1.174634 1.073837 0.707490 -0.140455 0.573107 1.950340
2 0.184851 0.003788 1.129692 1.283039 0.144953 0.078709 0.501502 1.972010
Cleaner_FullBody_A.dds
4 0.203632 0.035028 1.316633 0.921167 0.289677 -0.860775 0.515498 1.879604
2 0.185257 0.004300 1.177664 1.267220 0.182954 -0.184595 0.501497 1.951231
4 0.175630 0.081493 1.297249 1.075960 0.529548 -0.485061 0.556150 1.907453
Cleaner_FullBody_A.dds
2 0.101955 0.152975 0.974121 0.513263 1.176296 0.162123 0.360541 1.452030
2 0.150402 0.075381 1.073970 0.956292 0.834743 0.249208 0.451220 1.499404
2 0.183386 0.072203 1.016744 1.086611 0.657976 0.244417 0.451159 1.472664
Cleaner_FullBody_A.dds
82 0.181264 0.089170 0.854990 1.091073 0.694850 -0.011777 0.425450 1.417285
2 0.124643 0.129959 0.825645 0.454693 1.193660 -0.204511 0.380073 1.406150
2 0.101955 0.152975 0.974121 0.513263 1.176296 0.162123 0.360541 1.452030
Cleaner_FullBody_A.dds
4 0.068843 0.019036 1.590449 -1.067216 -0.414124 0.602450 0.685137 1.721846
48 0.051447 -0.019115 1.556714 0.614955 -0.920206 0.669662 0.710077 1.696330
48 0.071363 -0.022833 1.555042 -0.602108 -0.705453 0.901774 0.702776 1.694550
Cleaner_FullBody_A.dds
4 0.065426 0.054290 1.603899 -0.688906 -0.822371 0.722848 0.700155 1.731314
4 0.065993 0.021930 1.588578 1.137919 -0.387176 0.478154 0.696028 1.721906
4 0.068843 0.019036 1.590449 -1.067216 -0.414124 0.602450 0.685137 1.721846
Cleaner_FullBody_A.dds
50 0.444029 0.088680 1.241080 0.828552 0.966972 0.227731 0.224733 1.773674
69 0.555123 0.031932 1.065675 0.943803 0.776096 0.424626 0.031293 1.774251
69 0.521662 0.049880 1.037161 0.124254 1.260694 -0.261930 0.031043 1.792275
Cleaner_FullBody_A.dds
50 0.527295 0.009258 1.056308 0.675092 -0.375007 -1.037794 0.000506 1.755823
69 0.545184 0.042276 1.008335 0.723809 0.182796 -1.056448 0.008442 1.792368
69 0.578055 0.024735 1.037656 1.119759 0.640877 -0.093874 0.008481 1.774310
Cleaner_FullBody_A.dds
83 0.091558 0.097798 0.516694 -0.827063 0.965844 0.237712 0.371940 1.289411
83 0.050081 0.043913 0.505468 -1.214862 0.443864 -0.022165 0.306117 1.295454
82 0.050231 0.044300 0.556053 -1.140232 0.576850 -0.201272 0.311107 1.311114
Cleaner_FullBody_A.dds
82 0.028424 0.000633 0.562923 -1.263535 0.175045 -0.215021 0.254965 1.307718
82 0.050231 0.044300 0.556053 -1.140232 0.576850 -0.201272 0.311107 1.311114
82 0.033105 0.000789 0.536568 -1.266445 0.182274 -0.190497 0.254930 1.298314
Cleaner_FullBody_A.dds
79 -0.091938 0.110148 0.508189 0.657964 1.085616 0.248833 0.138636 1.289493
78 -0.060727 0.071716 0.556053 1.025541 0.783066 -0.092024 0.172787 1.302483
79 -0.064280 0.043913 0.505468 1.184197 0.498068 -0.151665 0.189665 1.284381
Cleaner_FullBody_A.dds
78 -0.025086 0.000633 0.562923 1.234686 0.309860 -0.230068 0.250756 1.304942
79 -0.064280 0.043913 0.505468 1.184197 0.498068 -0.151665 0.189665 1.284381
78 -0.060727 0.071716 0.556053 1.025541 0.783066 -0.092024 0.172787 1.302483
Cleaner_FullBody_A.dds
4 -0.196513 0.141472 1.367830 -0.630220 0.994866 -0.535218 0.912591 1.867865
4 -0.218640 0.113441 1.368870 -0.543989 1.057155 -0.509799 0.960417 1.816331
4 -0.222487 0.145087 1.439955 -0.536854 1.175806 0.051605 0.943515 1.798838
Cleaner_FullBody_A.dds
2 -0.167882 -0.063900 1.128601 -1.132129 -0.609340 0.142773 0.909844 1.524870
2 -0.203104 -0.002343 1.074921 -1.271932 0.018605 0.235027 0.965965 1.496121
2 -0.172017 -0.100073 1.053795 -1.045222 -0.728026 0.225577 0.874912 1.479771
Cleaner_FullBody_A.dds
2 -0.203104 -0.002343 1.074921 -1.271932 0.018605 0.235027 -0.036898 1.498877
2 -0.171746 0.066594 1.079118 -1.067139 0.705621 0.191594 0.047797 1.497966
2 -0.181680 0.085586 1.010286 -1.054659 0.729364 0.170637 0.055852 1.472243
Cleaner_FullBody_A.dds
4 -0.115666 -0.062564 1.528022 -0.444996 -0.950058 0.756812 0.850791 1.675909
23 -0.136859 -0.016497 1.554298 -0.632134 -0.579848 0.968286 0.889335 1.705975
4 -0.139195 -0.070328 1.499774 -0.405648 -1.034187 0.662799 0.865513 1.669176
Cleaner_FullBody_A.dds
2 -0.172017 -0.100073 1.053795 -1.045222 -0.728026 0.225577 0.874912 1.479771
2 -0.114718 -0.142366 1.043161 -0.419927 -1.223530 -0.005483 0.845601 1.483968
2 -0.120884 -0.125853 1.119696 -0.763640 -1.037668 0.116161 0.832294 1.524992
Cleaner_FullBody_A.dds
2 -0.114718 -0.142366 1.043161 -0.419927 -1.223530 -0.005483 0.845601 1.483968
2 -0.005236 -0.168118 1.112400 0.023577 -1.293335 -0.011086 0.746820 1.526736
2 -0.120884 -0.125853 1.119696 -0.763640 -1.037668 0.116161 0.832294 1.524992
Cleaner_FullBody_A.dds
82 0.047348 0.116707 0.807672 -0.685286 0.875839 -0.660822 0.323115 1.390222
2 0.002048 0.144677 0.841858 0.020693 1.095494 -0.687649 0.250544 1.407404
2 0.124643 0.129959 0.825645 0.454693 1.193660 -0.204511 0.380073 1.406150
Cleaner_FullBody_A.dds
80 -0.205602 -0.050040 0.105535 -1.088015 -0.609110 0.344387 0.923161 1.118425
79 -0.200645 -0.023978 0.297031 -1.025870 -0.784689 0.072447 0.926163 1.209790
80 -0.220861 -0.003492 0.084204 -1.185683 -0.478543 0.196337 0.954330 1.118275
Cleaner_FullBody_A.dds
80 -0.228795 -0.017716 0.051502 -1.208373 -0.461246 -0.021942 0.950781 1.106512
80 -0.205602 -0.050040 0.105535 -1.088015 -0.609110 0.344387 0.923161 1.118425
80 -0.220861 -0.003492 0.084204 -1.185683 -0.478543 0.196337 0.954330 1.118275
Cleaner_FullBody_A.dds
84 0.219547 -0.026438 0.094826 1.099572 -0.669841 0.125103 0.594151 1.125379
83 0.240553 0.044524 0.258530 1.274189 -0.198669 0.101827 0.529977 1.198515
83 0.191268 -0.034138 0.329911 0.973429 -0.849084 0.069915 0.614794 1.225249
Cleaner_FullBody_A.dds
84 0.224899 -0.027970 0.055598 0.893521 -0.622587 -0.698142 0.593092 1.108092
84 0.176744 -0.072710 0.109892 0.560909 -1.125203 0.304457 0.632891 1.125887
84 0.192882 -0.070830 0.070470 0.771240 -0.748269 -0.720192 0.626957 1.108456
Cleaner_FullBody_A.dds
79 -0.065513 0.056679 0.220521 1.245382 0.340673 -0.079757 0.198223 1.182410
79 -0.063519 0.010441 0.211541 1.168669 -0.548844 -0.079857 0.250412 1.179197
80 -0.082001 0.018957 0.070925 1.261958 -0.278071 -0.059443 0.249382 1.120688
Cleaner_FullBody_A.dds
79 -0.063519 0.010441 0.211541 1.168669 -0.548844 -0.079857 0.752505 1.179197
80 -0.119859 -0.056976 0.101736 0.833293 -0.983801 0.105611 0.855232 1.119128
80 -0.082001 0.018957 0.070925 1.261958 -0.278071 -0.059443 0.752018 1.122392
Cleaner_FullBody_A.dds
84 0.080135 0.095985 0.058383 -1.265759 0.260883 -0.056466 0.355376 1.124815
84 0.080378 0.018957 0.070078 -1.259352 -0.225051 -0.191778 0.255395 1.125042
83 0.067062 0.057640 0.220521 -1.234127 0.380483 -0.074551 0.302999 1.183301
Cleaner_FullBody_A.dds
83 0.058747 0.010441 0.211541 -1.191197 -0.497981 -0.080379 0.747737 1.182192
84 0.080378 0.018957 0.070078 -1.259352 -0.225051 -0.191778 0.744604 1.123604
84 0.117182 -0.054821 0.101736 -0.905842 -0.922477 0.043390 0.676459 1.125735
Cleaner_FullBody_A.dds
4 -0.170262 -0.091998 1.288876 -0.973804 -0.847875 -0.078803 0.896834 1.576813
4 -0.170979 -0.104363 1.405066 -0.749164 -1.032539 0.214504 0.892803 1.625953
4 -0.199564 -0.070360 1.446424 -0.655599 -1.099213 0.187926 0.914545 1.645923
Cleaner_FullBody_A.dds
24 -0.253413 -0.029637 1.495445 -0.584733 -0.912492 0.706286 0.958306 1.679939
24 -0.273970 -0.027807 1.476760 -0.834361 -0.747276 0.647160 0.986574 1.676899
24 -0.241599 -0.058533 1.427092 -0.193831 -1.264107 -0.194574 0.941185 1.637310
Cleaner_FullBody_A.dds
80 -0.138022 0.152222 0.072926 0.222540 1.273741 -0.038142 0.126406 1.119966
79 -0.102457 0.115794 0.236372 0.942727 0.885518 -0.022779 0.148866 1.188083
80 -0.106369 0.131031 0.067957 0.993980 0.827851 0.007875 0.145184 1.118187
Cleaner_FullBody_A.dds
84 0.137686 0.152222 0.070509 -0.249295 1.269154 -0.022252 0.404200 1.124920
84 0.103516 0.131031 0.067957 -0.955400 0.872075 0.009554 0.381631 1.124882
83 0.102077 0.115794 0.236373 -0.924974 0.903681 -0.034322 0.379998 1.189080
Cleaner_FullBody_A.dds
83 0.152723 -0.060697 0.320827 -0.328620 -1.249955 -0.054920 0.644430 1.222285
83 0.149712 -0.063671 0.418281 0.327815 -1.237826 -0.183633 0.650123 1.265199
83 0.103899 -0.057472 0.440866 -0.584112 -1.102450 -0.341777 0.673255 1.265265
Cleaner_FullBody_A.dds
82 0.135603 -0.105560 0.542564 0.236841 -1.241722 -0.274643 0.659890 1.302520
82 0.076965 -0.075835 0.533787 -0.767246 -0.982506 -0.345558 0.687196 1.298754
82 0.087301 -0.065146 0.478075 -0.617150 -1.056421 -0.420113 0.684052 1.276258
Cleaner_FullBody_A.dds
79 -0.155421 -0.060697 0.322045 0.196053 -1.277621 -0.051416 0.884970 1.218742
79 -0.102372 -0.050861 0.440866 0.633573 -1.056347 -0.395111 0.834928 1.261262
79 -0.150238 -0.063671 0.418281 -0.176907 -1.237105 -0.334172 0.888368 1.253180
Cleaner_FullBody_A.dds
79 -0.150238 -0.063671 0.418281 -0.176907 -1.237105 -0.334172 0.888368 1.253180
79 -0.102372 -0.050861 0.440866 0.633573 -1.056347 -0.395111 0.834928 1.261262
79 -0.084726 -0.067727 0.485872 0.637920 -1.009678 -0.496994 0.824525 1.277368
Cleaner_FullBody_A.dds
4 -0.206931 0.035028 1.301737 -1.162680 0.055153 -0.564383 0.997928 1.898787
4 -0.219936 0.070048 1.316679 -1.089488 0.339036 -0.609481 0.962370 1.865157
4 -0.187319 0.071126 1.292179 -1.001701 0.570011 -0.587433 0.961566 1.885819
Cleaner_FullBody_A.dds
4 -0.187319 0.071126 1.292179 -1.001701 0.570011 -0.587433 0.961566 1.885819
4 -0.196513 0.141472 1.367830 -0.630220 0.994866 -0.535218 0.912591 1.867865
4 -0.174811 0.094231 1.299627 -0.833891 0.874254 -0.462278 0.913319 1.897893
Cleaner_FullBody_A.dds
2 -0.096389 0.121831 1.172855 -0.462020 1.204343 -0.097428 0.834658 1.956494
2 -0.089288 0.124914 1.075074 -0.371503 1.224191 0.191672 0.836159 1.997905
2 -0.132203 0.103120 1.075374 -0.743469 1.037251 0.211564 0.904214 1.997967
Cleaner_FullBody_A.dds
2 -0.146555 0.082090 1.174702 -0.900749 0.926838 -0.054937 0.903408 1.956510
4 -0.174811 0.094231 1.299627 -0.833891 0.874254 -0.462278 0.913319 1.897893
2 -0.096389 0.121831 1.172855 -0.462020 1.204343 -0.097428 0.834658 1.956494
Cleaner_FullBody_A.dds
83 0.172207 -0.050342 0.454051 0.962951 -0.862027 -0.055054 0.625339 1.277579
83 0.149712 -0.063671 0.418281 0.327815 -1.237826 -0.183633 0.650123 1.265199
83 0.191268 -0.034138 0.329911 0.973429 -0.849084 0.069915 0.614794 1.225249
Cleaner_FullBody_A.dds
83 0.191268 -0.034138 0.329911 0.973429 -0.849084 0.069915 0.614794 1.225249
83 0.227570 0.036132 0.386304 1.284952 0.034988 0.145152 0.534624 1.244128
82 0.213237 0.027033 0.505467 1.283793 -0.063368 0.145793 0.542132 1.288141
Cleaner_FullBody_A.dds
79 -0.183894 -0.043995 0.458861 -0.983180 -0.833701 -0.108147 0.923953 1.267702
79 -0.155421 -0.060697 0.322045 0.196053 -1.277621 -0.051416 0.884970 1.218742
79 -0.150238 -0.063671 0.418281 -0.176907 -1.237105 -0.334172 0.888368 1.253180
Cleaner_FullBody_A.dds
4 0.157947 0.110833 1.298537 0.766098 0.894101 -0.535791 0.589974 1.916918
2 0.095045 0.114325 1.170064 0.467397 1.198170 -0.139015 0.660673 1.951863
4 0.117273 0.156099 1.355106 0.242051 1.223388 -0.343699 0.627119 1.886946
Cleaner_FullBody_A.dds
4 0.118915 0.164248 1.474664 0.211820 1.255354 0.229377 0.627039 1.821697
49 0.205568 0.153175 1.454659 0.578023 1.151230 0.118128 0.579024 1.823905
4 0.170856 0.148888 1.355705 0.554921 1.082859 -0.439174 0.597355 1.874668
Cleaner_FullBody_A.dds
79 -0.086405 0.078953 0.593017 0.746194 1.056503 0.019770 0.149292 1.315711
79 -0.121084 0.119346 0.569419 0.160167 1.253584 -0.276169 0.116175 1.307266
79 -0.122387 0.119640 0.591477 0.135754 1.285516 0.049131 0.114218 1.315160
Cleaner_FullBody_A.dds
78 -0.140558 0.106949 0.656560 -0.078121 1.291181 -0.012021 0.115406 1.338450
79 -0.086405 0.078953 0.593017 0.746194 1.056503 0.019770 0.149292 1.315711
79 -0.122387 0.119640 0.591477 0.135754 1.285516 0.049131 0.114218 1.315160
Cleaner_FullBody_A.dds
82 0.071098 0.104469 0.583313 -0.655831 1.067531 -0.321959 0.361087 1.313050
82 0.122008 0.111438 0.591477 0.358734 1.200290 -0.322506 0.394320 1.315917
82 0.123391 0.093639 0.565374 0.015087 1.253569 -0.318954 0.396366 1.307016
Cleaner_FullBody_A.dds
82 0.140178 0.124245 0.678555 0.231346 1.267773 -0.112366 0.406568 1.357589
82 0.122008 0.111438 0.591477 0.358734 1.200290 -0.322506 0.394320 1.315917
82 0.071098 0.104469 0.583313 -0.655831 1.067531 -0.321959 0.361087 1.313050
Cleaner_FullBody_A.dds
80 -0.119859 -0.056976 0.101736 0.833293 -0.983801 0.105611 0.855232 1.119128
80 -0.128912 -0.075413 0.067290 0.790337 -0.838578 -0.587835 0.863184 1.107056
80 -0.082001 0.018957 0.070925 1.261958 -0.278071 -0.059443 0.752018 1.122392
Cleaner_FullBody_A.dds
2 -0.001368 -0.167458 1.156402 0.039822 -1.292554 0.033351 0.742996 1.546314
2 -0.005236 -0.168118 1.112400 0.023577 -1.293335 -0.011086 0.746820 1.526736
2 0.087186 -0.136144 1.161732 0.522637 -1.181863 -0.058701 0.682100 1.546431
Cleaner_FullBody_A.dds
4 0.058523 -0.090559 1.500247 -0.294535 -0.969412 0.804292 0.701507 1.670008
4 0.143196 -0.068869 1.499288 0.470067 -1.000607 0.671728 0.623529 1.669248
4 0.105845 -0.060941 1.530463 0.382517 -0.951929 0.787977 0.659400 1.677103
Cleaner_FullBody_A.dds
50 0.412054 0.041913 1.321091 1.015070 -0.054390 0.800043 0.289958 1.751099
49 0.406653 0.099566 1.294317 0.870169 0.765959 0.574027 0.287113 1.775225
49 0.343849 0.042787 1.411835 1.056118 -0.052423 0.745160 0.431864 1.752527
Cleaner_FullBody_A.dds
50 0.412054 0.041913 1.321091 1.015070 -0.054390 0.800043 0.289958 1.751099
50 0.455337 0.029826 1.267810 1.077839 -0.044963 0.713888 0.224693 1.750883
49 0.406653 0.099566 1.294317 0.870169 0.765959 0.574027 0.287113 1.775225
Cleaner_FullBody_A.dds
84 0.184091 0.139671 0.078103 0.713705 1.078232 -0.037905 0.425318 1.125063
84 0.219528 0.102212 0.078141 1.089979 0.687406 -0.113200 0.482685 1.125086
84 0.218113 0.100124 0.039083 0.728692 0.604315 -0.881594 0.486610 1.107688
Cleaner_FullBody_A.dds
84 0.244737 0.035912 0.041666 0.855736 0.251193 -0.937024 0.523795 1.107833
84 0.218113 0.100124 0.039083 0.728692 0.604315 -0.881594 0.486610 1.107688
84 0.219528 0.102212 0.078141 1.089979 0.687406 -0.113200 0.482685 1.125086
Cleaner_FullBody_A.dds
80 -0.199376 0.130715 0.034924 -0.339164 0.854154 -0.910376 0.061715 1.106367
80 -0.242559 0.040878 0.039232 -0.828788 0.251831 -0.960774 -0.027969 1.103277
80 -0.204663 0.130988 0.071625 -0.986159 0.831934 -0.093660 0.059841 1.119500
Cleaner_FullBody_A.dds
2 0.121829 -0.116752 1.123420 0.720735 -1.070326 0.091320 0.645149 1.526857
2 0.135505 -0.106435 1.169756 0.903764 -0.922651 -0.072945 0.637554 1.544959
2 0.087186 -0.136144 1.161732 0.522637 -1.181863 -0.058701 0.682100 1.546431
Cleaner_FullBody_A.dds
2 -0.001368 -0.167458 1.156402 0.039822 -1.292554 0.033351 0.742996 1.546314
2 0.087186 -0.136144 1.161732 0.522637 -1.181863 -0.058701 0.682100 1.546431
4 -0.001275 -0.162924 1.271448 0.037952 -1.292493 0.037646 0.744392 1.572626
Cleaner_FullBody_A.dds
79 -0.074160 -0.078550 0.533787 0.793870 -0.950678 -0.373331 0.821140 1.294515
79 -0.076627 -0.033051 0.448798 0.917620 -0.827302 -0.383328 0.798196 1.264101
79 -0.039464 -0.040148 0.527217 1.151973 -0.483536 -0.335480 0.782733 1.292164
Cleaner_FullBody_A.dds
79 -0.045526 0.001258 0.482369 1.254488 -0.056022 -0.310670 0.749070 1.276114
79 -0.039464 -0.040148 0.527217 1.151973 -0.483536 -0.335480 0.782733 1.292164
79 -0.076627 -0.033051 0.448798 0.917620 -0.827302 -0.383328 0.798196 1.264101
Cleaner_FullBody_A.dds
82 0.076965 -0.075835 0.533787 -0.767246 -0.982506 -0.345558 0.687196 1.298754
82 0.042284 -0.040148 0.527217 -1.148853 -0.504962 -0.313920 0.720353 1.293320
83 0.070078 -0.033051 0.457073 -0.932456 -0.823925 -0.353653 0.702194 1.269378
Cleaner_FullBody_A.dds
82 0.043837 0.001258 0.482369 -1.255065 -0.189355 -0.249703 0.745371 1.278971
83 0.070078 -0.033051 0.457073 -0.932456 -0.823925 -0.353653 0.702194 1.269378
82 0.042284 -0.040148 0.527217 -1.148853 -0.504962 -0.313920 0.720353 1.293320
Cleaner_FullBody_A.dds
69 0.508095 0.023090 0.986657 0.115550 0.512608 -1.182065 0.008430 1.815718
69 0.487502 0.030210 1.016420 -0.856875 0.586903 -0.771172 0.031252 1.816979
69 0.521662 0.049880 1.037161 0.124254 1.260694 -0.261930 0.031043 1.792275
Cleaner_FullBody_A.dds
69 0.487502 0.030210 1.016420 -0.856875 0.586903 -0.771172 0.031252 1.816979
69 0.494146 -0.018766 0.991095 -0.317981 -0.094247 -1.250360 0.008483 1.834732
69 0.472753 -0.013953 1.022644 -1.073384 -0.032763 -0.721227 0.031204 1.834731
Cleaner_FullBody_A.dds
78 -0.140558 0.106949 0.656560 -0.078121 1.291181 -0.012021 0.115406 1.338450
78 -0.181411 0.101405 0.607161 -0.625868 1.128283 0.093067 0.078622 1.320772
78 -0.178025 0.081556 0.691570 -0.760099 1.042604 0.092851 0.080942 1.350978
Cleaner_FullBody_A.dds
78 -0.170429 0.091858 0.857496 -1.051040 0.754098 0.006826 0.067347 1.410356
78 -0.178025 0.081556 0.691570 -0.760099 1.042604 0.092851 0.080942 1.350978
78 -0.209642 0.049831 0.737944 -1.101493 0.664494 0.136220 0.020937 1.367574
Cleaner_FullBody_A.dds
82 0.140178 0.124245 0.678555 0.231346 1.267773 -0.112366 0.406568 1.357589
82 0.175711 0.081556 0.702730 1.043513 0.763176 -0.045148 0.435635 1.359311
82 0.177618 0.070387 0.627149 0.871634 0.949183 0.112701 0.439898 1.329930
Cleaner_FullBody_A.dds
82 0.181264 0.089170 0.854990 1.091073 0.694850 -0.011777 0.425450 1.417285
82 0.195911 0.038742 0.715053 1.139190 0.607307 0.082581 0.485283 1.371170
82 0.175711 0.081556 0.702730 1.043513 0.763176 -0.045148 0.435635 1.359311
Cleaner_FullBody_A.dds
80 -0.174367 -0.070802 0.109892 -0.283115 -1.197157 0.400070 0.901389 1.118885
80 -0.210436 -0.070830 0.070510 -0.871340 -0.698729 -0.652641 0.910808 1.107059
80 -0.175687 -0.088266 0.073404 -0.128437 -1.106463 -0.657753 0.893351 1.107097
Cleaner_FullBody_A.dds
79 -0.162691 0.036951 0.193617 -0.010805 -0.101085 -1.289597 0.977408 1.098996
80 -0.174333 -0.062901 0.069571 -0.033970 0.465815 -1.206341 0.903816 1.107047
80 -0.210436 -0.070830 0.070510 -0.871340 -0.698729 -0.652641 0.910808 1.107059
Cleaner_FullBody_A.dds
4 0.047884 -0.070193 1.509265 -0.134999 -0.912745 0.906680 0.719964 1.665626
4 0.034153 -0.044059 1.538519 0.337649 -1.052034 0.672766 0.722858 1.688212
4 0.001326 -0.050579 1.534057 0.017703 -1.289950 0.095455 0.749870 1.685566
Cleaner_FullBody_A.dds
4 -0.017725 -0.130764 1.433497 0.277117 -1.055522 0.694604 0.764387 1.629115
4 -0.117588 -0.139069 1.393223 -0.391679 -1.205941 0.256299 0.846854 1.615430
4 -0.001055 -0.151590 1.385623 0.042430 -1.208177 0.460329 0.752916 1.607504
Cleaner_FullBody_A.dds
82 0.013578 -0.009491 0.644676 -1.277631 0.035878 -0.199415 0.743450 1.336603
82 0.028424 0.000633 0.562923 -1.263535 0.175045 -0.215021 0.748833 1.307718
82 0.042284 -0.040148 0.527217 -1.148853 -0.504962 -0.313920 0.720353 1.293320
Cleaner_FullBody_A.dds
82 0.050231 0.044300 0.556053 -1.140232 0.576850 -0.201272 0.311107 1.311114
82 0.028424 0.000633 0.562923 -1.263535 0.175045 -0.215021 0.254965 1.307718
82 0.013578 -0.009491 0.644676 -1.277631 0.035878 -0.199415 0.254818 1.337069
Cleaner_FullBody_A.dds
78 -0.014538 -0.009490 0.644676 1.281861 -0.054189 -0.165197 0.753604 1.334197
79 -0.039464 -0.040148 0.527217 1.151973 -0.483536 -0.335480 0.782733 1.292164
78 -0.025086 0.000633 0.562923 1.234686 0.309860 -0.230068 0.750210 1.304942
Cleaner_FullBody_A.dds
78 -0.045840 0.063119 0.616769 1.103449 0.637712 -0.221632 0.187096 1.324211
78 -0.014538 -0.009490 0.644676 1.281861 -0.054189 -0.165197 0.250942 1.334197
78 -0.025086 0.000633 0.562923 1.234686 0.309860 -0.230068 0.250756 1.304942
Cleaner_FullBody_A.dds
4 0.001160 0.093354 1.647863 -0.057551 0.562605 1.163425 0.752270 1.761483
4 -0.059431 0.065543 1.640692 0.253829 -0.833470 0.956187 0.797662 1.754416
4 0.001795 0.085993 1.646634 -0.062492 -0.844986 0.977491 0.752054 1.759026
Cleaner_FullBody_A.dds
4 0.057259 0.063239 1.644996 -0.205270 -0.862288 0.942189 0.710352 1.754909
4 0.001160 0.093354 1.647863 -0.057551 0.562605 1.163425 0.752270 1.761483
4 0.001795 0.085993 1.646634 -0.062492 -0.844986 0.977491 0.752054 1.759026
Cleaner_FullBody_A.dds
49 0.214862 0.108046 1.357452 -0.395937 0.928973 -0.808479 0.501460 1.840440
4 0.201851 0.110917 1.362427 0.700923 0.859827 -0.665433 0.542062 1.858538
49 0.237175 0.132796 1.428863 0.242457 1.270319 -0.029984 0.484858 1.795854
Cleaner_FullBody_A.dds
4 0.201851 0.110917 1.362427 0.700923 0.859827 -0.665433 0.542062 1.858538
49 0.214862 0.108046 1.357452 -0.395937 0.928973 -0.808479 0.501460 1.840440
4 0.203632 0.035028 1.316633 0.921167 0.289677 -0.860775 0.515498 1.879604
Cleaner_FullBody_A.dds
78 -0.024105 -0.121304 0.879762 0.225064 -1.178539 -0.483515 0.759161 1.418324
78 -0.038302 -0.119997 0.761940 0.711197 -1.063754 -0.189793 0.792108 1.376161
78 -0.000826 -0.088984 0.833344 0.001458 -1.135881 -0.619006 0.751109 1.392649
Cleaner_FullBody_A.dds
78 -0.109506 -0.131158 0.899484 -0.097162 -1.280591 -0.155049 0.835311 1.425382
78 -0.024105 -0.121304 0.879762 0.225064 -1.178539 -0.483515 0.759161 1.418324
2 -0.000826 -0.142211 0.914718 -0.000584 -1.225600 -0.413884 0.739683 1.436196
Cleaner_FullBody_A.dds
69 0.477145 -0.051743 1.028249 -1.010841 -0.644426 -0.486119 0.031489 1.692071
69 0.493631 -0.058679 1.001005 -0.489336 -0.768490 -0.918351 0.008537 1.683577
69 0.507333 -0.072823 1.058013 -0.131401 -1.253762 0.290191 0.031692 1.712187
Cleaner_FullBody_A.dds
69 0.493631 -0.058679 1.001005 -0.489336 -0.768490 -0.918351 0.008537 1.683577
69 0.477145 -0.051743 1.028249 -1.010841 -0.644426 -0.486119 0.031489 1.692071
69 0.472753 -0.013953 1.022644 -1.073384 -0.032763 -0.721227 0.031425 1.662947
Cleaner_FullBody_A.dds
4 0.201851 0.110917 1.362427 0.700923 0.859827 -0.665433 0.542062 1.858538
49 0.205568 0.153175 1.454659 0.578023 1.151230 0.118128 0.579024 1.823905
49 0.237175 0.132796 1.428863 0.242457 1.270319 -0.029984 0.484858 1.795854
Cleaner_FullBody_A.dds
49 0.236879 0.103499 1.507001 0.597011 0.807358 0.815565 0.548753 1.779990
49 0.237175 0.132796 1.428863 0.242457 1.270319 -0.029984 0.484858 1.795854
49 0.205568 0.153175 1.454659 0.578023 1.151230 0.118128 0.579024 1.823905
Cleaner_FullBody_A.dds
84 0.219547 -0.026438 0.094826 1.099572 -0.669841 0.125103 0.594151 1.125379
84 0.224899 -0.027970 0.055598 0.893521 -0.622587 -0.698142 0.593092 1.108092
84 0.249646 0.042441 0.085714 1.293407 0.018877 -0.011665 0.524822 1.125298
Cleaner_FullBody_A.dds
83 0.165630 0.036951 0.193617 -0.072153 -0.300633 -1.256109 0.521227 1.100770
84 0.244737 0.035912 0.041666 0.855736 0.251193 -0.937024 0.523795 1.107833
84 0.224899 -0.027970 0.055598 0.893521 -0.622587 -0.698142 0.593092 1.108092
Cleaner_FullBody_A.dds
2 0.126304 0.088890 1.168405 0.858513 0.961621 -0.107863 0.608846 1.951532
2 0.095144 0.117066 1.074868 0.589761 1.134077 0.198613 0.608008 1.997131
2 0.095045 0.114325 1.170064 0.467397 1.198170 -0.139015 0.660673 1.951863
Cleaner_FullBody_A.dds
2 0.095045 0.114325 1.170064 0.467397 1.198170 -0.139015 0.660673 1.951863
4 0.157947 0.110833 1.298537 0.766098 0.894101 -0.535791 0.589974 1.916918
2 0.126304 0.088890 1.168405 0.858513 0.961621 -0.107863 0.608846 1.951532
Cleaner_FullBody_A.dds
4 -0.055479 -0.018517 1.556703 -0.512254 -0.926372 0.743523 0.790717 1.695351
4 -0.069606 0.022620 1.589175 -1.121504 -0.437793 0.473246 0.801715 1.719209
4 -0.074716 0.015558 1.586945 0.914494 -0.507746 0.761111 0.811129 1.719642
Cleaner_FullBody_A.dds
80 -0.220861 -0.003492 0.084204 -1.185683 -0.478543 0.196337 0.954330 1.118275
79 -0.245630 0.041726 0.258530 -1.290020 -0.091365 0.029940 0.960075 1.196012
80 -0.246001 0.047406 0.074572 -1.292031 -0.046743 0.043210 0.971194 1.118156
Cleaner_FullBody_A.dds
83 0.240553 0.044524 0.258530 1.274189 -0.198669 0.101827 0.529977 1.198515
84 0.249646 0.042441 0.085714 1.293407 0.018877 -0.011665 0.524822 1.125298
83 0.222475 0.113609 0.193711 1.067535 0.729153 0.045836 0.480799 1.174202
Cleaner_FullBody_A.dds
84 0.219547 -0.026438 0.094826 1.099572 -0.669841 0.125103 0.594151 1.125379
84 0.249646 0.042441 0.085714 1.293407 0.018877 -0.011665 0.524822 1.125298
83 0.240553 0.044524 0.258530 1.274189 -0.198669 0.101827 0.529977 1.198515
Cleaner_FullBody_A.dds
4 -0.083895 0.008471 1.611669 -0.131421 -0.712693 1.071537 0.826008 1.729436
23 -0.136859 -0.016497 1.554298 -0.632134 -0.579848 0.968286 0.889335 1.705975
23 -0.084060 -0.032907 1.576066 0.485438 -0.788277 0.903529 0.828349 1.701149
Cleaner_FullBody_A.dds
4 -0.113757 0.043084 1.580601 -0.842373 0.032786 0.981188 0.857897 1.744973
23 -0.136859 -0.016497 1.554298 -0.632134 -0.579848 0.968286 0.889335 1.705975
4 -0.092123 0.051907 1.617508 -1.055207 0.300649 0.685233 0.828641 1.744158
Cleaner_FullBody_A.dds
2 -0.000826 -0.116184 0.871373 -0.006263 -1.081453 -0.709799 0.742711 1.418488
78 -0.000826 -0.088984 0.833344 0.001458 -1.135881 -0.619006 0.751109 1.392649
2 0.017662 -0.126370 0.887032 -0.224552 -1.168125 -0.508385 0.726239 1.422875
Cleaner_FullBody_A.dds
2 -0.000826 -0.142211 0.914718 -0.000584 -1.225600 -0.413884 0.739683 1.436196
2 0.103242 -0.140998 1.034657 0.418666 -1.223963 0.005425 0.658490 1.480869
2 -0.000078 -0.156902 0.997989 0.012071 -1.281610 -0.175288 0.737734 1.467116
Cleaner_FullBody_A.dds
69 0.555123 0.031932 1.065675 0.943803 0.776096 0.424626 0.031293 1.774251
69 0.578055 0.024735 1.037656 1.119759 0.640877 -0.093874 0.008481 1.774310
69 0.521662 0.049880 1.037161 0.124254 1.260694 -0.261930 0.031043 1.792275
Cleaner_FullBody_A.dds
69 0.578055 0.024735 1.037656 1.119759 0.640877 -0.093874 0.008481 1.774310
69 0.555123 0.031932 1.065675 0.943803 0.776096 0.424626 0.031293 1.774251
69 0.563219 -0.014313 1.080631 1.020128 -0.213019 0.766393 0.031177 1.751052
Cleaner_FullBody_A.dds
82 0.050231 0.044300 0.556053 -1.140232 0.576850 -0.201272 0.311107 1.311114
82 0.076612 0.084757 0.550834 -0.630997 1.114157 -0.184096 0.358321 1.301833
83 0.091558 0.097798 0.516694 -0.827063 0.965844 0.237712 0.371940 1.289411
Cleaner_FullBody_A.dds
83 0.128693 0.104865 0.524584 -0.351905 1.109176 0.565054 0.399197 1.292093
83 0.091558 0.097798 0.516694 -0.827063 0.965844 0.237712 0.371940 1.289411
82 0.076612 0.084757 0.550834 -0.630997 1.114157 -0.184096 0.358321 1.301833
Cleaner_FullBody_A.dds
78 -0.060727 0.071716 0.556053 1.025541 0.783066 -0.092024 0.172787 1.302483
79 -0.091938 0.110148 0.508189 0.657964 1.085616 0.248833 0.138636 1.289493
79 -0.082002 0.100060 0.541508 0.550530 1.165758 0.106399 0.151072 1.297278
Cleaner_FullBody_A.dds
79 -0.129073 0.087892 0.532339 -0.193243 1.268815 0.161746 0.110004 1.298135
79 -0.082002 0.100060 0.541508 0.550530 1.165758 0.106399 0.151072 1.297278
79 -0.091938 0.110148 0.508189 0.657964 1.085616 0.248833 0.138636 1.289493
Cleaner_FullBody_A.dds
4 -0.225854 0.112339 1.358170 0.297370 1.028652 -0.725838 0.985996 1.818004
24 -0.250978 0.133131 1.426083 -0.161216 1.282359 -0.054417 0.999335 1.799162
4 -0.218640 0.113441 1.368870 -0.543989 1.057155 -0.509799 0.960417 1.816331
Cleaner_FullBody_A.dds
49 0.197953 -0.026235 1.358196 0.996039 -0.680828 -0.466664 0.567969 1.615131
4 0.203632 0.035028 1.316633 0.921167 0.289677 -0.860775 0.500925 1.616108
4 0.214104 0.042058 1.315861 -0.389049 -0.090415 -1.230391 0.539824 1.613833
Cleaner_FullBody_A.dds
4 0.203632 0.035028 1.316633 0.921167 0.289677 -0.860775 0.515498 1.879604
49 0.214862 0.108046 1.357452 -0.395937 0.928973 -0.808479 0.501460 1.840440
4 0.214104 0.042058 1.315861 -0.389049 -0.090415 -1.230391 0.505416 1.857414
Cleaner_FullBody_A.dds
4 -0.133713 0.155049 1.362826 -0.306683 1.209759 -0.340329 0.873712 1.887118
4 -0.174811 0.094231 1.299627 -0.833891 0.874254 -0.462278 0.913319 1.897893
4 -0.196513 0.141472 1.367830 -0.630220 0.994866 -0.535218 0.912591 1.867865
Cleaner_FullBody_A.dds
4 -0.133713 0.155049 1.362826 -0.306683 1.209759 -0.340329 0.873712 1.887118
2 -0.096389 0.121831 1.172855 -0.462020 1.204343 -0.097428 0.834658 1.956494
4 -0.174811 0.094231 1.299627 -0.833891 0.874254 -0.462278 0.913319 1.897893
Cleaner_FullBody_A.dds
4 -0.000167 -0.098302 1.480098 0.028277 -1.065417 0.733131 0.751110 1.650249
4 0.047884 -0.070193 1.509265 -0.134999 -0.912745 0.906680 0.719964 1.665626
4 0.001326 -0.050579 1.534057 0.017703 -1.289950 0.095455 0.749870 1.685566
Cleaner_FullBody_A.dds
48 0.071363 -0.022833 1.555042 -0.602108 -0.705453 0.901774 0.702776 1.694550
4 0.034153 -0.044059 1.538519 0.337649 -1.052034 0.672766 0.722858 1.688212
4 0.047884 -0.070193 1.509265 -0.134999 -0.912745 0.906680 0.719964 1.665626
Cleaner_FullBody_A.dds
78 -0.024105 -0.121304 0.879762 0.225064 -1.178539 -0.483515 0.759161 1.418324
2 -0.000826 -0.116184 0.871373 -0.006263 -1.081453 -0.709799 0.742711 1.418488
2 -0.000826 -0.142211 0.914718 -0.000584 -1.225600 -0.413884 0.739683 1.436196
Cleaner_FullBody_A.dds
4 0.143196 -0.068869 1.499288 0.470067 -1.000607 0.671728 0.623529 1.669248
4 0.194735 -0.067237 1.441358 0.725958 -1.049746 0.210745 0.584391 1.641286
49 0.187440 -0.043109 1.500588 0.420691 -0.969049 0.746565 0.596732 1.678303
Cleaner_FullBody_A.dds
4 0.171936 -0.097574 1.297361 0.959887 -0.863196 -0.083101 0.602418 1.579125
49 0.197953 -0.026235 1.358196 0.996039 -0.680828 -0.466664 0.567969 1.615131
4 0.194735 -0.067237 1.441358 0.725958 -1.049746 0.210745 0.584391 1.641286
Cleaner_FullBody_A.dds
4 0.197396 -0.044472 1.286154 1.246442 -0.329123 -0.107029 0.556653 1.575667
4 0.203632 0.035028 1.316633 0.921167 0.289677 -0.860775 0.500925 1.616108
49 0.197953 -0.026235 1.358196 0.996039 -0.680828 -0.466664 0.567969 1.615131
Cleaner_FullBody_A.dds
78 -0.182828 -0.110545 0.916193 -0.891526 -0.937178 0.016573 0.895482 1.430660
78 -0.109506 -0.131158 0.899484 -0.097162 -1.280591 -0.155049 0.835311 1.425382
2 -0.114718 -0.142366 1.043161 -0.419927 -1.223530 -0.005483 0.845601 1.483968
Cleaner_FullBody_A.dds
49 0.378141 -0.020585 1.270238 0.086373 -1.287114 0.096292 0.261987 1.711987
50 0.399040 -0.030234 1.243945 -0.000325 -1.260002 0.292900 0.233913 1.712695
50 0.395946 -0.012135 1.302670 0.709501 -0.936977 0.540442 0.283035 1.733267
Cleaner_FullBody_A.dds
50 0.399040 -0.030234 1.243945 -0.000325 -1.260002 0.292900 0.233913 1.712695
49 0.378141 -0.020585 1.270238 0.086373 -1.287114 0.096292 0.261987 1.711987
50 0.340691 -0.018874 1.253141 -0.484388 -1.153424 -0.329208 0.249389 1.686593
Cleaner_FullBody_A.dds
2 0.121829 -0.116752 1.123420 0.720735 -1.070326 0.091320 0.645149 1.526857
2 0.103242 -0.140998 1.034657 0.418666 -1.223963 0.005425 0.658490 1.480869
2 0.167475 -0.094304 1.063456 1.030601 -0.752567 0.211897 0.586391 1.494637
Cleaner_FullBody_A.dds
80 -0.085317 0.096282 0.058383 1.254795 0.312481 -0.035210 0.170375 1.116200
80 -0.080976 0.015191 0.041320 1.026467 -0.139899 -0.774719 0.249399 1.110094
80 -0.087470 0.099943 0.030353 0.848895 0.473750 -0.853425 0.167808 1.106169
Cleaner_FullBody_A.dds
79 -0.162691 0.036951 0.193617 -0.010805 -0.101085 -1.289597 -0.023628 1.098996
80 -0.087470 0.099943 0.030353 0.848895 0.473750 -0.853425 0.167808 1.106169
80 -0.080976 0.015191 0.041320 1.026467 -0.139899 -0.774719 0.249399 1.110094
Cleaner_FullBody_A.dds
84 0.080135 0.095985 0.058383 -1.265759 0.260883 -0.056466 0.355376 1.124815
84 0.080852 0.099943 0.027543 -0.799110 0.543986 -0.859591 0.354793 1.107594
84 0.087324 0.015382 0.036838 -1.027677 -0.397484 -0.677703 0.255324 1.107575
Cleaner_FullBody_A.dds
83 0.165630 0.036951 0.193617 -0.072153 -0.300633 -1.256109 0.521227 1.100770
84 0.087324 0.015382 0.036838 -1.027677 -0.397484 -0.677703 0.255324 1.107575
84 0.080852 0.099943 0.027543 -0.799110 0.543986 -0.859591 0.354793 1.107594
Cleaner_FullBody_A.dds
79 -0.155421 -0.060697 0.322045 0.196053 -1.277621 -0.051416 0.884970 1.218742
80 -0.174367 -0.070802 0.109892 -0.283115 -1.197157 0.400070 0.901389 1.118885
80 -0.119859 -0.056976 0.101736 0.833293 -0.983801 0.105611 0.855232 1.119128
Cleaner_FullBody_A.dds
4 0.042979 0.061583 1.611139 0.845708 0.314037 -0.927122 0.715947 1.749553
4 0.065426 0.054290 1.603899 -0.688906 -0.822371 0.722848 0.700155 1.731314
4 0.057259 0.063239 1.644996 -0.205270 -0.862288 0.942189 0.710352 1.754909
Cleaner_FullBody_A.dds
83 0.152723 -0.060697 0.320827 -0.328620 -1.249955 -0.054920 0.644430 1.222285
84 0.117182 -0.054821 0.101736 -0.905842 -0.922477 0.043390 0.676459 1.125735
84 0.176744 -0.072710 0.109892 0.560909 -1.125203 0.304457 0.632891 1.125887
Cleaner_FullBody_A.dds
79 -0.217593 0.027033 0.505467 -1.277558 -0.014890 0.202534 0.947498 1.284380
79 -0.182442 -0.063419 0.500873 -1.003494 -0.783313 -0.229818 0.910864 1.282736
79 -0.209290 0.017742 0.539439 -1.275731 -0.004325 -0.214211 0.943131 1.296537
Cleaner_FullBody_A.dds
79 -0.176293 0.090574 0.532736 -0.835736 0.984097 0.080586 0.046234 1.294139
79 -0.217593 0.027033 0.505467 -1.277558 -0.014890 0.202534 -0.053367 1.284380
79 -0.209290 0.017742 0.539439 -1.275731 -0.004325 -0.214211 -0.057629 1.296537
Cleaner_FullBody_A.dds
4 -0.217174 0.110382 1.526006 -0.484287 0.836949 0.859289 0.931148 1.778437
4 -0.092677 0.085856 1.591124 -0.668022 0.570601 0.949504 0.850511 1.768941
23 -0.123237 0.128651 1.544598 -0.266828 1.012895 0.759106 0.866497 1.800104
Cleaner_FullBody_A.dds
4 -0.059431 0.065543 1.640692 0.253829 -0.833470 0.956187 0.797662 1.754416
4 -0.081042 0.041839 1.632538 0.803145 -0.656292 0.773068 0.821146 1.742988
4 -0.070102 0.053287 1.603418 0.581873 -0.880271 0.748292 0.798208 1.738021
Cleaner_FullBody_A.dds
80 -0.119859 -0.056976 0.101736 0.833293 -0.983801 0.105611 0.855232 1.119128
79 -0.063519 0.010441 0.211541 1.168669 -0.548844 -0.079857 0.752505 1.179197
79 -0.155421 -0.060697 0.322045 0.196053 -1.277621 -0.051416 0.884970 1.218742
Cleaner_FullBody_A.dds
79 -0.186043 0.101543 0.496859 -0.584771 1.065886 0.441955 0.046400 1.281300
79 -0.217593 0.027033 0.505467 -1.277558 -0.014890 0.202534 -0.053367 1.284380
79 -0.176293 0.090574 0.532736 -0.835736 0.984097 0.080586 0.046234 1.294139
Cleaner_FullBody_A.dds
79 -0.129073 0.087892 0.532339 -0.193243 1.268815 0.161746 0.110004 1.298135
79 -0.186043 0.101543 0.496859 -0.584771 1.065886 0.441955 0.046400 1.281300
79 -0.176293 0.090574 0.532736 -0.835736 0.984097 0.080586 0.046234 1.294139
Cleaner_FullBody_A.dds
84 0.117182 -0.054821 0.101736 -0.905842 -0.922477 0.043390 0.676459 1.125735
83 0.152723 -0.060697 0.320827 -0.328620 -1.249955 -0.054920 0.644430 1.222285
83 0.058747 0.010441 0.211541 -1.191197 -0.497981 -0.080379 0.747737 1.182192
Cleaner_FullBody_A.dds
82 0.107541 -0.132833 0.754995 0.225766 -1.271325 -0.078478 0.669535 1.374671
82 0.135603 -0.105560 0.542564 0.236841 -1.241722 -0.274643 0.659890 1.302520
82 0.183883 -0.090393 0.744353 0.966319 -0.855900 -0.084015 0.619825 1.374156
Cleaner_FullBody_A.dds
80 -0.106360 0.129169 0.034412 0.501943 0.781950 -0.900002 0.145299 1.106183
80 -0.138022 0.152222 0.072926 0.222540 1.273741 -0.038142 0.126406 1.119966
80 -0.106369 0.131031 0.067957 0.993980 0.827851 0.007875 0.145184 1.118187
Cleaner_FullBody_A.dds
79 -0.162691 0.036951 0.193617 -0.010805 -0.101085 -1.289597 -0.023628 1.098996
80 -0.142630 0.149054 0.034579 0.025644 0.289419 -1.260545 0.123472 1.106243
80 -0.106360 0.129169 0.034412 0.501943 0.781950 -0.900002 0.145299 1.106183
Cleaner_FullBody_A.dds
84 0.106024 0.129169 0.034412 -0.425733 0.782846 -0.937709 0.383072 1.107616
84 0.103516 0.131031 0.067957 -0.955400 0.872075 0.009554 0.381631 1.124882
84 0.137686 0.152222 0.070509 -0.249295 1.269154 -0.022252 0.404200 1.124920
Cleaner_FullBody_A.dds
83 0.165630 0.036951 0.193617 -0.072153 -0.300633 -1.256109 0.521227 1.100770
84 0.106024 0.129169 0.034412 -0.425733 0.782846 -0.937709 0.383072 1.107616
84 0.142295 0.149078 0.034579 -0.032897 0.297394 -1.258519 0.407782 1.107613
Cleaner_FullBody_A.dds
80 -0.205602 -0.050040 0.105535 -1.088015 -0.609110 0.344387 0.923161 1.118425
80 -0.228795 -0.017716 0.051502 -1.208373 -0.461246 -0.021942 0.950781 1.106512
80 -0.210436 -0.070830 0.070510 -0.871340 -0.698729 -0.652641 0.910808 1.107059
Cleaner_FullBody_A.dds
79 -0.162691 0.036951 0.193617 -0.010805 -0.101085 -1.289597 0.977408 1.098996
80 -0.210436 -0.070830 0.070510 -0.871340 -0.698729 -0.652641 0.910808 1.107059
80 -0.228795 -0.017716 0.051502 -1.208373 -0.461246 -0.021942 0.950781 1.106512
Cleaner_FullBody_A.dds
49 0.236879 0.103499 1.507001 0.597011 0.807358 0.815565 0.548753 1.779990
48 0.203741 0.045226 1.547965 0.529299 -0.014516 1.180266 0.583318 1.755157
49 0.270891 0.040724 1.515480 0.744086 -0.112322 1.052195 0.545464 1.755907
Cleaner_FullBody_A.dds
84 0.176744 -0.072710 0.109892 0.560909 -1.125203 0.304457 0.632891 1.125887
84 0.185292 -0.082658 0.073404 0.383650 -0.937423 -0.804640 0.639451 1.108523
84 0.192882 -0.070830 0.070470 0.771240 -0.748269 -0.720192 0.626957 1.108456
Cleaner_FullBody_A.dds
84 0.173890 -0.062065 0.070893 -0.266662 0.271251 -1.236410 0.632506 1.108455
84 0.192882 -0.070830 0.070470 0.771240 -0.748269 -0.720192 0.626957 1.108456
84 0.185292 -0.082658 0.073404 0.383650 -0.937423 -0.804640 0.639451 1.108523
Cleaner_FullBody_A.dds
79 -0.150238 -0.063671 0.418281 -0.176907 -1.237105 -0.334172 0.888368 1.253180
79 -0.138055 -0.087723 0.487172 -0.145125 -1.209353 -0.435660 0.873692 1.277833
79 -0.182442 -0.063419 0.500873 -1.003494 -0.783313 -0.229818 0.910864 1.282736
Cleaner_FullBody_A.dds
79 -0.182442 -0.063419 0.500873 -1.003494 -0.783313 -0.229818 0.910864 1.282736
79 -0.217593 0.027033 0.505467 -1.277558 -0.014890 0.202534 0.947498 1.284380
79 -0.183894 -0.043995 0.458861 -0.983180 -0.833701 -0.108147 0.923953 1.267702
Cleaner_FullBody_A.dds
83 0.172207 -0.050342 0.454051 0.962951 -0.862027 -0.055054 0.625339 1.277579
82 0.181318 -0.045450 0.489836 1.025902 -0.779409 -0.115940 0.610179 1.285315
83 0.149712 -0.063671 0.418281 0.327815 -1.237826 -0.183633 0.650123 1.265199
Cleaner_FullBody_A.dds
83 0.067062 0.057640 0.220521 -1.234127 0.380483 -0.074551 0.302999 1.183301
83 0.056226 0.004923 0.329648 -1.234695 -0.370627 -0.107509 0.254651 1.224425
83 0.055840 0.094928 0.385314 -1.111216 0.662255 -0.003511 0.337835 1.230484
Cleaner_FullBody_A.dds
83 0.067062 0.057640 0.220521 -1.234127 0.380483 -0.074551 0.302999 1.183301
83 0.102077 0.115794 0.236373 -0.924974 0.903681 -0.034322 0.379998 1.189080
84 0.103516 0.131031 0.067957 -0.955400 0.872075 0.009554 0.381631 1.124882
Cleaner_FullBody_A.dds
79 -0.064280 0.043913 0.505468 1.184197 0.498068 -0.151665 0.189665 1.284381
79 -0.058062 0.004923 0.329648 1.236022 -0.370434 -0.091772 0.250608 1.221462
79 -0.059685 0.088419 0.385127 1.154197 0.584126 0.004580 0.165489 1.241316
Cleaner_FullBody_A.dds
79 -0.065513 0.056679 0.220521 1.245382 0.340673 -0.079757 0.198223 1.182410
80 -0.106369 0.131031 0.067957 0.993980 0.827851 0.007875 0.145184 1.118187
79 -0.102457 0.115794 0.236372 0.942727 0.885518 -0.022779 0.148866 1.188083
Cleaner_FullBody_A.dds
82 0.094749 -0.134319 0.907879 0.087196 -1.281594 -0.152674 0.681105 1.431869
2 -0.000826 -0.142211 0.914718 -0.000584 -1.225600 -0.413884 0.739683 1.436196
2 0.017662 -0.126370 0.887032 -0.224552 -1.168125 -0.508385 0.726239 1.422875
Cleaner_FullBody_A.dds
79 -0.186043 0.101543 0.496859 -0.584771 1.065886 0.441955 0.046400 1.281300
79 -0.129073 0.087892 0.532339 -0.193243 1.268815 0.161746 0.110004 1.298135
79 -0.125637 0.113506 0.499008 -0.143816 1.151913 0.570797 0.114485 1.286208
Cleaner_FullBody_A.dds
79 -0.129073 0.087892 0.532339 -0.193243 1.268815 0.161746 0.110004 1.298135
79 -0.091938 0.110148 0.508189 0.657964 1.085616 0.248833 0.138636 1.289493
79 -0.125637 0.113506 0.499008 -0.143816 1.151913 0.570797 0.114485 1.286208
Cleaner_FullBody_A.dds
83 0.156890 0.112551 0.496859 0.881219 0.936590 0.140171 0.416530 1.282060
83 0.125257 0.130199 0.499008 -0.166379 1.170466 0.525093 0.395724 1.282496
82 0.178618 0.086419 0.585811 0.406934 1.199593 0.262253 0.439291 1.314441
Cleaner_FullBody_A.dds
83 0.128693 0.104865 0.524584 -0.351905 1.109176 0.565054 0.399197 1.292093
83 0.125257 0.130199 0.499008 -0.166379 1.170466 0.525093 0.395724 1.282496
83 0.091558 0.097798 0.516694 -0.827063 0.965844 0.237712 0.371940 1.289411
Cleaner_FullBody_A.dds
4 -0.117588 -0.139069 1.393223 -0.391679 -1.205941 0.256299 0.846854 1.615430
4 -0.170262 -0.091998 1.288876 -0.973804 -0.847875 -0.078803 0.896834 1.576813
4 -0.091343 -0.152107 1.280489 -0.489023 -1.197134 -0.033494 0.832090 1.574186
Cleaner_FullBody_A.dds
2 -0.099518 -0.139335 1.159802 -0.553872 -1.168458 -0.036421 0.829840 1.544104
2 -0.001368 -0.167458 1.156402 0.039822 -1.292554 0.033351 0.742996 1.546314
4 -0.001275 -0.162924 1.271448 0.037952 -1.292493 0.037646 0.744392 1.572626
Cleaner_FullBody_A.dds
4 0.157947 0.110833 1.298537 0.766098 0.894101 -0.535791 0.589974 1.916918
4 0.117273 0.156099 1.355106 0.242051 1.223388 -0.343699 0.627119 1.886946
4 0.170856 0.148888 1.355705 0.554921 1.082859 -0.439174 0.597355 1.874668
Cleaner_FullBody_A.dds
4 0.175630 0.081493 1.297249 1.075960 0.529548 -0.485061 0.556150 1.907453
4 0.181697 0.122158 1.332564 0.915151 0.650140 -0.642816 0.566639 1.890836
4 0.201851 0.110917 1.362427 0.700923 0.859827 -0.665433 0.542062 1.858538
Cleaner_FullBody_A.dds
50 0.426501 -0.014117 1.255244 0.694236 -0.927782 0.575024 0.231494 1.733283
50 0.395946 -0.012135 1.302670 0.709501 -0.936977 0.540442 0.283035 1.733267
50 0.399040 -0.030234 1.243945 -0.000325 -1.260002 0.292900 0.233913 1.712695
Cleaner_FullBody_A.dds
50 0.395946 -0.012135 1.302670 0.709501 -0.936977 0.540442 0.283035 1.733267
50 0.426501 -0.014117 1.255244 0.694236 -0.927782 0.575024 0.231494 1.733283
50 0.455337 0.029826 1.267810 1.077839 -0.044963 0.713888 0.224693 1.750883
Cleaner_FullBody_A.dds
84 0.218113 0.100124 0.039083 0.728692 0.604315 -0.881594 0.486610 1.107688
84 0.172520 0.145213 0.035583 0.300684 0.907027 -0.871944 0.421963 1.107629
84 0.184091 0.139671 0.078103 0.713705 1.078232 -0.037905 0.425318 1.125063
Cleaner_FullBody_A.dds
83 0.165630 0.036951 0.193617 -0.072153 -0.300633 -1.256109 0.521227 1.100770
84 0.172520 0.145213 0.035583 0.300684 0.907027 -0.871944 0.421963 1.107629
84 0.218113 0.100124 0.039083 0.728692 0.604315 -0.881594 0.486610 1.107688
Cleaner_FullBody_A.dds
80 -0.246001 0.047406 0.074572 -1.292031 -0.046743 0.043210 -0.026769 1.117159
80 -0.204663 0.130988 0.071625 -0.986159 0.831934 -0.093660 0.059841 1.119500
80 -0.242559 0.040878 0.039232 -0.828788 0.251831 -0.960774 -0.027969 1.103277
Cleaner_FullBody_A.dds
79 -0.162691 0.036951 0.193617 -0.010805 -0.101085 -1.289597 -0.023628 1.098996
80 -0.242559 0.040878 0.039232 -0.828788 0.251831 -0.960774 -0.027969 1.103277
80 -0.199376 0.130715 0.034924 -0.339164 0.854154 -0.910376 0.061715 1.106367
Cleaner_FullBody_A.dds
2 -0.181680 0.085586 1.010286 -1.054659 0.729364 0.170637 0.055852 1.472243
2 -0.132203 0.103120 1.075374 -0.743469 1.037251 0.211564 0.098765 1.498621
2 -0.115361 0.150309 0.967528 -0.495208 1.188900 0.121168 0.116939 1.451102
Cleaner_FullBody_A.dds
2 -0.171746 0.066594 1.079118 -1.067139 0.705621 0.191594 0.950573 1.997987
2 -0.203104 -0.002343 1.074921 -1.271932 0.018605 0.235027 0.998509 1.995369
2 -0.190769 0.002905 1.133293 -1.289577 0.016774 0.100530 0.997744 1.975413
Cleaner_FullBody_A.dds
2 0.164954 -0.068302 1.130169 1.136602 -0.602520 0.136016 0.562924 1.526579
2 0.184851 0.003788 1.129692 1.283039 0.144953 0.078709 0.501636 1.526983
2 0.164503 -0.065553 1.172112 1.175463 -0.528234 -0.112476 0.561700 1.546371
Cleaner_FullBody_A.dds
2 0.167475 -0.094304 1.063456 1.030601 -0.752567 0.211897 0.586391 1.494637
2 0.164954 -0.068302 1.130169 1.136602 -0.602520 0.136016 0.562924 1.526579
2 0.121829 -0.116752 1.123420 0.720735 -1.070326 0.091320 0.645149 1.526857
Cleaner_FullBody_A.dds
4 -0.201195 -0.046856 1.296964 -1.223627 -0.413345 -0.072657 0.935986 1.589248
2 -0.189415 0.002887 1.174595 -1.281971 0.090054 -0.147774 0.972890 1.542058
2 -0.169291 -0.064018 1.174762 -1.160612 -0.560176 -0.112156 0.914576 1.543695
Cleaner_FullBody_A.dds
4 -0.206931 0.035028 1.301737 -1.162680 0.055153 -0.564383 0.978672 1.613748
4 -0.201195 -0.046856 1.296964 -1.223627 -0.413345 -0.072657 0.935986 1.589248
4 -0.204001 -0.020760 1.357494 -0.898842 -0.797144 -0.479626 0.929517 1.608754
Cleaner_FullBody_A.dds
79 -0.086405 0.078953 0.593017 0.746194 1.056503 0.019770 0.149292 1.315711
78 -0.045840 0.063119 0.616769 1.103449 0.637712 -0.221632 0.187096 1.324211
78 -0.060727 0.071716 0.556053 1.025541 0.783066 -0.092024 0.172787 1.302483
Cleaner_FullBody_A.dds
78 -0.025086 0.000633 0.562923 1.234686 0.309860 -0.230068 0.250756 1.304942
78 -0.060727 0.071716 0.556053 1.025541 0.783066 -0.092024 0.172787 1.302483
78 -0.045840 0.063119 0.616769 1.103449 0.637712 -0.221632 0.187096 1.324211
Cleaner_FullBody_A.dds
82 0.076612 0.084757 0.550834 -0.630997 1.114157 -0.184096 0.358321 1.301833
82 0.050231 0.044300 0.556053 -1.140232 0.576850 -0.201272 0.311107 1.311114
82 0.071098 0.104469 0.583313 -0.655831 1.067531 -0.321959 0.361087 1.313050
Cleaner_FullBody_A.dds
82 0.013578 -0.009491 0.644676 -1.277631 0.035878 -0.199415 0.254818 1.337069
82 0.031514 0.045278 0.647298 -1.127229 0.620815 -0.131676 0.307133 1.337023
82 0.050231 0.044300 0.556053 -1.140232 0.576850 -0.201272 0.311107 1.311114
Cleaner_FullBody_A.dds
80 -0.210436 -0.070830 0.070510 -0.871340 -0.698729 -0.652641 0.910808 1.107059
80 -0.174367 -0.070802 0.109892 -0.283115 -1.197157 0.400070 0.901389 1.118885
80 -0.205602 -0.050040 0.105535 -1.088015 -0.609110 0.344387 0.923161 1.118425
Cleaner_FullBody_A.dds
80 -0.174367 -0.070802 0.109892 -0.283115 -1.197157 0.400070 0.901389 1.118885
79 -0.200645 -0.023978 0.297031 -1.025870 -0.784689 0.072447 0.926163 1.209790
80 -0.205602 -0.050040 0.105535 -1.088015 -0.609110 0.344387 0.923161 1.118425
Cleaner_FullBody_A.dds
2 0.001849 0.135779 1.076980 0.036260 1.277726 0.198740 0.249151 1.498513
2 -0.115361 0.150309 0.967528 -0.495208 1.188900 0.121168 0.116939 1.451102
2 -0.089288 0.124914 1.075074 -0.371503 1.224191 0.191672 0.133809 1.498514
Cleaner_FullBody_A.dds
2 -0.089288 0.124914 1.075074 -0.371503 1.224191 0.191672 0.836159 1.997905
2 -0.096389 0.121831 1.172855 -0.462020 1.204343 -0.097428 0.834658 1.956494
2 0.001849 0.135779 1.076980 0.036260 1.277726 0.198740 0.750550 1.997979
Cleaner_FullBody_A.dds
82 0.181318 -0.045450 0.489836 1.025902 -0.779409 -0.115940 0.610179 1.285315
82 0.207221 0.018048 0.541089 1.285914 -0.013171 -0.140171 0.546839 1.301016
82 0.169091 -0.071876 0.551365 1.065262 -0.708457 -0.191571 0.642689 1.304950
Cleaner_FullBody_A.dds
79 -0.209290 0.017742 0.539439 -1.275731 -0.004325 -0.214211 0.943131 1.296537
79 -0.182442 -0.063419 0.500873 -1.003494 -0.783313 -0.229818 0.910864 1.282736
79 -0.190174 -0.071876 0.551365 -1.015517 -0.769788 -0.222594 0.907611 1.300805
Cleaner_FullBody_A.dds
79 -0.121084 0.119346 0.569419 0.160167 1.253584 -0.276169 0.116175 1.307266
78 -0.195361 0.086545 0.576720 -0.671803 1.092083 -0.171557 0.076604 1.309879
79 -0.122387 0.119640 0.591477 0.135754 1.285516 0.049131 0.114218 1.315160
Cleaner_FullBody_A.dds
79 -0.129073 0.087892 0.532339 -0.193243 1.268815 0.161746 0.110004 1.298135
78 -0.195361 0.086545 0.576720 -0.671803 1.092083 -0.171557 0.076604 1.309879
79 -0.121084 0.119346 0.569419 0.160167 1.253584 -0.276169 0.116175 1.307266
Cleaner_FullBody_A.dds
82 0.123391 0.093639 0.565374 0.015087 1.253569 -0.318954 0.396366 1.307016
82 0.122008 0.111438 0.591477 0.358734 1.200290 -0.322506 0.394320 1.315917
82 0.178618 0.086419 0.585811 0.406934 1.199593 0.262253 0.439291 1.314441
Cleaner_FullBody_A.dds
83 0.128693 0.104865 0.524584 -0.351905 1.109176 0.565054 0.399197 1.292093
82 0.123391 0.093639 0.565374 0.015087 1.253569 -0.318954 0.396366 1.307016
82 0.178618 0.086419 0.585811 0.406934 1.199593 0.262253 0.439291 1.314441
Cleaner_FullBody_A.dds
78 -0.037562 0.116159 0.808460 0.680830 0.889546 -0.646973 0.213417 1.388270
2 -0.125777 0.130969 0.824071 -0.447400 1.187228 -0.252426 0.113648 1.402982
2 0.002048 0.144677 0.841858 0.020693 1.095494 -0.687649 0.250544 1.407404
Cleaner_FullBody_A.dds
2 -0.000826 0.073126 0.838927 0.049542 0.224154 -1.273065 0.267136 1.391039
2 0.002048 0.144677 0.841858 0.020693 1.095494 -0.687649 0.250544 1.407404
82 0.047348 0.116707 0.807672 -0.685286 0.875839 -0.660822 0.323115 1.390222
Cleaner_FullBody_A.dds
4 0.214104 0.042058 1.315861 -0.389049 -0.090415 -1.230391 0.474086 1.833787
49 0.214862 0.108046 1.357452 -0.395937 0.928973 -0.808479 0.459514 1.814146
49 0.243972 0.102388 1.320153 -0.668069 0.845407 -0.715798 0.405057 1.812699
Cleaner_FullBody_A.dds
49 0.214862 0.108046 1.357452 -0.395937 0.928973 -0.808479 0.459514 1.814146
49 0.237175 0.132796 1.428863 0.242457 1.270319 -0.029984 0.484858 1.795854
49 0.243972 0.102388 1.320153 -0.668069 0.845407 -0.715798 0.405057 1.812699
Cleaner_FullBody_A.dds
4 -0.070102 0.053287 1.603418 0.581873 -0.880271 0.748292 0.798208 1.738021
4 -0.045226 0.070159 1.611882 -0.576755 0.384569 -1.092179 0.786814 1.749959
4 -0.059431 0.065543 1.640692 0.253829 -0.833470 0.956187 0.797662 1.754416
Cleaner_FullBody_A.dds
78 -0.109506 -0.131158 0.899484 -0.097162 -1.280591 -0.155049 0.835311 1.425382
78 -0.182828 -0.110545 0.916193 -0.891526 -0.937178 0.016573 0.895482 1.430660
78 -0.124208 -0.129807 0.756297 -0.353794 -1.242302 -0.070078 0.857028 1.374141
Cleaner_FullBody_A.dds
79 -0.182442 -0.063419 0.500873 -1.003494 -0.783313 -0.229818 0.910864 1.282736
79 -0.138055 -0.087723 0.487172 -0.145125 -1.209353 -0.435660 0.873692 1.277833
79 -0.135319 -0.109804 0.542564 -0.087224 -1.250662 -0.318797 0.866973 1.297656
Cleaner_FullBody_A.dds
82 0.107541 -0.132833 0.754995 0.225766 -1.271325 -0.078478 0.669535 1.374671
82 0.173287 -0.111789 0.926628 0.842021 -0.981958 0.012411 0.627122 1.439111
82 0.094749 -0.134319 0.907879 0.087196 -1.281594 -0.152674 0.681105 1.431869
Cleaner_FullBody_A.dds
82 0.169091 -0.071876 0.551365 1.065262 -0.708457 -0.191571 0.642689 1.304950
82 0.135603 -0.105560 0.542564 0.236841 -1.241722 -0.274643 0.659890 1.302520
82 0.181318 -0.045450 0.489836 1.025902 -0.779409 -0.115940 0.610179 1.285315
Cleaner_FullBody_A.dds
69 0.426516 -0.043164 1.119656 -0.780905 -0.976293 -0.332317 0.153933 1.690452
50 0.340691 -0.018874 1.253141 -0.484388 -1.153424 -0.329208 0.249389 1.686593
50 0.335816 0.021819 1.189498 -1.067947 -0.196990 -0.702908 0.215773 1.662963
Cleaner_FullBody_A.dds
50 0.340691 -0.018874 1.253141 -0.484388 -1.153424 -0.329208 0.249389 1.686593
69 0.426516 -0.043164 1.119656 -0.780905 -0.976293 -0.332317 0.153933 1.690452
50 0.399040 -0.030234 1.243945 -0.000325 -1.260002 0.292900 0.233913 1.712695
Cleaner_FullBody_A.dds
49 0.269601 0.111232 1.477993 0.753379 0.773455 0.712449 0.506016 1.775311
49 0.237175 0.132796 1.428863 0.242457 1.270319 -0.029984 0.484858 1.795854
49 0.236879 0.103499 1.507001 0.597011 0.807358 0.815565 0.548753 1.779990
Cleaner_FullBody_A.dds
49 0.270891 0.040724 1.515480 0.744086 -0.112322 1.052195 0.545464 1.755907
49 0.269601 0.111232 1.477993 0.753379 0.773455 0.712449 0.506016 1.775311
49 0.236879 0.103499 1.507001 0.597011 0.807358 0.815565 0.548753 1.779990
Cleaner_FullBody_A.dds
69 0.545184 0.042276 1.008335 0.723809 0.182796 -1.056448 0.008442 1.792368
69 0.521662 0.049880 1.037161 0.124254 1.260694 -0.261930 0.031043 1.792275
69 0.578055 0.024735 1.037656 1.119759 0.640877 -0.093874 0.008481 1.774310
Cleaner_FullBody_A.dds
69 0.521662 0.049880 1.037161 0.124254 1.260694 -0.261930 0.031043 1.792275
69 0.545184 0.042276 1.008335 0.723809 0.182796 -1.056448 0.008442 1.792368
69 0.508095 0.023090 0.986657 0.115550 0.512608 -1.182065 0.008430 1.815718
Cleaner_FullBody_A.dds
4 0.001300 0.172512 1.487881 0.001498 1.225136 0.415254 0.752427 1.821882
4 0.001205 0.139886 1.550762 -0.002922 1.105080 0.672447 0.751814 1.804901
4 0.115760 0.129949 1.544335 0.322977 0.998031 0.756978 0.641896 1.797626
Cleaner_FullBody_A.dds
4 0.118915 0.164248 1.474664 0.211820 1.255354 0.229377 0.627039 1.821697
4 0.003185 0.175727 1.368165 0.000207 1.281353 -0.177566 0.752690 1.887117
4 0.001300 0.172512 1.487881 0.001498 1.225136 0.415254 0.752427 1.821882
Cleaner_FullBody_A.dds
4 0.088563 0.084855 1.589726 0.752193 0.536356 0.905496 0.651880 1.762021
4 0.062343 0.090276 1.625083 0.642935 0.909728 0.657590 0.699545 1.768307
4 0.080877 0.057388 1.625073 1.090860 0.374847 0.585585 0.665282 1.742212
Cleaner_FullBody_A.dds
49 0.231004 -0.050888 1.431307 0.340541 -1.231947 -0.199337 0.567189 1.640214
49 0.246064 -0.033162 1.490971 0.541116 -0.966989 0.667473 0.560717 1.686216
4 0.194735 -0.067237 1.441358 0.725958 -1.049746 0.210745 0.584391 1.641286
Cleaner_FullBody_A.dds
49 0.262421 -0.028782 1.476740 0.779193 -0.848465 0.588524 0.529440 1.697159
49 0.270891 0.040724 1.515480 0.744086 -0.112322 1.052195 0.545464 1.755907
49 0.246064 -0.033162 1.490971 0.541116 -0.966989 0.667473 0.560717 1.686216
Cleaner_FullBody_A.dds
83 0.152723 -0.060697 0.320827 -0.328620 -1.249955 -0.054920 0.644430 1.222285
83 0.191268 -0.034138 0.329911 0.973429 -0.849084 0.069915 0.614794 1.225249
83 0.149712 -0.063671 0.418281 0.327815 -1.237826 -0.183633 0.650123 1.265199
Cleaner_FullBody_A.dds
83 0.191268 -0.034138 0.329911 0.973429 -0.849084 0.069915 0.614794 1.225249
83 0.152723 -0.060697 0.320827 -0.328620 -1.249955 -0.054920 0.644430 1.222285
84 0.176744 -0.072710 0.109892 0.560909 -1.125203 0.304457 0.632891 1.125887
Cleaner_FullBody_A.dds
79 -0.155421 -0.060697 0.322045 0.196053 -1.277621 -0.051416 0.884970 1.218742
79 -0.183894 -0.043995 0.458861 -0.983180 -0.833701 -0.108147 0.923953 1.267702
79 -0.200645 -0.023978 0.297031 -1.025870 -0.784689 0.072447 0.926163 1.209790
Cleaner_FullBody_A.dds
79 -0.200645 -0.023978 0.297031 -1.025870 -0.784689 0.072447 0.926163 1.209790
80 -0.174367 -0.070802 0.109892 -0.283115 -1.197157 0.400070 0.901389 1.118885
79 -0.155421 -0.060697 0.322045 0.196053 -1.277621 -0.051416 0.884970 1.218742
Cleaner_FullBody_A.dds
78 -0.109506 -0.131158 0.899484 -0.097162 -1.280591 -0.155049 0.835311 1.425382
2 -0.000826 -0.142211 0.914718 -0.000584 -1.225600 -0.413884 0.739683 1.436196
2 -0.114718 -0.142366 1.043161 -0.419927 -1.223530 -0.005483 0.845601 1.483968
Cleaner_FullBody_A.dds
82 0.207221 0.018048 0.541089 1.285914 -0.013171 -0.140171 0.546839 1.301016
82 0.213237 0.027033 0.505467 1.283793 -0.063368 0.145793 0.542132 1.288141
83 0.156890 0.112551 0.496859 0.881219 0.936590 0.140171 0.416530 1.282060
Cleaner_FullBody_A.dds
82 0.207221 0.018048 0.541089 1.285914 -0.013171 -0.140171 0.546839 1.301016
82 0.208871 0.060716 0.592279 1.042054 0.765356 0.041839 0.478063 1.315456
82 0.225929 0.006275 0.598249 1.285792 -0.083598 -0.114656 0.542394 1.320213
Cleaner_FullBody_A.dds
4 -0.133713 0.155049 1.362826 -0.306683 1.209759 -0.340329 0.873712 1.887118
4 0.003185 0.175727 1.368165 0.000207 1.281353 -0.177566 0.752690 1.887117
4 0.002472 0.139407 1.276472 0.020488 1.266446 -0.262851 0.751131 1.903725
Cleaner_FullBody_A.dds
4 0.002472 0.139407 1.276472 0.020488 1.266446 -0.262851 0.751131 1.903725
2 0.003154 0.135364 1.169754 0.057878 1.292119 -0.021797 0.743779 1.956543
2 -0.096389 0.121831 1.172855 -0.462020 1.204343 -0.097428 0.834658 1.956494
Cleaner_FullBody_A.dds
4 -0.222487 0.145087 1.439955 -0.536854 1.175806 0.051605 0.943515 1.798838
24 -0.250978 0.133131 1.426083 -0.161216 1.282359 -0.054417 0.999335 1.799162
24 -0.264926 0.096079 1.506513 -0.673564 0.758271 0.802952 0.951695 1.777575
Cleaner_FullBody_A.dds
23 -0.084060 -0.032907 1.576066 0.485438 -0.788277 0.903529 0.828349 1.701149
23 -0.136859 -0.016497 1.554298 -0.632134 -0.579848 0.968286 0.889335 1.705975
4 -0.115666 -0.062564 1.528022 -0.444996 -0.950058 0.756812 0.850791 1.675909
Cleaner_FullBody_A.dds
2 0.135505 -0.106435 1.169756 0.903764 -0.922651 -0.072945 0.637554 1.544959
4 0.171936 -0.097574 1.297361 0.959887 -0.863196 -0.083101 0.602418 1.579125
2 0.087186 -0.136144 1.161732 0.522637 -1.181863 -0.058701 0.682100 1.546431
Cleaner_FullBody_A.dds
4 0.171936 -0.097574 1.297361 0.959887 -0.863196 -0.083101 0.602418 1.579125
2 0.135505 -0.106435 1.169756 0.903764 -0.922651 -0.072945 0.637554 1.544959
2 0.164503 -0.065553 1.172112 1.175463 -0.528234 -0.112476 0.561700 1.546371
Cleaner_FullBody_A.dds
79 -0.209832 0.135011 0.245246 -0.860307 0.963386 0.071791 0.054181 1.191259
79 -0.198665 0.118056 0.386192 -0.941996 0.859413 0.217825 0.047300 1.241697
79 -0.129018 0.144413 0.388658 0.169648 1.272533 0.158978 0.112016 1.242579
Cleaner_FullBody_A.dds
79 -0.186043 0.101543 0.496859 -0.584771 1.065886 0.441955 0.046400 1.281300
79 -0.129018 0.144413 0.388658 0.169648 1.272533 0.158978 0.112016 1.242579
79 -0.198665 0.118056 0.386192 -0.941996 0.859413 0.217825 0.047300 1.241697
Cleaner_FullBody_A.dds
83 0.102077 0.115794 0.236373 -0.924974 0.903681 -0.034322 0.379998 1.189080
83 0.128638 0.144413 0.388658 -0.181049 1.276295 0.108112 0.397501 1.242966
84 0.137686 0.152222 0.070509 -0.249295 1.269154 -0.022252 0.404200 1.124920
Cleaner_FullBody_A.dds
83 0.156890 0.112551 0.496859 0.881219 0.936590 0.140171 0.416530 1.282060
83 0.196094 0.111798 0.386191 0.925054 0.881168 0.203008 0.459892 1.242696
83 0.128638 0.144413 0.388658 -0.181049 1.276295 0.108112 0.397501 1.242966
Cleaner_FullBody_A.dds
78 -0.181411 0.101405 0.607161 -0.625868 1.128283 0.093067 0.078622 1.320772
78 -0.195361 0.086545 0.576720 -0.671803 1.092083 -0.171557 0.076604 1.309879
78 -0.209642 0.049831 0.737944 -1.101493 0.664494 0.136220 0.020937 1.367574
Cleaner_FullBody_A.dds
78 -0.209642 0.049831 0.737944 -1.101493 0.664494 0.136220 0.020937 1.367574
78 -0.178025 0.081556 0.691570 -0.760099 1.042604 0.092851 0.080942 1.350978
78 -0.181411 0.101405 0.607161 -0.625868 1.128283 0.093067 0.078622 1.320772
Cleaner_FullBody_A.dds
82 0.177618 0.070387 0.627149 0.871634 0.949183 0.112701 0.439898 1.329930
82 0.208871 0.060716 0.592279 1.042054 0.765356 0.041839 0.478063 1.315456
82 0.178618 0.086419 0.585811 0.406934 1.199593 0.262253 0.439291 1.314441
Cleaner_FullBody_A.dds
82 0.195911 0.038742 0.715053 1.139190 0.607307 0.082581 0.485283 1.371170
82 0.177618 0.070387 0.627149 0.871634 0.949183 0.112701 0.439898 1.329930
82 0.175711 0.081556 0.702730 1.043513 0.763176 -0.045148 0.435635 1.359311
Cleaner_FullBody_A.dds
83 0.050081 0.043913 0.505468 -1.214862 0.443864 -0.022165 0.306117 1.295454
82 0.033105 0.000789 0.536568 -1.266445 0.182274 -0.190497 0.254930 1.298314
82 0.050231 0.044300 0.556053 -1.140232 0.576850 -0.201272 0.311107 1.311114
Cleaner_FullBody_A.dds
82 0.033105 0.000789 0.536568 -1.266445 0.182274 -0.190497 0.747801 1.298314
82 0.042284 -0.040148 0.527217 -1.148853 -0.504962 -0.313920 0.720353 1.293320
82 0.028424 0.000633 0.562923 -1.263535 0.175045 -0.215021 0.748833 1.307718
Cleaner_FullBody_A.dds
78 -0.029793 0.000820 0.538868 1.236383 0.244886 -0.291175 0.250751 1.296333
79 -0.045526 0.001258 0.482369 1.254488 -0.056022 -0.310670 0.250731 1.276114
79 -0.064280 0.043913 0.505468 1.184197 0.498068 -0.151665 0.189665 1.284381
Cleaner_FullBody_A.dds
78 -0.029793 0.000820 0.538868 1.236383 0.244886 -0.291175 0.749955 1.296333
79 -0.039464 -0.040148 0.527217 1.151973 -0.483536 -0.335480 0.782733 1.292164
79 -0.045526 0.001258 0.482369 1.254488 -0.056022 -0.310670 0.749070 1.276114
Cleaner_FullBody_A.dds
49 0.231004 -0.050888 1.431307 0.340541 -1.231947 -0.199337 0.567189 1.640214
4 0.194735 -0.067237 1.441358 0.725958 -1.049746 0.210745 0.584391 1.641286
49 0.197953 -0.026235 1.358196 0.996039 -0.680828 -0.466664 0.567969 1.615131
Cleaner_FullBody_A.dds
4 -0.130579 0.162361 1.478669 -0.241258 1.253128 0.211804 0.874236 1.822453
23 -0.123237 0.128651 1.544598 -0.266828 1.012895 0.759106 0.866497 1.800104
4 0.001300 0.172512 1.487881 0.001498 1.225136 0.415254 0.752427 1.821882
Cleaner_FullBody_A.dds
4 -0.222487 0.145087 1.439955 -0.536854 1.175806 0.051605 0.943515 1.798838
4 -0.217174 0.110382 1.526006 -0.484287 0.836949 0.859289 0.931148 1.778437
4 -0.130579 0.162361 1.478669 -0.241258 1.253128 0.211804 0.874236 1.822453
Cleaner_FullBody_A.dds
4 0.136395 -0.015975 1.554064 0.633705 -0.596991 0.956773 0.610008 1.716640
4 0.105845 -0.060941 1.530463 0.382517 -0.951929 0.787977 0.659400 1.677103
4 0.143196 -0.068869 1.499288 0.470067 -1.000607 0.671728 0.623529 1.669248
Cleaner_FullBody_A.dds
80 -0.199376 0.130715 0.034924 -0.339164 0.854154 -0.910376 0.061715 1.106367
80 -0.138022 0.152222 0.072926 0.222540 1.273741 -0.038142 0.126406 1.119966
80 -0.142630 0.149054 0.034579 0.025644 0.289419 -1.260545 0.123472 1.106243
Cleaner_FullBody_A.dds
80 -0.138022 0.152222 0.072926 0.222540 1.273741 -0.038142 0.126406 1.119966
80 -0.106360 0.129169 0.034412 0.501943 0.781950 -0.900002 0.145299 1.106183
80 -0.142630 0.149054 0.034579 0.025644 0.289419 -1.260545 0.123472 1.106243
Cleaner_FullBody_A.dds
79 -0.065513 0.056679 0.220521 1.245382 0.340673 -0.079757 0.198223 1.182410
79 -0.058062 0.004923 0.329648 1.236022 -0.370434 -0.091772 0.250608 1.221462
79 -0.063519 0.010441 0.211541 1.168669 -0.548844 -0.079857 0.250412 1.179197
Cleaner_FullBody_A.dds
79 -0.058062 0.004923 0.329648 1.236022 -0.370434 -0.091772 0.754467 1.221462
79 -0.155421 -0.060697 0.322045 0.196053 -1.277621 -0.051416 0.884970 1.218742
79 -0.063519 0.010441 0.211541 1.168669 -0.548844 -0.079857 0.752505 1.179197
Cleaner_FullBody_A.dds
83 0.067062 0.057640 0.220521 -1.234127 0.380483 -0.074551 0.302999 1.183301
83 0.058747 0.010441 0.211541 -1.191197 -0.497981 -0.080379 0.254611 1.182192
83 0.056226 0.004923 0.329648 -1.234695 -0.370627 -0.107509 0.254651 1.224425
Cleaner_FullBody_A.dds
83 0.056226 0.004923 0.329648 -1.234695 -0.370627 -0.107509 0.748929 1.224425
83 0.058747 0.010441 0.211541 -1.191197 -0.497981 -0.080379 0.747737 1.182192
83 0.152723 -0.060697 0.320827 -0.328620 -1.249955 -0.054920 0.644430 1.222285
Cleaner_FullBody_A.dds
84 0.172520 0.145213 0.035583 0.300684 0.907027 -0.871944 0.421963 1.107629
84 0.142295 0.149078 0.034579 -0.032897 0.297394 -1.258519 0.407782 1.107613
84 0.137686 0.152222 0.070509 -0.249295 1.269154 -0.022252 0.404200 1.124920
Cleaner_FullBody_A.dds
84 0.137686 0.152222 0.070509 -0.249295 1.269154 -0.022252 0.404200 1.124920
84 0.142295 0.149078 0.034579 -0.032897 0.297394 -1.258519 0.407782 1.107613
84 0.106024 0.129169 0.034412 -0.425733 0.782846 -0.937709 0.383072 1.107616
Cleaner_FullBody_A.dds
4 0.194735 -0.067237 1.441358 0.725958 -1.049746 0.210745 0.584391 1.641286
4 0.133493 -0.102077 1.444514 0.415311 -1.104581 0.529919 0.641123 1.641767
4 0.169024 -0.101210 1.401594 0.725862 -1.046381 0.227172 0.617098 1.618738
Cleaner_FullBody_A.dds
69 0.563219 -0.014313 1.080631 1.020128 -0.213019 0.766393 0.031177 1.751052
69 0.584268 -0.019428 1.052764 1.061221 -0.322056 -0.665947 0.008510 1.750949
69 0.578055 0.024735 1.037656 1.119759 0.640877 -0.093874 0.008481 1.774310
Cleaner_FullBody_A.dds
69 0.584268 -0.019428 1.052764 1.061221 -0.322056 -0.665947 0.008510 1.750949
69 0.563219 -0.014313 1.080631 1.020128 -0.213019 0.766393 0.031177 1.751052
69 0.559666 -0.064319 1.047952 0.902867 -0.911541 0.165284 0.008534 1.733394
Cleaner_FullBody_A.dds
78 -0.000826 -0.088984 0.833344 0.001458 -1.135881 -0.619006 0.751109 1.392649
2 -0.000826 -0.116184 0.871373 -0.006263 -1.081453 -0.709799 0.742711 1.418488
78 -0.024105 -0.121304 0.879762 0.225064 -1.178539 -0.483515 0.759161 1.418324
Cleaner_FullBody_A.dds
78 -0.109506 -0.131158 0.899484 -0.097162 -1.280591 -0.155049 0.835311 1.425382
78 -0.124208 -0.129807 0.756297 -0.353794 -1.242302 -0.070078 0.857028 1.374141
78 -0.038302 -0.119997 0.761940 0.711197 -1.063754 -0.189793 0.792108 1.376161
Cleaner_FullBody_A.dds
83 0.227570 0.036132 0.386304 1.284952 0.034988 0.145152 0.534624 1.244128
83 0.240553 0.044524 0.258530 1.274189 -0.198669 0.101827 0.529977 1.198515
83 0.222475 0.113609 0.193711 1.067535 0.729153 0.045836 0.480799 1.174202
Cleaner_FullBody_A.dds
79 -0.200645 -0.023978 0.297031 -1.025870 -0.784689 0.072447 0.926163 1.209790
79 -0.236014 0.039870 0.386304 -1.284619 0.035736 0.147891 0.954128 1.241737
79 -0.245630 0.041726 0.258530 -1.290020 -0.091365 0.029940 0.960075 1.196012
Cleaner_FullBody_A.dds
50 0.340691 -0.018874 1.253141 -0.484388 -1.153424 -0.329208 0.249389 1.686593
49 0.378141 -0.020585 1.270238 0.086373 -1.287114 0.096292 0.261987 1.711987
49 0.336498 -0.038441 1.326699 0.313638 -1.254997 0.002985 0.341966 1.713805
Cleaner_FullBody_A.dds
49 0.378141 -0.020585 1.270238 0.086373 -1.287114 0.096292 0.261987 1.711987
50 0.395946 -0.012135 1.302670 0.709501 -0.936977 0.540442 0.283035 1.733267
49 0.336498 -0.038441 1.326699 0.313638 -1.254997 0.002985 0.341966 1.713805
Cleaner_FullBody_A.dds
4 -0.196513 0.141472 1.367830 -0.630220 0.994866 -0.535218 0.912591 1.867865
4 -0.187319 0.071126 1.292179 -1.001701 0.570011 -0.587433 0.961566 1.885819
4 -0.219936 0.070048 1.316679 -1.089488 0.339036 -0.609481 0.962370 1.865157
Cleaner_FullBody_A.dds
4 -0.219936 0.070048 1.316679 -1.089488 0.339036 -0.609481 0.962370 1.865157
4 -0.218640 0.113441 1.368870 -0.543989 1.057155 -0.509799 0.960417 1.816331
4 -0.196513 0.141472 1.367830 -0.630220 0.994866 -0.535218 0.912591 1.867865
Cleaner_FullBody_A.dds
79 -0.209832 0.135011 0.245246 -0.860307 0.963386 0.071791 0.054181 1.191259
80 -0.204663 0.130988 0.071625 -0.986159 0.831934 -0.093660 0.059841 1.119500
79 -0.245630 0.041726 0.258530 -1.290020 -0.091365 0.029940 -0.036049 1.196012
Cleaner_FullBody_A.dds
79 -0.245630 0.041726 0.258530 -1.290020 -0.091365 0.029940 -0.036049 1.196012
80 -0.204663 0.130988 0.071625 -0.986159 0.831934 -0.093660 0.059841 1.119500
80 -0.246001 0.047406 0.074572 -1.292031 -0.046743 0.043210 -0.026769 1.117159
Cleaner_FullBody_A.dds
83 0.227570 0.036132 0.386304 1.284952 0.034988 0.145152 0.534624 1.244128
83 0.196094 0.111798 0.386191 0.925054 0.881168 0.203008 0.459892 1.242696
82 0.213237 0.027033 0.505467 1.283793 -0.063368 0.145793 0.542132 1.288141
Cleaner_FullBody_A.dds
83 0.222475 0.113609 0.193711 1.067535 0.729153 0.045836 0.480799 1.174202
84 0.219528 0.102212 0.078141 1.089979 0.687406 -0.113200 0.482685 1.125086
84 0.184091 0.139671 0.078103 0.713705 1.078232 -0.037905 0.425318 1.125063
Cleaner_FullBody_A.dds
2 0.101955 0.152975 0.974121 0.513263 1.176296 0.162123 0.360541 1.452030
2 0.124643 0.129959 0.825645 0.454693 1.193660 -0.204511 0.380073 1.406150
2 0.002048 0.144677 0.841858 0.020693 1.095494 -0.687649 0.250544 1.407404
Cleaner_FullBody_A.dds
2 0.150402 0.075381 1.073970 0.956292 0.834743 0.249208 0.576032 1.996359
2 0.126304 0.088890 1.168405 0.858513 0.961621 -0.107863 0.608846 1.951532
2 0.156316 0.057535 1.174634 1.073837 0.707490 -0.140455 0.573107 1.950340
Cleaner_FullBody_A.dds
69 0.523862 -0.084066 1.027110 0.500725 -0.859873 -0.826613 0.008543 1.710494
69 0.507333 -0.072823 1.058013 -0.131401 -1.253762 0.290191 0.031692 1.712187
69 0.493631 -0.058679 1.001005 -0.489336 -0.768490 -0.918351 0.008537 1.683577
Cleaner_FullBody_A.dds
69 0.507333 -0.072823 1.058013 -0.131401 -1.253762 0.290191 0.031692 1.712187
69 0.523862 -0.084066 1.027110 0.500725 -0.859873 -0.826613 0.008543 1.710494
69 0.559666 -0.064319 1.047952 0.902867 -0.911541 0.165284 0.008534 1.733394
Cleaner_FullBody_A.dds
82 0.041693 -0.119068 0.752955 -0.718651 -1.051189 -0.227897 0.711618 1.376955
82 0.107541 -0.132833 0.754995 0.225766 -1.271325 -0.078478 0.669535 1.374671
82 0.094749 -0.134319 0.907879 0.087196 -1.281594 -0.152674 0.681105 1.431869
Cleaner_FullBody_A.dds
82 0.041693 -0.119068 0.752955 -0.718651 -1.051189 -0.227897 0.711618 1.376955
2 0.017662 -0.126370 0.887032 -0.224552 -1.168125 -0.508385 0.726239 1.422875
78 -0.000826 -0.088984 0.833344 0.001458 -1.135881 -0.619006 0.751109 1.392649
Cleaner_FullBody_A.dds
2 -0.001368 -0.167458 1.156402 0.039822 -1.292554 0.033351 0.742996 1.546314
2 -0.099518 -0.139335 1.159802 -0.553872 -1.168458 -0.036421 0.829840 1.544104
2 -0.005236 -0.168118 1.112400 0.023577 -1.293335 -0.011086 0.746820 1.526736
Cleaner_FullBody_A.dds
4 -0.218640 0.113441 1.368870 -0.543989 1.057155 -0.509799 0.960417 1.816331
24 -0.250978 0.133131 1.426083 -0.161216 1.282359 -0.054417 0.999335 1.799162
4 -0.222487 0.145087 1.439955 -0.536854 1.175806 0.051605 0.943515 1.798838
Cleaner_FullBody_A.dds
4 -0.217174 0.110382 1.526006 -0.484287 0.836949 0.859289 0.931148 1.778437
4 -0.222487 0.145087 1.439955 -0.536854 1.175806 0.051605 0.943515 1.798838
24 -0.264926 0.096079 1.506513 -0.673564 0.758271 0.802952 0.951695 1.777575
Cleaner_FullBody_A.dds
78 -0.178025 0.081556 0.691570 -0.760099 1.042604 0.092851 0.080942 1.350978
78 -0.170429 0.091858 0.857496 -1.051040 0.754098 0.006826 0.067347 1.410356
2 -0.125777 0.130969 0.824071 -0.447400 1.187228 -0.252426 0.113648 1.402982
Cleaner_FullBody_A.dds
49 0.380855 0.129033 1.255038 0.071450 1.258645 -0.290007 0.291911 1.793921
49 0.406653 0.099566 1.294317 0.870169 0.765959 0.574027 0.287113 1.775225
50 0.444029 0.088680 1.241080 0.828552 0.966972 0.227731 0.224733 1.773674
Cleaner_FullBody_A.dds
50 0.444029 0.088680 1.241080 0.828552 0.966972 0.227731 0.224733 1.773674
49 0.406653 0.099566 1.294317 0.870169 0.765959 0.574027 0.287113 1.775225
50 0.455337 0.029826 1.267810 1.077839 -0.044963 0.713888 0.224693 1.750883
Cleaner_FullBody_A.dds
2 -0.172017 -0.100073 1.053795 -1.045222 -0.728026 0.225577 0.874912 1.479771
2 -0.203104 -0.002343 1.074921 -1.271932 0.018605 0.235027 0.965965 1.496121
78 -0.219721 -0.019142 0.907013 -1.292782 0.000728 0.045929 0.950015 1.428076
Cleaner_FullBody_A.dds
78 -0.219721 -0.019142 0.907013 -1.292782 0.000728 0.045929 -0.050562 1.428076
2 -0.181680 0.085586 1.010286 -1.054659 0.729364 0.170637 0.055852 1.472243
78 -0.170429 0.091858 0.857496 -1.051040 0.754098 0.006826 0.067347 1.410356
Cleaner_FullBody_A.dds
84 0.137686 0.152222 0.070509 -0.249295 1.269154 -0.022252 0.404200 1.124920
83 0.128638 0.144413 0.388658 -0.181049 1.276295 0.108112 0.397501 1.242966
83 0.185029 0.137502 0.228919 0.535118 1.175822 0.066975 0.423731 1.186072
Cleaner_FullBody_A.dds
83 0.067062 0.057640 0.220521 -1.234127 0.380483 -0.074551 0.302999 1.183301
83 0.055840 0.094928 0.385314 -1.111216 0.662255 -0.003511 0.337835 1.230484
83 0.102077 0.115794 0.236373 -0.924974 0.903681 -0.034322 0.379998 1.189080
Cleaner_FullBody_A.dds
79 -0.129018 0.144413 0.388658 0.169648 1.272533 0.158978 0.112016 1.242579
79 -0.059685 0.088419 0.385127 1.154197 0.584126 0.004580 0.165489 1.241316
79 -0.102457 0.115794 0.236372 0.942727 0.885518 -0.022779 0.148866 1.188083
Cleaner_FullBody_A.dds
79 -0.065513 0.056679 0.220521 1.245382 0.340673 -0.079757 0.198223 1.182410
79 -0.102457 0.115794 0.236372 0.942727 0.885518 -0.022779 0.148866 1.188083
79 -0.059685 0.088419 0.385127 1.154197 0.584126 0.004580 0.165489 1.241316
Cleaner_FullBody_A.dds
2 0.184851 0.003788 1.129692 1.283039 0.144953 0.078709 0.501636 1.526983
2 0.164954 -0.068302 1.130169 1.136602 -0.602520 0.136016 0.562924 1.526579
2 0.196301 -0.000149 1.063947 1.264321 0.073163 0.263697 0.510678 1.499410
Cleaner_FullBody_A.dds
2 0.185257 0.004300 1.177664 1.267220 0.182954 -0.184595 0.501497 1.951231
2 0.184851 0.003788 1.129692 1.283039 0.144953 0.078709 0.501502 1.972010
2 0.156316 0.057535 1.174634 1.073837 0.707490 -0.140455 0.573107 1.950340
Cleaner_FullBody_A.dds
23 -0.191843 -0.057196 1.496934 -0.383561 -1.006635 0.716215 0.908836 1.679045
4 -0.199564 -0.070360 1.446424 -0.655599 -1.099213 0.187926 0.914545 1.645923
4 -0.139195 -0.070328 1.499774 -0.405648 -1.034187 0.662799 0.865513 1.669176
Cleaner_FullBody_A.dds
2 -0.132203 0.103120 1.075374 -0.743469 1.037251 0.211564 0.904214 1.997967
2 -0.146555 0.082090 1.174702 -0.900749 0.926838 -0.054937 0.903408 1.956510
2 -0.096389 0.121831 1.172855 -0.462020 1.204343 -0.097428 0.834658 1.956494
Cleaner_FullBody_A.dds
2 -0.146555 0.082090 1.174702 -0.900749 0.926838 -0.054937 0.903408 1.956510
2 -0.171746 0.066594 1.079118 -1.067139 0.705621 0.191594 0.950573 1.997987
2 -0.175179 0.047251 1.176452 -1.146846 0.590945 -0.094456 0.950683 1.956136
Cleaner_FullBody_A.dds
2 -0.000826 -0.142211 0.914718 -0.000584 -1.225600 -0.413884 0.739683 1.436196
82 0.094749 -0.134319 0.907879 0.087196 -1.281594 -0.152674 0.681105 1.431869
2 0.103242 -0.140998 1.034657 0.418666 -1.223963 0.005425 0.658490 1.480869
Cleaner_FullBody_A.dds
49 0.262421 -0.028782 1.476740 0.779193 -0.848465 0.588524 0.517549 1.723543
49 0.343849 0.042787 1.411835 1.056118 -0.052423 0.745160 0.431864 1.752527
49 0.285829 0.039526 1.501442 0.991939 -0.060016 0.828160 0.519542 1.755173
Cleaner_FullBody_A.dds
49 0.343849 0.042787 1.411835 1.056118 -0.052423 0.745160 0.431864 1.752527
49 0.269601 0.111232 1.477993 0.753379 0.773455 0.712449 0.506016 1.775311
49 0.285829 0.039526 1.501442 0.991939 -0.060016 0.828160 0.519542 1.755173
Cleaner_FullBody_A.dds
79 -0.182442 -0.063419 0.500873 -1.003494 -0.783313 -0.229818 0.910864 1.282736
79 -0.183894 -0.043995 0.458861 -0.983180 -0.833701 -0.108147 0.923953 1.267702
79 -0.150238 -0.063671 0.418281 -0.176907 -1.237105 -0.334172 0.888368 1.253180
Cleaner_FullBody_A.dds
79 -0.084726 -0.067727 0.485872 0.637920 -1.009678 -0.496994 0.824525 1.277368
79 -0.138055 -0.087723 0.487172 -0.145125 -1.209353 -0.435660 0.873692 1.277833
79 -0.150238 -0.063671 0.418281 -0.176907 -1.237105 -0.334172 0.888368 1.253180
Cleaner_FullBody_A.dds
82 0.137864 -0.087723 0.487172 0.273287 -1.207369 -0.375459 0.651820 1.282139
83 0.149712 -0.063671 0.418281 0.327815 -1.237826 -0.183633 0.650123 1.265199
82 0.181318 -0.045450 0.489836 1.025902 -0.779409 -0.115940 0.610179 1.285315
Cleaner_FullBody_A.dds
83 0.103899 -0.057472 0.440866 -0.584112 -1.102450 -0.341777 0.673255 1.265265
83 0.149712 -0.063671 0.418281 0.327815 -1.237826 -0.183633 0.650123 1.265199
82 0.087301 -0.065146 0.478075 -0.617150 -1.056421 -0.420113 0.684052 1.276258
Cleaner_FullBody_A.dds
69 0.487502 0.030210 1.016420 -0.856875 0.586903 -0.771172 0.031252 1.816979
69 0.472753 -0.013953 1.022644 -1.073384 -0.032763 -0.721227 0.031204 1.834731
69 0.469379 -0.010826 1.027265 -1.047115 -0.043823 -0.758304 0.036779 1.834729
Cleaner_FullBody_A.dds
69 0.477145 -0.051743 1.028249 -1.010841 -0.644426 -0.486119 0.031489 1.692071
69 0.469379 -0.010826 1.027265 -1.047115 -0.043823 -0.758304 0.031425 1.662947
69 0.472753 -0.013953 1.022644 -1.073384 -0.032763 -0.721227 0.038739 1.662947
Cleaner_FullBody_A.dds
48 0.071363 -0.022833 1.555042 -0.602108 -0.705453 0.901774 0.702776 1.694550
48 0.051447 -0.019115 1.556714 0.614955 -0.920206 0.669662 0.710077 1.696330
4 0.034153 -0.044059 1.538519 0.337649 -1.052034 0.672766 0.722858 1.688212
Cleaner_FullBody_A.dds
78 -0.219721 -0.019142 0.907013 -1.292782 0.000728 0.045929 0.950015 1.428076
78 -0.182828 -0.110545 0.916193 -0.891526 -0.937178 0.016573 0.895482 1.430660
2 -0.172017 -0.100073 1.053795 -1.045222 -0.728026 0.225577 0.874912 1.479771
Cleaner_FullBody_A.dds
2 -0.114718 -0.142366 1.043161 -0.419927 -1.223530 -0.005483 0.845601 1.483968
2 -0.172017 -0.100073 1.053795 -1.045222 -0.728026 0.225577 0.874912 1.479771
78 -0.182828 -0.110545 0.916193 -0.891526 -0.937178 0.016573 0.895482 1.430660
Cleaner_FullBody_A.dds
83 0.156890 0.112551 0.496859 0.881219 0.936590 0.140171 0.416530 1.282060
82 0.178618 0.086419 0.585811 0.406934 1.199593 0.262253 0.439291 1.314441
82 0.208871 0.060716 0.592279 1.042054 0.765356 0.041839 0.478063 1.315456
Cleaner_FullBody_A.dds
79 -0.176293 0.090574 0.532736 -0.835736 0.984097 0.080586 0.046234 1.294139
78 -0.220068 0.059340 0.583729 -1.165578 0.502196 -0.250244 -0.000326 1.312387
78 -0.195361 0.086545 0.576720 -0.671803 1.092083 -0.171557 0.076604 1.309879
Cleaner_FullBody_A.dds
49 0.246064 -0.033162 1.490971 0.541116 -0.966989 0.667473 0.560717 1.686216
49 0.231004 -0.050888 1.431307 0.340541 -1.231947 -0.199337 0.567189 1.640214
49 0.262421 -0.028782 1.476740 0.779193 -0.848465 0.588524 0.529440 1.697159
Cleaner_FullBody_A.dds
49 0.208981 -0.017393 1.362926 -0.038153 -0.957066 -0.869462 0.560484 1.618436
49 0.231004 -0.050888 1.431307 0.340541 -1.231947 -0.199337 0.567189 1.640214
49 0.197953 -0.026235 1.358196 0.996039 -0.680828 -0.466664 0.567969 1.615131
Cleaner_FullBody_A.dds
4 0.214104 0.042058 1.315861 -0.389049 -0.090415 -1.230391 0.539824 1.613833
49 0.208981 -0.017393 1.362926 -0.038153 -0.957066 -0.869462 0.560484 1.618436
49 0.197953 -0.026235 1.358196 0.996039 -0.680828 -0.466664 0.567969 1.615131
Cleaner_FullBody_A.dds
4 -0.059431 0.065543 1.640692 0.253829 -0.833470 0.956187 0.797662 1.754416
4 -0.045226 0.070159 1.611882 -0.576755 0.384569 -1.092179 0.786814 1.749959
4 0.002546 0.076454 1.613530 -0.055543 -0.512198 -1.186576 0.751067 1.754571
Cleaner_FullBody_A.dds
4 0.057259 0.063239 1.644996 -0.205270 -0.862288 0.942189 0.710352 1.754909
4 0.001795 0.085993 1.646634 -0.062492 -0.844986 0.977491 0.752054 1.759026
4 0.002546 0.076454 1.613530 -0.055543 -0.512198 -1.186576 0.751067 1.754571
Cleaner_FullBody_A.dds
4 -0.083895 0.008471 1.611669 -0.131421 -0.712693 1.071537 0.826008 1.729436
4 -0.092123 0.051907 1.617508 -1.055207 0.300649 0.685233 0.828641 1.744158
23 -0.136859 -0.016497 1.554298 -0.632134 -0.579848 0.968286 0.889335 1.705975
Cleaner_FullBody_A.dds
4 -0.092677 0.085856 1.591124 -0.668022 0.570601 0.949504 0.850511 1.768941
4 -0.113757 0.043084 1.580601 -0.842373 0.032786 0.981188 0.857897 1.744973
4 -0.092123 0.051907 1.617508 -1.055207 0.300649 0.685233 0.828641 1.744158
Cleaner_FullBody_A.dds
50 0.335816 0.021819 1.189498 -1.067947 -0.196990 -0.702908 0.222474 1.834730
50 0.309425 0.032812 1.236071 -0.957192 -0.194361 -0.848176 0.274828 1.834725
50 0.330451 0.092281 1.230210 -0.815307 0.644896 -0.769921 0.285497 1.815525
Cleaner_FullBody_A.dds
50 0.309425 0.032812 1.236071 -0.957192 -0.194361 -0.848176 0.271552 1.663024
50 0.335816 0.021819 1.189498 -1.067947 -0.196990 -0.702908 0.215773 1.662963
50 0.340691 -0.018874 1.253141 -0.484388 -1.153424 -0.329208 0.249389 1.686593
Cleaner_FullBody_A.dds
82 0.067468 0.085669 0.663051 -0.880428 0.944893 -0.073614 0.349580 1.342052
2 0.009907 0.047974 0.815659 -1.161379 0.437153 -0.365363 0.299749 1.381812
82 0.047348 0.116707 0.807672 -0.685286 0.875839 -0.660822 0.323115 1.390222
Cleaner_FullBody_A.dds
82 0.067468 0.085669 0.663051 -0.880428 0.944893 -0.073614 0.349580 1.342052
82 0.031514 0.045278 0.647298 -1.127229 0.620815 -0.131676 0.307133 1.337023
2 0.009907 0.047974 0.815659 -1.161379 0.437153 -0.365363 0.299749 1.381812
Cleaner_FullBody_A.dds
78 -0.058236 0.101582 0.643368 0.742980 0.975738 -0.411474 0.161356 1.333729
78 -0.037562 0.116159 0.808460 0.680830 0.889546 -0.646973 0.213417 1.388270
2 -0.011079 0.047974 0.815659 1.198323 0.294062 -0.388517 0.235260 1.389039
Cleaner_FullBody_A.dds
78 -0.058236 0.101582 0.643368 0.742980 0.975738 -0.411474 0.161356 1.333729
2 -0.011079 0.047974 0.815659 1.198323 0.294062 -0.388517 0.235260 1.389039
78 -0.045840 0.063119 0.616769 1.103449 0.637712 -0.221632 0.187096 1.324211
Cleaner_FullBody_A.dds
4 0.115760 0.129949 1.544335 0.322977 0.998031 0.756978 0.641896 1.797626
4 0.118915 0.164248 1.474664 0.211820 1.255354 0.229377 0.627039 1.821697
4 0.001300 0.172512 1.487881 0.001498 1.225136 0.415254 0.752427 1.821882
Cleaner_FullBody_A.dds
4 0.118915 0.164248 1.474664 0.211820 1.255354 0.229377 0.627039 1.821697
49 0.194980 0.112358 1.525920 0.466947 0.832888 0.872727 0.611184 1.792422
49 0.205568 0.153175 1.454659 0.578023 1.151230 0.118128 0.579024 1.823905
Cleaner_FullBody_A.dds
82 0.213237 0.027033 0.505467 1.283793 -0.063368 0.145793 0.542132 1.288141
83 0.172207 -0.050342 0.454051 0.962951 -0.862027 -0.055054 0.625339 1.277579
83 0.191268 -0.034138 0.329911 0.973429 -0.849084 0.069915 0.614794 1.225249
Cleaner_FullBody_A.dds
82 0.213237 0.027033 0.505467 1.283793 -0.063368 0.145793 0.542132 1.288141
82 0.181318 -0.045450 0.489836 1.025902 -0.779409 -0.115940 0.610179 1.285315
83 0.172207 -0.050342 0.454051 0.962951 -0.862027 -0.055054 0.625339 1.277579
Cleaner_FullBody_A.dds
2 -0.171746 0.066594 1.079118 -1.067139 0.705621 0.191594 0.950573 1.997987
2 -0.146555 0.082090 1.174702 -0.900749 0.926838 -0.054937 0.903408 1.956510
2 -0.132203 0.103120 1.075374 -0.743469 1.037251 0.211564 0.904214 1.997967
Cleaner_FullBody_A.dds
2 -0.175179 0.047251 1.176452 -1.146846 0.590945 -0.094456 0.950683 1.956136
2 -0.190769 0.002905 1.133293 -1.289577 0.016774 0.100530 0.997744 1.975413
2 -0.189415 0.002887 1.174595 -1.281971 0.090054 -0.147774 0.997831 1.958474
Cleaner_FullBody_A.dds
4 0.181697 0.122158 1.332564 0.915151 0.650140 -0.642816 0.566639 1.890836
4 0.175630 0.081493 1.297249 1.075960 0.529548 -0.485061 0.556150 1.907453
4 0.157947 0.110833 1.298537 0.766098 0.894101 -0.535791 0.589974 1.916918
Cleaner_FullBody_A.dds
4 0.170856 0.148888 1.355705 0.554921 1.082859 -0.439174 0.597355 1.874668
4 0.181697 0.122158 1.332564 0.915151 0.650140 -0.642816 0.566639 1.890836
4 0.157947 0.110833 1.298537 0.766098 0.894101 -0.535791 0.589974 1.916918
Cleaner_FullBody_A.dds
4 0.078289 0.001778 1.610006 0.180220 -0.701381 1.071905 0.668777 1.727214
4 0.076892 -0.032960 1.574188 -0.610800 -0.801328 0.811290 0.679549 1.700439
4 0.136395 -0.015975 1.554064 0.633705 -0.596991 0.956773 0.610008 1.716640
Cleaner_FullBody_A.dds
4 0.136395 -0.015975 1.554064 0.633705 -0.596991 0.956773 0.610008 1.716640
4 0.108345 0.045853 1.579820 0.830587 0.066764 0.989477 0.632530 1.744776
4 0.080877 0.057388 1.625073 1.090860 0.374847 0.585585 0.665282 1.742212
Cleaner_FullBody_A.dds
4 0.115760 0.129949 1.544335 0.322977 0.998031 0.756978 0.641896 1.797626
49 0.194980 0.112358 1.525920 0.466947 0.832888 0.872727 0.611184 1.792422
4 0.118915 0.164248 1.474664 0.211820 1.255354 0.229377 0.627039 1.821697
Cleaner_FullBody_A.dds
49 0.194980 0.112358 1.525920 0.466947 0.832888 0.872727 0.611184 1.792422
48 0.203741 0.045226 1.547965 0.529299 -0.014516 1.180266 0.583318 1.755157
49 0.236879 0.103499 1.507001 0.597011 0.807358 0.815565 0.548753 1.779990
Cleaner_FullBody_A.dds
49 0.413846 0.100981 1.203877 0.178363 1.217209 -0.399980 0.225312 1.795338
50 0.365440 0.076544 1.181788 -0.639262 0.829449 -0.759442 0.223059 1.815900
49 0.380855 0.129033 1.255038 0.071450 1.258645 -0.290007 0.291911 1.793921
Cleaner_FullBody_A.dds
69 0.521662 0.049880 1.037161 0.124254 1.260694 -0.261930 0.031043 1.792275
49 0.413846 0.100981 1.203877 0.178363 1.217209 -0.399980 0.225312 1.795338
50 0.444029 0.088680 1.241080 0.828552 0.966972 0.227731 0.224733 1.773674
Cleaner_FullBody_A.dds
79 -0.138055 -0.087723 0.487172 -0.145125 -1.209353 -0.435660 0.873692 1.277833
79 -0.084726 -0.067727 0.485872 0.637920 -1.009678 -0.496994 0.824525 1.277368
79 -0.135319 -0.109804 0.542564 -0.087224 -1.250662 -0.318797 0.866973 1.297656
Cleaner_FullBody_A.dds
79 -0.076627 -0.033051 0.448798 0.917620 -0.827302 -0.383328 0.798196 1.264101
79 -0.074160 -0.078550 0.533787 0.793870 -0.950678 -0.373331 0.821140 1.294515
79 -0.084726 -0.067727 0.485872 0.637920 -1.009678 -0.496994 0.824525 1.277368
Cleaner_FullBody_A.dds
82 0.137864 -0.087723 0.487172 0.273287 -1.207369 -0.375459 0.651820 1.282139
82 0.087301 -0.065146 0.478075 -0.617150 -1.056421 -0.420113 0.684052 1.276258
83 0.149712 -0.063671 0.418281 0.327815 -1.237826 -0.183633 0.650123 1.265199
Cleaner_FullBody_A.dds
83 0.070078 -0.033051 0.457073 -0.932456 -0.823925 -0.353653 0.702194 1.269378
83 0.103899 -0.057472 0.440866 -0.584112 -1.102450 -0.341777 0.673255 1.265265
82 0.087301 -0.065146 0.478075 -0.617150 -1.056421 -0.420113 0.684052 1.276258
Cleaner_FullBody_A.dds
2 0.164954 -0.068302 1.130169 1.136602 -0.602520 0.136016 0.562924 1.526579
2 0.135505 -0.106435 1.169756 0.903764 -0.922651 -0.072945 0.637554 1.544959
2 0.121829 -0.116752 1.123420 0.720735 -1.070326 0.091320 0.645149 1.526857
Cleaner_FullBody_A.dds
2 0.164503 -0.065553 1.172112 1.175463 -0.528234 -0.112476 0.561700 1.546371
2 0.184851 0.003788 1.129692 1.283039 0.144953 0.078709 0.501636 1.526983
2 0.185257 0.004300 1.177664 1.267220 0.182954 -0.184595 0.510846 1.549465
Cleaner_FullBody_A.dds
50 0.365440 0.076544 1.181788 -0.639262 0.829449 -0.759442 0.223059 1.815900
49 0.413846 0.100981 1.203877 0.178363 1.217209 -0.399980 0.225312 1.795338
69 0.521662 0.049880 1.037161 0.124254 1.260694 -0.261930 0.031043 1.792275
Cleaner_FullBody_A.dds
50 0.330451 0.092281 1.230210 -0.815307 0.644896 -0.769921 0.285497 1.815525
50 0.365440 0.076544 1.181788 -0.639262 0.829449 -0.759442 0.223059 1.815900
50 0.335816 0.021819 1.189498 -1.067947 -0.196990 -0.702908 0.222474 1.834730
Cleaner_FullBody_A.dds
80 -0.174333 -0.062901 0.069571 -0.033970 0.465815 -1.206341 0.903816 1.107047
80 -0.175687 -0.088266 0.073404 -0.128437 -1.106463 -0.657753 0.893351 1.107097
80 -0.210436 -0.070830 0.070510 -0.871340 -0.698729 -0.652641 0.910808 1.107059
Cleaner_FullBody_A.dds
80 -0.174333 -0.062901 0.069571 -0.033970 0.465815 -1.206341 0.903816 1.107047
80 -0.128912 -0.075413 0.067290 0.790337 -0.838578 -0.587835 0.863184 1.107056
80 -0.175687 -0.088266 0.073404 -0.128437 -1.106463 -0.657753 0.893351 1.107097
Cleaner_FullBody_A.dds
84 0.224899 -0.027970 0.055598 0.893521 -0.622587 -0.698142 0.593092 1.108092
84 0.192882 -0.070830 0.070470 0.771240 -0.748269 -0.720192 0.626957 1.108456
84 0.173890 -0.062065 0.070893 -0.266662 0.271251 -1.236410 0.632506 1.108455
Cleaner_FullBody_A.dds
83 0.165630 0.036951 0.193617 -0.072153 -0.300633 -1.256109 0.521227 1.100770
84 0.173890 -0.062065 0.070893 -0.266662 0.271251 -1.236410 0.632506 1.108455
84 0.128509 -0.075413 0.067290 -0.365399 -0.823098 -0.928649 0.669695 1.108407
Cleaner_FullBody_A.dds
23 -0.208318 0.040551 1.547215 -0.519294 -0.071820 1.182612 0.923455 1.755563
24 -0.277913 0.040242 1.511133 -0.818260 -0.140157 0.992069 0.954476 1.755615
24 -0.214302 -0.018097 1.522864 -0.483491 -0.594867 1.042001 0.933304 1.707149
Cleaner_FullBody_A.dds
4 0.001205 0.139886 1.550762 -0.002922 1.105080 0.672447 0.751814 1.804901
4 0.001300 0.172512 1.487881 0.001498 1.225136 0.415254 0.752427 1.821882
23 -0.123237 0.128651 1.544598 -0.266828 1.012895 0.759106 0.866497 1.800104
Cleaner_FullBody_A.dds
4 -0.062633 0.100976 1.595479 -0.327128 1.063899 0.659168 0.828313 1.781132
4 -0.063179 0.086136 1.622501 -0.587784 0.927980 0.683198 0.804548 1.767275
4 0.001023 0.102521 1.627559 -0.028417 1.205112 0.469353 0.752389 1.768438
Cleaner_FullBody_A.dds
24 -0.381261 0.130950 1.255406 -0.154613 1.268812 -0.199011 0.291911 1.797314
24 -0.414887 0.102536 1.203261 -0.205287 1.217963 -0.384473 0.225312 1.798495
24 -0.439836 0.089910 1.241040 -0.845119 0.950470 0.236170 0.234078 1.772288
Cleaner_FullBody_A.dds
25 -0.340587 -0.019606 1.252985 0.550797 -1.104394 -0.387728 0.261453 1.697072
25 -0.310262 0.032837 1.238262 0.940962 -0.258807 -0.849119 0.271552 1.664075
4 -0.220012 -0.013825 1.359605 0.229202 -0.935820 -0.863193 0.482694 1.679322
Cleaner_FullBody_A.dds
25 -0.396643 -0.012706 1.303723 -0.781597 -0.859608 0.568837 0.288215 1.733565
24 -0.343177 -0.047229 1.328214 -0.408284 -1.227333 -0.018796 0.341966 1.716656
24 -0.273970 -0.027807 1.476760 -0.834361 -0.747276 0.647160 0.519678 1.733469
Cleaner_FullBody_A.dds
25 -0.345058 0.021764 1.188313 1.051277 -0.186489 -0.730365 0.222474 1.835438
44 -0.466013 0.003315 1.027021 1.026762 0.073315 -0.783441 0.040134 1.835436
24 -0.367602 0.077580 1.180701 0.601190 0.860285 -0.756225 0.223059 1.815500
Cleaner_FullBody_A.dds
44 -0.466013 0.003315 1.027021 1.026762 0.073315 -0.783441 0.035409 1.664011
25 -0.345058 0.021764 1.188313 1.051277 -0.186489 -0.730365 0.215773 1.664023
44 -0.418933 -0.043164 1.119656 0.826268 -0.935839 -0.338942 0.153933 1.700287
Cleaner_FullBody_A.dds
44 -0.560016 -0.058747 1.048791 -1.051084 -0.750081 -0.077434 0.008419 1.733686
44 -0.541774 -0.043838 1.076380 -0.655980 -0.858871 0.710933 0.030174 1.733663
44 -0.565440 -0.011390 1.081032 -1.040692 -0.225790 0.734422 0.030143 1.750609
Cleaner_FullBody_A.dds
24 -0.381261 0.130950 1.255406 -0.154613 1.268812 -0.199011 0.291911 1.797314
24 -0.407555 0.101006 1.295311 -0.970296 0.621902 0.587503 0.296457 1.773775
24 -0.290962 0.103097 1.469328 -0.857571 0.715289 0.652939 0.505321 1.773906
Cleaner_FullBody_A.dds
24 -0.273970 -0.027807 1.476760 -0.834361 -0.747276 0.647160 0.519678 1.733469
24 -0.341347 0.045034 1.417142 -1.074924 -0.062932 0.716919 0.431168 1.752022
25 -0.396643 -0.012706 1.303723 -0.781597 -0.859608 0.568837 0.288215 1.733565
Cleaner_FullBody_A.dds
44 -0.418933 -0.043164 1.119656 0.826268 -0.935839 -0.338942 0.153933 1.700287
44 -0.470399 -0.062784 1.036566 0.983938 -0.696618 -0.469026 0.030228 1.701637
44 -0.466013 0.003315 1.027021 1.026762 0.073315 -0.783441 0.035409 1.664011
Cleaner_FullBody_A.dds
44 -0.506174 -0.075238 1.064387 0.034220 -1.252888 0.320148 0.030282 1.715307
25 -0.399796 -0.034836 1.243961 0.019019 -1.250035 0.332335 0.233913 1.715731
25 -0.427785 -0.014960 1.255477 -0.744608 -0.876330 0.592452 0.236674 1.733581
Cleaner_FullBody_A.dds
44 -0.489347 -0.070967 1.009896 0.431389 -0.828981 -0.894477 0.008421 1.704612
25 -0.527189 -0.018869 1.056081 -0.610279 -0.272994 -1.107443 0.002742 1.755181
44 -0.492548 -0.014497 0.990736 0.261302 -0.041185 -1.266262 0.008367 1.664041
Cleaner_FullBody_A.dds
24 -0.367602 0.077580 1.180701 0.601190 0.860285 -0.756225 0.223059 1.815500
44 -0.491009 0.041198 1.020610 0.681420 0.774459 -0.780561 0.030163 1.816399
44 -0.532927 0.052443 1.049053 -0.251478 1.256114 -0.179811 0.030107 1.795943
Cleaner_FullBody_A.dds
24 -0.241599 -0.058533 1.427092 -0.193831 -1.264107 -0.194574 0.507936 1.710487
24 -0.273970 -0.027807 1.476760 -0.834361 -0.747276 0.647160 0.519678 1.733469
24 -0.343177 -0.047229 1.328214 -0.408284 -1.227333 -0.018796 0.341966 1.716656
Cleaner_FullBody_A.dds
44 -0.513050 0.029108 0.989395 -0.242759 0.588697 -1.126010 0.008314 1.815348
25 -0.527189 -0.018869 1.056081 -0.610279 -0.272994 -1.107443 0.002742 1.755181
44 -0.555784 0.046295 1.016745 -0.775396 0.399812 -0.955148 0.008327 1.796020
Cleaner_FullBody_A.dds
24 -0.439836 0.089910 1.241040 -0.845119 0.950470 0.236170 0.234078 1.772288
44 -0.555444 0.038104 1.067429 -0.969362 0.753780 0.406876 0.030175 1.772841
25 -0.458794 0.029828 1.260274 -1.080815 -0.012132 0.710695 0.229874 1.750447
Cleaner_FullBody_A.dds
24 -0.414887 0.102536 1.203261 -0.205287 1.217963 -0.384473 0.225312 1.798495
24 -0.381261 0.130950 1.255406 -0.154613 1.268812 -0.199011 0.291911 1.797314
24 -0.367602 0.077580 1.180701 0.601190 0.860285 -0.756225 0.223059 1.815500
Cleaner_FullBody_A.dds
24 -0.341347 0.045034 1.417142 -1.074924 -0.062932 0.716919 0.431168 1.752022
24 -0.407555 0.101006 1.295311 -0.970296 0.621902 0.587503 0.296457 1.773775
25 -0.409683 0.042244 1.319401 -1.024621 -0.055303 0.787712 0.295138 1.750654
Cleaner_FullBody_A.dds
25 -0.409683 0.042244 1.319401 -1.024621 -0.055303 0.787712 0.295138 1.750654
25 -0.396643 -0.012706 1.303723 -0.781597 -0.859608 0.568837 0.288215 1.733565
24 -0.341347 0.045034 1.417142 -1.074924 -0.062932 0.716919 0.431168 1.752022
Cleaner_FullBody_A.dds
44 -0.565440 -0.011390 1.081032 -1.040692 -0.225790 0.734422 0.030143 1.750609
25 -0.458794 0.029828 1.260274 -1.080815 -0.012132 0.710695 0.229874 1.750447
44 -0.555444 0.038104 1.067429 -0.969362 0.753780 0.406876 0.030175 1.772841
Cleaner_FullBody_A.dds
44 -0.576050 0.029039 1.035591 -1.155227 0.549340 -0.192537 0.008365 1.772897
25 -0.527189 -0.018869 1.056081 -0.610279 -0.272994 -1.107443 0.002742 1.755181
44 -0.583442 -0.015307 1.054017 -1.084121 -0.262167 -0.655245 0.008395 1.750510
Cleaner_FullBody_A.dds
44 -0.583442 -0.015307 1.054017 -1.084121 -0.262167 -0.655245 0.008395 1.750510
25 -0.527189 -0.018869 1.056081 -0.610279 -0.272994 -1.107443 0.002742 1.755181
44 -0.560016 -0.058747 1.048791 -1.051084 -0.750081 -0.077434 0.008419 1.733686
Cleaner_FullBody_A.dds
44 -0.492548 -0.014497 0.990736 0.261302 -0.041185 -1.266262 0.008367 1.664041
44 -0.469433 0.000185 1.022436 1.020765 0.063051 -0.792123 0.030210 1.664011
44 -0.489347 -0.070967 1.009896 0.431389 -0.828981 -0.894477 0.008421 1.704612
Cleaner_FullBody_A.dds
44 -0.491009 0.041198 1.020610 0.681420 0.774459 -0.780561 0.030163 1.816399
24 -0.367602 0.077580 1.180701 0.601190 0.860285 -0.756225 0.223059 1.815500
44 -0.466013 0.003315 1.027021 1.026762 0.073315 -0.783441 0.040134 1.835436
Cleaner_FullBody_A.dds
25 -0.399796 -0.034836 1.243961 0.019019 -1.250035 0.332335 0.233913 1.715731
44 -0.506174 -0.075238 1.064387 0.034220 -1.252888 0.320148 0.030282 1.715307
44 -0.418933 -0.043164 1.119656 0.826268 -0.935839 -0.338942 0.153933 1.700287
Cleaner_FullBody_A.dds
24 -0.343177 -0.047229 1.328214 -0.408284 -1.227333 -0.018796 0.341966 1.716656
25 -0.340587 -0.019606 1.252985 0.550797 -1.104394 -0.387728 0.261453 1.697072
24 -0.241599 -0.058533 1.427092 -0.193831 -1.264107 -0.194574 0.507936 1.710487
Cleaner_FullBody_A.dds
44 -0.470399 -0.062784 1.036566 0.983938 -0.696618 -0.469026 0.030228 1.701637
44 -0.418933 -0.043164 1.119656 0.826268 -0.935839 -0.338942 0.153933 1.700287
44 -0.506174 -0.075238 1.064387 0.034220 -1.252888 0.320148 0.030282 1.715307
Cleaner_FullBody_A.dds
44 -0.522480 -0.088457 1.030579 -0.644578 -1.080220 -0.301728 0.008427 1.713897
25 -0.527189 -0.018869 1.056081 -0.610279 -0.272994 -1.107443 0.002742 1.755181
44 -0.489347 -0.070967 1.009896 0.431389 -0.828981 -0.894477 0.008421 1.704612
Cleaner_FullBody_A.dds
4 -0.218280 0.036959 1.314970 0.053415 -0.241412 -1.269749 0.391497 1.663993
4 -0.220012 -0.013825 1.359605 0.229202 -0.935820 -0.863193 0.482694 1.679322
25 -0.310262 0.032837 1.238262 0.940962 -0.258807 -0.849119 0.271552 1.664075
Cleaner_FullBody_A.dds
24 -0.248611 0.099655 1.317227 0.683381 0.846169 -0.700274 0.405176 1.812056
4 -0.218280 0.036959 1.314970 0.053415 -0.241412 -1.269749 0.474205 1.834962
25 -0.310262 0.032837 1.238262 0.940962 -0.258807 -0.849119 0.274828 1.835433
Cleaner_FullBody_A.dds
24 -0.248611 0.099655 1.317227 0.683381 0.846169 -0.700274 0.405176 1.812056
24 -0.381261 0.130950 1.255406 -0.154613 1.268812 -0.199011 0.291911 1.797314
24 -0.250978 0.133131 1.426083 -0.161216 1.282359 -0.054417 0.484616 1.798394
Cleaner_FullBody_A.dds
24 -0.381261 0.130950 1.255406 -0.154613 1.268812 -0.199011 0.291911 1.797314
24 -0.290962 0.103097 1.469328 -0.857571 0.715289 0.652939 0.505321 1.773906
24 -0.250978 0.133131 1.426083 -0.161216 1.282359 -0.054417 0.484616 1.798394
Cleaner_FullBody_A.dds
25 -0.458794 0.029828 1.260274 -1.080815 -0.012132 0.710695 0.229874 1.750447
44 -0.565440 -0.011390 1.081032 -1.040692 -0.225790 0.734422 0.030143 1.750609
25 -0.427785 -0.014960 1.255477 -0.744608 -0.876330 0.592452 0.236674 1.733581
Cleaner_FullBody_A.dds
25 -0.409683 0.042244 1.319401 -1.024621 -0.055303 0.787712 0.295138 1.750654
25 -0.458794 0.029828 1.260274 -1.080815 -0.012132 0.710695 0.229874 1.750447
25 -0.396643 -0.012706 1.303723 -0.781597 -0.859608 0.568837 0.288215 1.733565
Cleaner_FullBody_A.dds
24 -0.381261 0.130950 1.255406 -0.154613 1.268812 -0.199011 0.291911 1.797314
24 -0.248611 0.099655 1.317227 0.683381 0.846169 -0.700274 0.405176 1.812056
25 -0.324390 0.093593 1.230241 0.833799 0.576816 -0.803404 0.285497 1.815187
Cleaner_FullBody_A.dds
24 -0.248611 0.099655 1.317227 0.683381 0.846169 -0.700274 0.405176 1.812056
25 -0.310262 0.032837 1.238262 0.940962 -0.258807 -0.849119 0.274828 1.835433
25 -0.324390 0.093593 1.230241 0.833799 0.576816 -0.803404 0.285497 1.815187
Cleaner_FullBody_A.dds
4 -0.220012 -0.013825 1.359605 0.229202 -0.935820 -0.863193 0.482694 1.679322
24 -0.241599 -0.058533 1.427092 -0.193831 -1.264107 -0.194574 0.507936 1.710487
25 -0.340587 -0.019606 1.252985 0.550797 -1.104394 -0.387728 0.261453 1.697072
Cleaner_FullBody_A.dds
44 -0.469433 0.000185 1.022436 1.020765 0.063051 -0.792123 0.030151 1.835438
44 -0.492548 -0.014497 0.990736 0.261302 -0.041185 -1.266262 0.008367 1.835439
44 -0.491009 0.041198 1.020610 0.681420 0.774459 -0.780561 0.030163 1.816399
Cleaner_FullBody_A.dds
44 -0.492548 -0.014497 0.990736 0.261302 -0.041185 -1.266262 0.008367 1.835439
25 -0.527189 -0.018869 1.056081 -0.610279 -0.272994 -1.107443 0.002742 1.755181
44 -0.513050 0.029108 0.989395 -0.242759 0.588697 -1.126010 0.008314 1.815348
Cleaner_FullBody_A.dds
44 -0.541774 -0.043838 1.076380 -0.655980 -0.858871 0.710933 0.030174 1.733663
44 -0.522480 -0.088457 1.030579 -0.644578 -1.080220 -0.301728 0.008427 1.713897
44 -0.506174 -0.075238 1.064387 0.034220 -1.252888 0.320148 0.030282 1.715307
Cleaner_FullBody_A.dds
44 -0.560016 -0.058747 1.048791 -1.051084 -0.750081 -0.077434 0.008419 1.733686
25 -0.527189 -0.018869 1.056081 -0.610279 -0.272994 -1.107443 0.002742 1.755181
44 -0.522480 -0.088457 1.030579 -0.644578 -1.080220 -0.301728 0.008427 1.713897
Cleaner_FullBody_A.dds
44 -0.555444 0.038104 1.067429 -0.969362 0.753780 0.406876 0.030175 1.772841
24 -0.439836 0.089910 1.241040 -0.845119 0.950470 0.236170 0.234078 1.772288
44 -0.532927 0.052443 1.049053 -0.251478 1.256114 -0.179811 0.030107 1.795943
Cleaner_FullBody_A.dds
44 -0.555784 0.046295 1.016745 -0.775396 0.399812 -0.955148 0.008327 1.796020
25 -0.527189 -0.018869 1.056081 -0.610279 -0.272994 -1.107443 0.002742 1.755181
44 -0.576050 0.029039 1.035591 -1.155227 0.549340 -0.192537 0.008365 1.772897
Cleaner_FullBody_A.dds
24 -0.407555 0.101006 1.295311 -0.970296 0.621902 0.587503 0.296457 1.773775
24 -0.341347 0.045034 1.417142 -1.074924 -0.062932 0.716919 0.431168 1.752022
24 -0.290962 0.103097 1.469328 -0.857571 0.715289 0.652939 0.505321 1.773906
Cleaner_FullBody_A.dds
25 -0.458794 0.029828 1.260274 -1.080815 -0.012132 0.710695 0.229874 1.750447
25 -0.409683 0.042244 1.319401 -1.024621 -0.055303 0.787712 0.295138 1.750654
24 -0.407555 0.101006 1.295311 -0.970296 0.621902 0.587503 0.296457 1.773775
Cleaner_FullBody_A.dds
44 -0.491009 0.041198 1.020610 0.681420 0.774459 -0.780561 0.030163 1.816399
44 -0.513050 0.029108 0.989395 -0.242759 0.588697 -1.126010 0.008314 1.815348
44 -0.532927 0.052443 1.049053 -0.251478 1.256114 -0.179811 0.030107 1.795943
Cleaner_FullBody_A.dds
44 -0.513050 0.029108 0.989395 -0.242759 0.588697 -1.126010 0.008314 1.815348
44 -0.491009 0.041198 1.020610 0.681420 0.774459 -0.780561 0.030163 1.816399
44 -0.492548 -0.014497 0.990736 0.261302 -0.041185 -1.266262 0.008367 1.835439
Cleaner_FullBody_A.dds
44 -0.489347 -0.070967 1.009896 0.431389 -0.828981 -0.894477 0.008421 1.704612
44 -0.470399 -0.062784 1.036566 0.983938 -0.696618 -0.469026 0.030228 1.701637
44 -0.506174 -0.075238 1.064387 0.034220 -1.252888 0.320148 0.030282 1.715307
Cleaner_FullBody_A.dds
44 -0.470399 -0.062784 1.036566 0.983938 -0.696618 -0.469026 0.030228 1.701637
44 -0.489347 -0.070967 1.009896 0.431389 -0.828981 -0.894477 0.008421 1.704612
44 -0.469433 0.000185 1.022436 1.020765 0.063051 -0.792123 0.030210 1.664011
Cleaner_FullBody_A.dds
44 -0.576050 0.029039 1.035591 -1.155227 0.549340 -0.192537 0.008365 1.772897
44 -0.555444 0.038104 1.067429 -0.969362 0.753780 0.406876 0.030175 1.772841
44 -0.532927 0.052443 1.049053 -0.251478 1.256114 -0.179811 0.030107 1.795943
Cleaner_FullBody_A.dds
44 -0.555444 0.038104 1.067429 -0.969362 0.753780 0.406876 0.030175 1.772841
44 -0.576050 0.029039 1.035591 -1.155227 0.549340 -0.192537 0.008365 1.772897
44 -0.565440 -0.011390 1.081032 -1.040692 -0.225790 0.734422 0.030143 1.750609
Cleaner_FullBody_A.dds
4 -0.206931 0.035028 1.301737 -1.162680 0.055153 -0.564383 0.978672 1.613748
4 -0.204001 -0.020760 1.357494 -0.898842 -0.797144 -0.479626 0.929517 1.608754
4 -0.218280 0.036959 1.314970 0.053415 -0.241412 -1.269749 0.953694 1.620750
Cleaner_FullBody_A.dds
4 -0.225854 0.112339 1.358170 0.297370 1.028652 -0.725838 0.985996 1.818004
4 -0.206931 0.035028 1.301737 -1.162680 0.055153 -0.564383 0.997928 1.898787
4 -0.218280 0.036959 1.314970 0.053415 -0.241412 -1.269749 0.998236 1.821807
Cleaner_FullBody_A.dds
25 -0.399796 -0.034836 1.243961 0.019019 -1.250035 0.332335 0.233913 1.715731
25 -0.378495 -0.021474 1.270667 -0.100202 -1.286890 0.085257 0.261987 1.715141
25 -0.396643 -0.012706 1.303723 -0.781597 -0.859608 0.568837 0.288215 1.733565
Cleaner_FullBody_A.dds
25 -0.378495 -0.021474 1.270667 -0.100202 -1.286890 0.085257 0.261987 1.715141
25 -0.399796 -0.034836 1.243961 0.019019 -1.250035 0.332335 0.233913 1.715731
25 -0.340587 -0.019606 1.252985 0.550797 -1.104394 -0.387728 0.261453 1.697072
Cleaner_FullBody_A.dds
25 -0.396643 -0.012706 1.303723 -0.781597 -0.859608 0.568837 0.288215 1.733565
25 -0.427785 -0.014960 1.255477 -0.744608 -0.876330 0.592452 0.236674 1.733581
25 -0.399796 -0.034836 1.243961 0.019019 -1.250035 0.332335 0.233913 1.715731
Cleaner_FullBody_A.dds
25 -0.427785 -0.014960 1.255477 -0.744608 -0.876330 0.592452 0.236674 1.733581
25 -0.396643 -0.012706 1.303723 -0.781597 -0.859608 0.568837 0.288215 1.733565
25 -0.458794 0.029828 1.260274 -1.080815 -0.012132 0.710695 0.229874 1.750447
Cleaner_FullBody_A.dds
4 -0.225854 0.112339 1.358170 0.297370 1.028652 -0.725838 0.464313 1.813339
4 -0.218280 0.036959 1.314970 0.053415 -0.241412 -1.269749 0.474205 1.834962
24 -0.248611 0.099655 1.317227 0.683381 0.846169 -0.700274 0.405176 1.812056
Cleaner_FullBody_A.dds
24 -0.250978 0.133131 1.426083 -0.161216 1.282359 -0.054417 0.484616 1.798394
4 -0.225854 0.112339 1.358170 0.297370 1.028652 -0.725838 0.464313 1.813339
24 -0.248611 0.099655 1.317227 0.683381 0.846169 -0.700274 0.405176 1.812056
Cleaner_FullBody_A.dds
25 -0.340587 -0.019606 1.252985 0.550797 -1.104394 -0.387728 0.261453 1.697072
44 -0.418933 -0.043164 1.119656 0.826268 -0.935839 -0.338942 0.153933 1.700287
25 -0.345058 0.021764 1.188313 1.051277 -0.186489 -0.730365 0.215773 1.664023
Cleaner_FullBody_A.dds
44 -0.418933 -0.043164 1.119656 0.826268 -0.935839 -0.338942 0.153933 1.700287
25 -0.340587 -0.019606 1.252985 0.550797 -1.104394 -0.387728 0.261453 1.697072
25 -0.399796 -0.034836 1.243961 0.019019 -1.250035 0.332335 0.233913 1.715731
Cleaner_FullBody_A.dds
24 -0.250978 0.133131 1.426083 -0.161216 1.282359 -0.054417 0.999335 1.799162
24 -0.290962 0.103097 1.469328 -0.857571 0.715289 0.652939 0.999228 1.777564
24 -0.264926 0.096079 1.506513 -0.673564 0.758271 0.802952 0.951695 1.777575
Cleaner_FullBody_A.dds
24 -0.290962 0.103097 1.469328 -0.857571 0.715289 0.652939 0.999228 1.777564
24 -0.277913 0.040242 1.511133 -0.818260 -0.140157 0.992069 0.954476 1.755615
24 -0.264926 0.096079 1.506513 -0.673564 0.758271 0.802952 0.951695 1.777575
Cleaner_FullBody_A.dds
44 -0.532927 0.052443 1.049053 -0.251478 1.256114 -0.179811 0.030107 1.795943
44 -0.555784 0.046295 1.016745 -0.775396 0.399812 -0.955148 0.008327 1.796020
44 -0.576050 0.029039 1.035591 -1.155227 0.549340 -0.192537 0.008365 1.772897
Cleaner_FullBody_A.dds
44 -0.555784 0.046295 1.016745 -0.775396 0.399812 -0.955148 0.008327 1.796020
44 -0.532927 0.052443 1.049053 -0.251478 1.256114 -0.179811 0.030107 1.795943
44 -0.513050 0.029108 0.989395 -0.242759 0.588697 -1.126010 0.008314 1.815348
Cleaner_FullBody_A.dds
24 -0.241599 -0.058533 1.427092 -0.193831 -1.264107 -0.194574 0.941185 1.637310
4 -0.199564 -0.070360 1.446424 -0.655599 -1.099213 0.187926 0.914545 1.645923
24 -0.253413 -0.029637 1.495445 -0.584733 -0.912492 0.706286 0.958306 1.679939
Cleaner_FullBody_A.dds
24 -0.277913 0.040242 1.511133 -0.818260 -0.140157 0.992069 0.954476 1.755615
24 -0.273970 -0.027807 1.476760 -0.834361 -0.747276 0.647160 0.986574 1.676899
24 -0.253413 -0.029637 1.495445 -0.584733 -0.912492 0.706286 0.958306 1.679939
Cleaner_FullBody_A.dds
44 -0.583442 -0.015307 1.054017 -1.084121 -0.262167 -0.655245 0.008395 1.750510
44 -0.565440 -0.011390 1.081032 -1.040692 -0.225790 0.734422 0.030143 1.750609
44 -0.576050 0.029039 1.035591 -1.155227 0.549340 -0.192537 0.008365 1.772897
Cleaner_FullBody_A.dds
44 -0.565440 -0.011390 1.081032 -1.040692 -0.225790 0.734422 0.030143 1.750609
44 -0.583442 -0.015307 1.054017 -1.084121 -0.262167 -0.655245 0.008395 1.750510
44 -0.560016 -0.058747 1.048791 -1.051084 -0.750081 -0.077434 0.008419 1.733686
Cleaner_FullBody_A.dds
25 -0.378495 -0.021474 1.270667 -0.100202 -1.286890 0.085257 0.261987 1.715141
25 -0.340587 -0.019606 1.252985 0.550797 -1.104394 -0.387728 0.261453 1.697072
24 -0.343177 -0.047229 1.328214 -0.408284 -1.227333 -0.018796 0.341966 1.716656
Cleaner_FullBody_A.dds
25 -0.396643 -0.012706 1.303723 -0.781597 -0.859608 0.568837 0.288215 1.733565
25 -0.378495 -0.021474 1.270667 -0.100202 -1.286890 0.085257 0.261987 1.715141
24 -0.343177 -0.047229 1.328214 -0.408284 -1.227333 -0.018796 0.341966 1.716656
Cleaner_FullBody_A.dds
44 -0.506174 -0.075238 1.064387 0.034220 -1.252888 0.320148 0.030282 1.715307
44 -0.522480 -0.088457 1.030579 -0.644578 -1.080220 -0.301728 0.008427 1.713897
44 -0.489347 -0.070967 1.009896 0.431389 -0.828981 -0.894477 0.008421 1.704612
Cleaner_FullBody_A.dds
44 -0.522480 -0.088457 1.030579 -0.644578 -1.080220 -0.301728 0.008427 1.713897
44 -0.541774 -0.043838 1.076380 -0.655980 -0.858871 0.710933 0.030174 1.733663
44 -0.560016 -0.058747 1.048791 -1.051084 -0.750081 -0.077434 0.008419 1.733686
Cleaner_FullBody_A.dds
24 -0.407555 0.101006 1.295311 -0.970296 0.621902 0.587503 0.296457 1.773775
24 -0.381261 0.130950 1.255406 -0.154613 1.268812 -0.199011 0.291911 1.797314
24 -0.439836 0.089910 1.241040 -0.845119 0.950470 0.236170 0.234078 1.772288
Cleaner_FullBody_A.dds
24 -0.407555 0.101006 1.295311 -0.970296 0.621902 0.587503 0.296457 1.773775
24 -0.439836 0.089910 1.241040 -0.845119 0.950470 0.236170 0.234078 1.772288
25 -0.458794 0.029828 1.260274 -1.080815 -0.012132 0.710695 0.229874 1.750447
Cleaner_FullBody_A.dds
24 -0.290384 0.038975 1.497352 -1.028135 -0.073113 0.781657 0.980148 1.755858
24 -0.273970 -0.027807 1.476760 -0.834361 -0.747276 0.647160 0.986574 1.676899
24 -0.277913 0.040242 1.511133 -0.818260 -0.140157 0.992069 0.954476 1.755615
Cleaner_FullBody_A.dds
24 -0.290962 0.103097 1.469328 -0.857571 0.715289 0.652939 0.999228 1.777564
24 -0.290384 0.038975 1.497352 -1.028135 -0.073113 0.781657 0.980148 1.755858
24 -0.277913 0.040242 1.511133 -0.818260 -0.140157 0.992069 0.954476 1.755615
Cleaner_FullBody_A.dds
44 -0.469433 0.000185 1.022436 1.020765 0.063051 -0.792123 0.030151 1.835438
44 -0.491009 0.041198 1.020610 0.681420 0.774459 -0.780561 0.030163 1.816399
44 -0.466013 0.003315 1.027021 1.026762 0.073315 -0.783441 0.040134 1.835436
Cleaner_FullBody_A.dds
44 -0.466013 0.003315 1.027021 1.026762 0.073315 -0.783441 0.030210 1.664011
44 -0.470399 -0.062784 1.036566 0.983938 -0.696618 -0.469026 0.030228 1.701637
44 -0.469433 0.000185 1.022436 1.020765 0.063051 -0.792123 0.035409 1.664011
Cleaner_FullBody_A.dds
24 -0.241599 -0.058533 1.427092 -0.193831 -1.264107 -0.194574 0.941185 1.637310
4 -0.220012 -0.013825 1.359605 0.229202 -0.935820 -0.863193 0.943008 1.624047
4 -0.204001 -0.020760 1.357494 -0.898842 -0.797144 -0.479626 0.929517 1.608754
Cleaner_FullBody_A.dds
4 -0.220012 -0.013825 1.359605 0.229202 -0.935820 -0.863193 0.943008 1.624047
4 -0.218280 0.036959 1.314970 0.053415 -0.241412 -1.269749 0.953694 1.620750
4 -0.204001 -0.020760 1.357494 -0.898842 -0.797144 -0.479626 0.929517 1.608754
Cleaner_FullBody_A.dds
25 -0.310262 0.032837 1.238262 0.940962 -0.258807 -0.849119 0.274828 1.835433
25 -0.345058 0.021764 1.188313 1.051277 -0.186489 -0.730365 0.222474 1.835438
25 -0.324390 0.093593 1.230241 0.833799 0.576816 -0.803404 0.285497 1.815187
Cleaner_FullBody_A.dds
25 -0.345058 0.021764 1.188313 1.051277 -0.186489 -0.730365 0.215773 1.664023
25 -0.310262 0.032837 1.238262 0.940962 -0.258807 -0.849119 0.271552 1.664075
25 -0.340587 -0.019606 1.252985 0.550797 -1.104394 -0.387728 0.261453 1.697072
Cleaner_FullBody_A.dds
24 -0.367602 0.077580 1.180701 0.601190 0.860285 -0.756225 0.223059 1.815500
24 -0.381261 0.130950 1.255406 -0.154613 1.268812 -0.199011 0.291911 1.797314
25 -0.324390 0.093593 1.230241 0.833799 0.576816 -0.803404 0.285497 1.815187
Cleaner_FullBody_A.dds
24 -0.414887 0.102536 1.203261 -0.205287 1.217963 -0.384473 0.225312 1.798495
44 -0.532927 0.052443 1.049053 -0.251478 1.256114 -0.179811 0.030107 1.795943
24 -0.439836 0.089910 1.241040 -0.845119 0.950470 0.236170 0.234078 1.772288
Cleaner_FullBody_A.dds
24 -0.414887 0.102536 1.203261 -0.205287 1.217963 -0.384473 0.225312 1.798495
24 -0.367602 0.077580 1.180701 0.601190 0.860285 -0.756225 0.223059 1.815500
44 -0.532927 0.052443 1.049053 -0.251478 1.256114 -0.179811 0.030107 1.795943
Cleaner_FullBody_A.dds
24 -0.367602 0.077580 1.180701 0.601190 0.860285 -0.756225 0.223059 1.815500
25 -0.324390 0.093593 1.230241 0.833799 0.576816 -0.803404 0.285497 1.815187
25 -0.345058 0.021764 1.188313 1.051277 -0.186489 -0.730365 0.222474 1.835438
Cleaner_FullBody_A.dds
44 -0.541774 -0.043838 1.076380 -0.655980 -0.858871 0.710933 0.030174 1.733663
25 -0.427785 -0.014960 1.255477 -0.744608 -0.876330 0.592452 0.236674 1.733581
44 -0.565440 -0.011390 1.081032 -1.040692 -0.225790 0.734422 0.030143 1.750609
Cleaner_FullBody_A.dds
25 -0.427785 -0.014960 1.255477 -0.744608 -0.876330 0.592452 0.236674 1.733581
44 -0.541774 -0.043838 1.076380 -0.655980 -0.858871 0.710933 0.030174 1.733663
44 -0.506174 -0.075238 1.064387 0.034220 -1.252888 0.320148 0.030282 1.715307
Cleaner_FullBody_A.dds
69 0.543756 -0.046831 1.076059 0.647652 -0.847226 0.732223 0.031244 1.733370
50 0.426501 -0.014117 1.255244 0.694236 -0.927782 0.575024 0.231494 1.733283
69 0.507333 -0.072823 1.058013 -0.131401 -1.253762 0.290191 0.031692 1.712187
Cleaner_FullBody_A.dds
50 0.426501 -0.014117 1.255244 0.694236 -0.927782 0.575024 0.231494 1.733283
69 0.543756 -0.046831 1.076059 0.647652 -0.847226 0.732223 0.031244 1.733370
69 0.563219 -0.014313 1.080631 1.020128 -0.213019 0.766393 0.031177 1.751052
Cleaner_FullBody_A.dds
4 -0.074716 0.015558 1.586945 0.914494 -0.507746 0.761111 0.811129 1.719642
4 -0.072989 -0.023204 1.558566 0.575247 -0.656821 0.954501 0.798791 1.694060
4 -0.055479 -0.018517 1.556703 -0.512254 -0.926372 0.743523 0.790717 1.695351
Cleaner_FullBody_A.dds
4 0.003185 0.175727 1.368165 0.000207 1.281353 -0.177566 0.752690 1.887117
4 0.117273 0.156099 1.355106 0.242051 1.223388 -0.343699 0.627119 1.886946
4 0.002472 0.139407 1.276472 0.020488 1.266446 -0.262851 0.751131 1.903725
Cleaner_FullBody_A.dds
4 0.118915 0.164248 1.474664 0.211820 1.255354 0.229377 0.627039 1.821697
4 0.117273 0.156099 1.355106 0.242051 1.223388 -0.343699 0.627119 1.886946
4 0.003185 0.175727 1.368165 0.000207 1.281353 -0.177566 0.752690 1.887117
Cleaner_FullBody_A.dds
2 -0.190769 0.002905 1.133293 -1.289577 0.016774 0.100530 0.997744 1.975413
2 -0.175179 0.047251 1.176452 -1.146846 0.590945 -0.094456 0.950683 1.956136
2 -0.171746 0.066594 1.079118 -1.067139 0.705621 0.191594 0.950573 1.997987
Cleaner_FullBody_A.dds
2 -0.169291 -0.064018 1.174762 -1.160612 -0.560176 -0.112156 0.914576 1.543695
2 -0.190769 0.002905 1.133293 -1.289577 0.016774 0.100530 0.971252 1.525599
2 -0.167882 -0.063900 1.128601 -1.132129 -0.609340 0.142773 0.909844 1.524870
Cleaner_FullBody_A.dds
2 -0.189415 0.002887 1.174595 -1.281971 0.090054 -0.147774 0.972890 1.542058
2 -0.190769 0.002905 1.133293 -1.289577 0.016774 0.100530 0.971252 1.525599
2 -0.169291 -0.064018 1.174762 -1.160612 -0.560176 -0.112156 0.914576 1.543695
Cleaner_FullBody_A.dds
2 -0.167882 -0.063900 1.128601 -1.132129 -0.609340 0.142773 0.909844 1.524870
2 -0.140748 -0.104572 1.168398 -0.973765 -0.849308 -0.062072 0.861311 1.545863
2 -0.169291 -0.064018 1.174762 -1.160612 -0.560176 -0.112156 0.914576 1.543695
Cleaner_FullBody_A.dds
24 -0.341347 0.045034 1.417142 -1.074924 -0.062932 0.716919 0.431168 1.752022
24 -0.273970 -0.027807 1.476760 -0.834361 -0.747276 0.647160 0.519678 1.733469
24 -0.290384 0.038975 1.497352 -1.028135 -0.073113 0.781657 0.518975 1.753790
Cleaner_FullBody_A.dds
24 -0.290962 0.103097 1.469328 -0.857571 0.715289 0.652939 0.505321 1.773906
24 -0.341347 0.045034 1.417142 -1.074924 -0.062932 0.716919 0.431168 1.752022
24 -0.290384 0.038975 1.497352 -1.028135 -0.073113 0.781657 0.518975 1.753790
Cleaner_FullBody_A.dds
49 0.262421 -0.028782 1.476740 0.779193 -0.848465 0.588524 0.529440 1.697159
49 0.285829 0.039526 1.501442 0.991939 -0.060016 0.828160 0.519542 1.755173
49 0.270891 0.040724 1.515480 0.744086 -0.112322 1.052195 0.545464 1.755907
Cleaner_FullBody_A.dds
49 0.285829 0.039526 1.501442 0.991939 -0.060016 0.828160 0.519542 1.755173
49 0.269601 0.111232 1.477993 0.753379 0.773455 0.712449 0.506016 1.775311
49 0.270891 0.040724 1.515480 0.744086 -0.112322 1.052195 0.545464 1.755907
Cleaner_FullBody_A.dds
4 -0.000692 -0.124838 1.421242 0.053822 -1.055324 0.746183 0.755023 1.626357
4 -0.000167 -0.098302 1.480098 0.028277 -1.065417 0.733131 0.751110 1.650249
4 -0.033074 -0.095637 1.481501 0.343902 -0.966973 0.787458 0.774549 1.651105
Cleaner_FullBody_A.dds
4 0.034217 -0.097260 1.476191 -0.352733 -0.952715 0.800818 0.731774 1.648790
4 0.047884 -0.070193 1.509265 -0.134999 -0.912745 0.906680 0.719964 1.665626
4 -0.000167 -0.098302 1.480098 0.028277 -1.065417 0.733131 0.751110 1.650249
Cleaner_FullBody_A.dds
4 -0.199564 -0.070360 1.446424 -0.655599 -1.099213 0.187926 0.914545 1.645923
4 -0.128313 -0.102103 1.455501 -0.379425 -1.085446 0.592654 0.855089 1.645283
4 -0.139195 -0.070328 1.499774 -0.405648 -1.034187 0.662799 0.865513 1.669176
Cleaner_FullBody_A.dds
4 -0.199564 -0.070360 1.446424 -0.655599 -1.099213 0.187926 0.914545 1.645923
4 -0.204001 -0.020760 1.357494 -0.898842 -0.797144 -0.479626 0.929517 1.608754
4 -0.170262 -0.091998 1.288876 -0.973804 -0.847875 -0.078803 0.896834 1.576813
Cleaner_FullBody_A.dds
4 -0.017725 -0.130764 1.433497 0.277117 -1.055522 0.694604 0.764387 1.629115
4 -0.033074 -0.095637 1.481501 0.343902 -0.966973 0.787458 0.774549 1.651105
4 -0.057628 -0.091184 1.500451 0.206918 -0.990020 0.806499 0.800426 1.667803
Cleaner_FullBody_A.dds
4 0.058523 -0.090559 1.500247 -0.294535 -0.969412 0.804292 0.701507 1.670008
4 0.034217 -0.097260 1.476191 -0.352733 -0.952715 0.800818 0.731774 1.648790
4 0.018843 -0.129239 1.432967 -0.225333 -1.065457 0.698156 0.736267 1.627732
Cleaner_FullBody_A.dds
4 -0.057628 -0.091184 1.500451 0.206918 -0.990020 0.806499 0.800426 1.667803
23 -0.084060 -0.032907 1.576066 0.485438 -0.788277 0.903529 0.828349 1.701149
4 -0.115666 -0.062564 1.528022 -0.444996 -0.950058 0.756812 0.850791 1.675909
Cleaner_FullBody_A.dds
4 -0.045742 -0.069827 1.513684 0.124815 -0.912525 0.908358 0.783003 1.667247
4 -0.057628 -0.091184 1.500451 0.206918 -0.990020 0.806499 0.800426 1.667803
4 -0.033074 -0.095637 1.481501 0.343902 -0.966973 0.787458 0.774549 1.651105
Cleaner_FullBody_A.dds
4 0.001160 0.093354 1.647863 -0.057551 0.562605 1.163425 0.752270 1.761483
4 0.060880 0.068420 1.644584 0.591137 0.540837 1.015602 0.709118 1.755969
4 0.062343 0.090276 1.625083 0.642935 0.909728 0.657590 0.699545 1.768307
Cleaner_FullBody_A.dds
4 0.062343 0.090276 1.625083 0.642935 0.909728 0.657590 0.699545 1.768307
4 0.001023 0.102521 1.627559 -0.028417 1.205112 0.469353 0.752389 1.768438
4 0.001160 0.093354 1.647863 -0.057551 0.562605 1.163425 0.752270 1.761483
Cleaner_FullBody_A.dds
4 -0.083895 0.008471 1.611669 -0.131421 -0.712693 1.071537 0.826008 1.729436
4 -0.081042 0.041839 1.632538 0.803145 -0.656292 0.773068 0.821146 1.742988
4 -0.086254 0.045307 1.633636 -0.675726 -0.119870 1.096550 0.822995 1.743276
Cleaner_FullBody_A.dds
4 -0.081042 0.041839 1.632538 0.803145 -0.656292 0.773068 0.821146 1.742988
4 -0.083895 0.008471 1.611669 -0.131421 -0.712693 1.071537 0.826008 1.729436
4 -0.074716 0.015558 1.586945 0.914494 -0.507746 0.761111 0.811129 1.719642
Cleaner_FullBody_A.dds
4 -0.057628 -0.091184 1.500451 0.206918 -0.990020 0.806499 0.800426 1.667803
4 -0.045742 -0.069827 1.513684 0.124815 -0.912525 0.908358 0.783003 1.667247
4 -0.072989 -0.023204 1.558566 0.575247 -0.656821 0.954501 0.798791 1.694060
Cleaner_FullBody_A.dds
4 -0.072989 -0.023204 1.558566 0.575247 -0.656821 0.954501 0.798791 1.694060
23 -0.084060 -0.032907 1.576066 0.485438 -0.788277 0.903529 0.828349 1.701149
4 -0.057628 -0.091184 1.500451 0.206918 -0.990020 0.806499 0.800426 1.667803
Cleaner_FullBody_A.dds
4 0.074600 0.052073 1.637956 -0.675835 -0.710957 0.843317 0.674501 1.739461
4 0.068843 0.019036 1.590449 -1.067216 -0.414124 0.602450 0.685137 1.721846
4 0.078289 0.001778 1.610006 0.180220 -0.701381 1.071905 0.668777 1.727214
Cleaner_FullBody_A.dds
4 0.078289 0.001778 1.610006 0.180220 -0.701381 1.071905 0.668777 1.727214
4 0.080877 0.057388 1.625073 1.090860 0.374847 0.585585 0.665282 1.742212
4 0.079321 0.056297 1.638351 0.798297 -0.037987 1.017190 0.668414 1.740238
Cleaner_FullBody_A.dds
4 0.080877 0.057388 1.625073 1.090860 0.374847 0.585585 0.665282 1.742212
4 0.062343 0.090276 1.625083 0.642935 0.909728 0.657590 0.699545 1.768307
4 0.060880 0.068420 1.644584 0.591137 0.540837 1.015602 0.709118 1.755969
Cleaner_FullBody_A.dds
4 0.057259 0.063239 1.644996 -0.205270 -0.862288 0.942189 0.710352 1.754909
4 0.079321 0.056297 1.638351 0.798297 -0.037987 1.017190 0.668414 1.740238
4 0.060880 0.068420 1.644584 0.591137 0.540837 1.015602 0.709118 1.755969
Cleaner_FullBody_A.dds
4 0.058523 -0.090559 1.500247 -0.294535 -0.969412 0.804292 0.701507 1.670008
4 0.105845 -0.060941 1.530463 0.382517 -0.951929 0.787977 0.659400 1.677103
4 0.076892 -0.032960 1.574188 -0.610800 -0.801328 0.811290 0.679549 1.700439
Cleaner_FullBody_A.dds
4 0.076892 -0.032960 1.574188 -0.610800 -0.801328 0.811290 0.679549 1.700439
48 0.071363 -0.022833 1.555042 -0.602108 -0.705453 0.901774 0.702776 1.694550
4 0.058523 -0.090559 1.500247 -0.294535 -0.969412 0.804292 0.701507 1.670008
Cleaner_FullBody_A.dds
4 0.076892 -0.032960 1.574188 -0.610800 -0.801328 0.811290 0.679549 1.700439
4 0.078289 0.001778 1.610006 0.180220 -0.701381 1.071905 0.668777 1.727214
4 0.068843 0.019036 1.590449 -1.067216 -0.414124 0.602450 0.685137 1.721846
Cleaner_FullBody_A.dds
4 0.068843 0.019036 1.590449 -1.067216 -0.414124 0.602450 0.685137 1.721846
48 0.071363 -0.022833 1.555042 -0.602108 -0.705453 0.901774 0.702776 1.694550
4 0.076892 -0.032960 1.574188 -0.610800 -0.801328 0.811290 0.679549 1.700439
Cleaner_FullBody_A.dds
4 0.058523 -0.090559 1.500247 -0.294535 -0.969412 0.804292 0.701507 1.670008
48 0.071363 -0.022833 1.555042 -0.602108 -0.705453 0.901774 0.702776 1.694550
4 0.047884 -0.070193 1.509265 -0.134999 -0.912745 0.906680 0.719964 1.665626
Cleaner_FullBody_A.dds
4 0.047884 -0.070193 1.509265 -0.134999 -0.912745 0.906680 0.719964 1.665626
4 0.034217 -0.097260 1.476191 -0.352733 -0.952715 0.800818 0.731774 1.648790
4 0.058523 -0.090559 1.500247 -0.294535 -0.969412 0.804292 0.701507 1.670008
Cleaner_FullBody_A.dds
4 0.001160 0.093354 1.647863 -0.057551 0.562605 1.163425 0.752270 1.761483
4 -0.061770 0.070751 1.639252 -0.619587 0.563127 0.986101 0.798864 1.755784
4 -0.059431 0.065543 1.640692 0.253829 -0.833470 0.956187 0.797662 1.754416
Cleaner_FullBody_A.dds
4 -0.063179 0.086136 1.622501 -0.587784 0.927980 0.683198 0.804548 1.767275
4 0.001160 0.093354 1.647863 -0.057551 0.562605 1.163425 0.752270 1.761483
4 0.001023 0.102521 1.627559 -0.028417 1.205112 0.469353 0.752389 1.768438
Cleaner_FullBody_A.dds
4 -0.086254 0.045307 1.633636 -0.675726 -0.119870 1.096550 0.822995 1.743276
4 -0.059431 0.065543 1.640692 0.253829 -0.833470 0.956187 0.797662 1.754416
4 -0.061770 0.070751 1.639252 -0.619587 0.563127 0.986101 0.798864 1.755784
Cleaner_FullBody_A.dds
4 -0.059431 0.065543 1.640692 0.253829 -0.833470 0.956187 0.797662 1.754416
4 -0.086254 0.045307 1.633636 -0.675726 -0.119870 1.096550 0.822995 1.743276
4 -0.081042 0.041839 1.632538 0.803145 -0.656292 0.773068 0.821146 1.742988
Cleaner_FullBody_A.dds
4 -0.074716 0.015558 1.586945 0.914494 -0.507746 0.761111 0.811129 1.719642
23 -0.084060 -0.032907 1.576066 0.485438 -0.788277 0.903529 0.828349 1.701149
4 -0.072989 -0.023204 1.558566 0.575247 -0.656821 0.954501 0.798791 1.694060
Cleaner_FullBody_A.dds
23 -0.084060 -0.032907 1.576066 0.485438 -0.788277 0.903529 0.828349 1.701149
4 -0.074716 0.015558 1.586945 0.914494 -0.507746 0.761111 0.811129 1.719642
4 -0.083895 0.008471 1.611669 -0.131421 -0.712693 1.071537 0.826008 1.729436
Cleaner_FullBody_A.dds
4 0.001631 0.109963 1.597949 -0.007983 1.188545 0.510580 0.752350 1.793994
4 0.001023 0.102521 1.627559 -0.028417 1.205112 0.469353 0.752389 1.768438
4 0.065812 0.101375 1.596630 0.387046 1.059086 0.633978 0.682421 1.783600
Cleaner_FullBody_A.dds
4 0.001023 0.102521 1.627559 -0.028417 1.205112 0.469353 0.752389 1.768438
4 0.001631 0.109963 1.597949 -0.007983 1.188545 0.510580 0.752350 1.793994
4 -0.062633 0.100976 1.595479 -0.327128 1.063899 0.659168 0.828313 1.781132
Cleaner_FullBody_A.dds
4 0.034217 -0.097260 1.476191 -0.352733 -0.952715 0.800818 0.731774 1.648790
4 -0.000692 -0.124838 1.421242 0.053822 -1.055324 0.746183 0.755023 1.626357
4 0.018843 -0.129239 1.432967 -0.225333 -1.065457 0.698156 0.736267 1.627732
Cleaner_FullBody_A.dds
4 -0.033074 -0.095637 1.481501 0.343902 -0.966973 0.787458 0.774549 1.651105
4 -0.017725 -0.130764 1.433497 0.277117 -1.055522 0.694604 0.764387 1.629115
4 -0.000692 -0.124838 1.421242 0.053822 -1.055324 0.746183 0.755023 1.626357
Cleaner_FullBody_A.dds
4 -0.000167 -0.098302 1.480098 0.028277 -1.065417 0.733131 0.751110 1.650249
4 -0.000692 -0.124838 1.421242 0.053822 -1.055324 0.746183 0.755023 1.626357
4 0.034217 -0.097260 1.476191 -0.352733 -0.952715 0.800818 0.731774 1.648790
Cleaner_FullBody_A.dds
4 0.105845 -0.060941 1.530463 0.382517 -0.951929 0.787977 0.659400 1.677103
4 0.136395 -0.015975 1.554064 0.633705 -0.596991 0.956773 0.610008 1.716640
4 0.076892 -0.032960 1.574188 -0.610800 -0.801328 0.811290 0.679549 1.700439
Cleaner_FullBody_A.dds
23 -0.136859 -0.016497 1.554298 -0.632134 -0.579848 0.968286 0.889335 1.705975
23 -0.191843 -0.057196 1.496934 -0.383561 -1.006635 0.716215 0.908836 1.679045
4 -0.139195 -0.070328 1.499774 -0.405648 -1.034187 0.662799 0.865513 1.669176
Cleaner_FullBody_A.dds
4 0.143196 -0.068869 1.499288 0.470067 -1.000607 0.671728 0.623529 1.669248
49 0.187440 -0.043109 1.500588 0.420691 -0.969049 0.746565 0.596732 1.678303
4 0.136395 -0.015975 1.554064 0.633705 -0.596991 0.956773 0.610008 1.716640
Cleaner_FullBody_A.dds
24 -0.214302 -0.018097 1.522864 -0.483491 -0.594867 1.042001 0.933304 1.707149
23 -0.191843 -0.057196 1.496934 -0.383561 -1.006635 0.716215 0.908836 1.679045
23 -0.136859 -0.016497 1.554298 -0.632134 -0.579848 0.968286 0.889335 1.705975
Cleaner_FullBody_A.dds
4 0.115760 0.129949 1.544335 0.322977 0.998031 0.756978 0.641896 1.797626
4 0.088563 0.084855 1.589726 0.752193 0.536356 0.905496 0.651880 1.762021
49 0.194980 0.112358 1.525920 0.466947 0.832888 0.872727 0.611184 1.792422
Cleaner_FullBody_A.dds
4 0.088563 0.084855 1.589726 0.752193 0.536356 0.905496 0.651880 1.762021
4 0.115760 0.129949 1.544335 0.322977 0.998031 0.756978 0.641896 1.797626
4 0.065812 0.101375 1.596630 0.387046 1.059086 0.633978 0.682421 1.783600
Cleaner_FullBody_A.dds
4 -0.092677 0.085856 1.591124 -0.668022 0.570601 0.949504 0.850511 1.768941
23 -0.208318 0.040551 1.547215 -0.519294 -0.071820 1.182612 0.923455 1.755563
4 -0.113757 0.043084 1.580601 -0.842373 0.032786 0.981188 0.857897 1.744973
Cleaner_FullBody_A.dds
4 -0.217174 0.110382 1.526006 -0.484287 0.836949 0.859289 0.931148 1.778437
23 -0.208318 0.040551 1.547215 -0.519294 -0.071820 1.182612 0.923455 1.755563
4 -0.092677 0.085856 1.591124 -0.668022 0.570601 0.949504 0.850511 1.768941
Cleaner_FullBody_A.dds
4 -0.092677 0.085856 1.591124 -0.668022 0.570601 0.949504 0.850511 1.768941
4 -0.062633 0.100976 1.595479 -0.327128 1.063899 0.659168 0.828313 1.781132
23 -0.123237 0.128651 1.544598 -0.266828 1.012895 0.759106 0.866497 1.800104
Cleaner_FullBody_A.dds
49 0.204376 -0.015523 1.520112 0.462471 -0.653108 1.016349 0.572999 1.713300
4 0.136395 -0.015975 1.554064 0.633705 -0.596991 0.956773 0.610008 1.716640
49 0.187440 -0.043109 1.500588 0.420691 -0.969049 0.746565 0.596732 1.678303
Cleaner_FullBody_A.dds
4 0.108345 0.045853 1.579820 0.830587 0.066764 0.989477 0.632530 1.744776
4 0.136395 -0.015975 1.554064 0.633705 -0.596991 0.956773 0.610008 1.716640
48 0.203741 0.045226 1.547965 0.529299 -0.014516 1.180266 0.583318 1.755157
Cleaner_FullBody_A.dds
49 0.204376 -0.015523 1.520112 0.462471 -0.653108 1.016349 0.572999 1.713300
48 0.203741 0.045226 1.547965 0.529299 -0.014516 1.180266 0.583318 1.755157
4 0.136395 -0.015975 1.554064 0.633705 -0.596991 0.956773 0.610008 1.716640
Cleaner_FullBody_A.dds
23 -0.208318 0.040551 1.547215 -0.519294 -0.071820 1.182612 0.923455 1.755563
23 -0.136859 -0.016497 1.554298 -0.632134 -0.579848 0.968286 0.889335 1.705975
4 -0.113757 0.043084 1.580601 -0.842373 0.032786 0.981188 0.857897 1.744973
Cleaner_FullBody_A.dds
23 -0.136859 -0.016497 1.554298 -0.632134 -0.579848 0.968286 0.889335 1.705975
23 -0.208318 0.040551 1.547215 -0.519294 -0.071820 1.182612 0.923455 1.755563
24 -0.214302 -0.018097 1.522864 -0.483491 -0.594867 1.042001 0.933304 1.707149
Cleaner_FullBody_A.dds
4 0.108345 0.045853 1.579820 0.830587 0.066764 0.989477 0.632530 1.744776
48 0.203741 0.045226 1.547965 0.529299 -0.014516 1.180266 0.583318 1.755157
4 0.088563 0.084855 1.589726 0.752193 0.536356 0.905496 0.651880 1.762021
Cleaner_FullBody_A.dds
4 0.001631 0.109963 1.597949 -0.007983 1.188545 0.510580 0.752350 1.793994
4 0.065812 0.101375 1.596630 0.387046 1.059086 0.633978 0.682421 1.783600
4 0.001205 0.139886 1.550762 -0.002922 1.105080 0.672447 0.751814 1.804901
Cleaner_FullBody_A.dds
4 0.115760 0.129949 1.544335 0.322977 0.998031 0.756978 0.641896 1.797626
4 0.001205 0.139886 1.550762 -0.002922 1.105080 0.672447 0.751814 1.804901
4 0.065812 0.101375 1.596630 0.387046 1.059086 0.633978 0.682421 1.783600
Cleaner_FullBody_A.dds
4 0.001205 0.139886 1.550762 -0.002922 1.105080 0.672447 0.751814 1.804901
23 -0.123237 0.128651 1.544598 -0.266828 1.012895 0.759106 0.866497 1.800104
4 -0.062633 0.100976 1.595479 -0.327128 1.063899 0.659168 0.828313 1.781132
Cleaner_FullBody_A.dds
4 -0.062633 0.100976 1.595479 -0.327128 1.063899 0.659168 0.828313 1.781132
4 0.001631 0.109963 1.597949 -0.007983 1.188545 0.510580 0.752350 1.793994
4 0.001205 0.139886 1.550762 -0.002922 1.105080 0.672447 0.751814 1.804901
Cleaner_FullBody_A.dds
4 -0.072989 -0.023204 1.558566 0.575247 -0.656821 0.954501 0.798791 1.694060
4 -0.045742 -0.069827 1.513684 0.124815 -0.912525 0.908358 0.783003 1.667247
4 -0.034586 -0.044456 1.538586 -0.223456 -1.039082 0.737409 0.779421 1.688182
Cleaner_FullBody_A.dds
49 0.197953 -0.026235 1.358196 0.996039 -0.680828 -0.466664 0.567969 1.615131
4 0.171936 -0.097574 1.297361 0.959887 -0.863196 -0.083101 0.602418 1.579125
4 0.197396 -0.044472 1.286154 1.246442 -0.329123 -0.107029 0.556653 1.575667
Cleaner_FullBody_A.dds
4 0.194735 -0.067237 1.441358 0.725958 -1.049746 0.210745 0.584391 1.641286
49 0.246064 -0.033162 1.490971 0.541116 -0.966989 0.667473 0.560717 1.686216
49 0.187440 -0.043109 1.500588 0.420691 -0.969049 0.746565 0.596732 1.678303
Cleaner_FullBody_A.dds
4 -0.170262 -0.091998 1.288876 -0.973804 -0.847875 -0.078803 0.896834 1.576813
4 -0.117588 -0.139069 1.393223 -0.391679 -1.205941 0.256299 0.846854 1.615430
4 -0.170979 -0.104363 1.405066 -0.749164 -1.032539 0.214504 0.892803 1.625953
Cleaner_FullBody_A.dds
4 -0.117588 -0.139069 1.393223 -0.391679 -1.205941 0.256299 0.846854 1.615430
4 -0.017725 -0.130764 1.433497 0.277117 -1.055522 0.694604 0.764387 1.629115
4 -0.128313 -0.102103 1.455501 -0.379425 -1.085446 0.592654 0.855089 1.645283
Cleaner_FullBody_A.dds
4 -0.199564 -0.070360 1.446424 -0.655599 -1.099213 0.187926 0.914545 1.645923
4 -0.170979 -0.104363 1.405066 -0.749164 -1.032539 0.214504 0.892803 1.625953
4 -0.128313 -0.102103 1.455501 -0.379425 -1.085446 0.592654 0.855089 1.645283
Cleaner_FullBody_A.dds
4 -0.170979 -0.104363 1.405066 -0.749164 -1.032539 0.214504 0.892803 1.625953
4 -0.117588 -0.139069 1.393223 -0.391679 -1.205941 0.256299 0.846854 1.615430
4 -0.128313 -0.102103 1.455501 -0.379425 -1.085446 0.592654 0.855089 1.645283
Cleaner_FullBody_A.dds
4 -0.170262 -0.091998 1.288876 -0.973804 -0.847875 -0.078803 0.896834 1.576813
4 -0.204001 -0.020760 1.357494 -0.898842 -0.797144 -0.479626 0.929517 1.608754
4 -0.201195 -0.046856 1.296964 -1.223627 -0.413345 -0.072657 0.935986 1.589248
Cleaner_FullBody_A.dds
4 0.058523 -0.090559 1.500247 -0.294535 -0.969412 0.804292 0.701507 1.670008
4 0.018843 -0.129239 1.432967 -0.225333 -1.065457 0.698156 0.736267 1.627732
4 0.133493 -0.102077 1.444514 0.415311 -1.104581 0.529919 0.641123 1.641767
Cleaner_FullBody_A.dds
4 0.194735 -0.067237 1.441358 0.725958 -1.049746 0.210745 0.584391 1.641286
4 0.169024 -0.101210 1.401594 0.725862 -1.046381 0.227172 0.617098 1.618738
4 0.171936 -0.097574 1.297361 0.959887 -0.863196 -0.083101 0.602418 1.579125
Cleaner_FullBody_A.dds
4 0.169024 -0.101210 1.401594 0.725862 -1.046381 0.227172 0.617098 1.618738
4 0.105191 -0.137157 1.386383 0.382004 -1.211964 0.242095 0.664109 1.611504
4 0.171936 -0.097574 1.297361 0.959887 -0.863196 -0.083101 0.602418 1.579125
Cleaner_FullBody_A.dds
4 0.105191 -0.137157 1.386383 0.382004 -1.211964 0.242095 0.664109 1.611504
4 0.169024 -0.101210 1.401594 0.725862 -1.046381 0.227172 0.617098 1.618738
4 0.133493 -0.102077 1.444514 0.415311 -1.104581 0.529919 0.641123 1.641767
Cleaner_FullBody_A.dds
4 0.105191 -0.137157 1.386383 0.382004 -1.211964 0.242095 0.664109 1.611504
4 0.133493 -0.102077 1.444514 0.415311 -1.104581 0.529919 0.641123 1.641767
4 0.018843 -0.129239 1.432967 -0.225333 -1.065457 0.698156 0.736267 1.627732
Cleaner_FullBody_A.dds
4 0.105191 -0.137157 1.386383 0.382004 -1.211964 0.242095 0.664109 1.611504
4 0.018843 -0.129239 1.432967 -0.225333 -1.065457 0.698156 0.736267 1.627732
4 -0.001055 -0.151590 1.385623 0.042430 -1.208177 0.460329 0.752916 1.607504
Cleaner_FullBody_A.dds
2 0.196301 -0.000149 1.063947 1.264321 0.073163 0.263697 0.510678 1.499410
2 0.164954 -0.068302 1.130169 1.136602 -0.602520 0.136016 0.562924 1.526579
2 0.167475 -0.094304 1.063456 1.030601 -0.752567 0.211897 0.586391 1.494637
Cleaner_FullBody_A.dds
2 0.184851 0.003788 1.129692 1.283039 0.144953 0.078709 0.501502 1.972010
2 0.196301 -0.000149 1.063947 1.264321 0.073163 0.263697 0.501203 1.996331
2 0.150402 0.075381 1.073970 0.956292 0.834743 0.249208 0.576032 1.996359
Cleaner_FullBody_A.dds
82 0.195911 0.038742 0.715053 1.139190 0.607307 0.082581 0.485283 1.371170
82 0.181264 0.089170 0.854990 1.091073 0.694850 -0.011777 0.425450 1.417285
82 0.215651 -0.024037 0.802543 1.291470 -0.072519 0.015514 0.535952 1.393655
Cleaner_FullBody_A.dds
82 0.215651 -0.024037 0.802543 1.291470 -0.072519 0.015514 0.535952 1.393655
82 0.225929 0.006275 0.598249 1.285792 -0.083598 -0.114656 0.542394 1.320213
82 0.195911 0.038742 0.715053 1.139190 0.607307 0.082581 0.485283 1.371170
Cleaner_FullBody_A.dds
78 -0.195567 -0.091052 0.762891 -1.048835 -0.755695 -0.047593 0.906545 1.376501
78 -0.217322 -0.017197 0.802627 -1.291970 -0.021424 0.061238 0.948201 1.390721
78 -0.226363 0.006275 0.589278 -1.281006 -0.122878 -0.131603 0.942023 1.314373
Cleaner_FullBody_A.dds
78 -0.209642 0.049831 0.737944 -1.101493 0.664494 0.136220 0.020937 1.367574
78 -0.220068 0.059340 0.583729 -1.165578 0.502196 -0.250244 -0.000326 1.312387
78 -0.226363 0.006275 0.589278 -1.281006 -0.122878 -0.131603 -0.055284 1.314373
Cleaner_FullBody_A.dds
78 -0.182828 -0.110545 0.916193 -0.891526 -0.937178 0.016573 0.895482 1.430660
78 -0.195567 -0.091052 0.762891 -1.048835 -0.755695 -0.047593 0.906545 1.376501
78 -0.124208 -0.129807 0.756297 -0.353794 -1.242302 -0.070078 0.857028 1.374141
Cleaner_FullBody_A.dds
82 0.183883 -0.090393 0.744353 0.966319 -0.855900 -0.084015 0.619825 1.374156
82 0.173287 -0.111789 0.926628 0.842021 -0.981958 0.012411 0.627122 1.439111
82 0.107541 -0.132833 0.754995 0.225766 -1.271325 -0.078478 0.669535 1.374671
Cleaner_FullBody_A.dds
82 0.135603 -0.105560 0.542564 0.236841 -1.241722 -0.274643 0.659890 1.302520
82 0.107541 -0.132833 0.754995 0.225766 -1.271325 -0.078478 0.669535 1.374671
82 0.041693 -0.119068 0.752955 -0.718651 -1.051189 -0.227897 0.711618 1.376955
Cleaner_FullBody_A.dds
79 -0.135319 -0.109804 0.542564 -0.087224 -1.250662 -0.318797 0.866973 1.297656
78 -0.038302 -0.119997 0.761940 0.711197 -1.063754 -0.189793 0.792108 1.376161
78 -0.124208 -0.129807 0.756297 -0.353794 -1.242302 -0.070078 0.857028 1.374141
Cleaner_FullBody_A.dds
79 -0.190174 -0.071876 0.551365 -1.015517 -0.769788 -0.222594 0.907611 1.300805
79 -0.135319 -0.109804 0.542564 -0.087224 -1.250662 -0.318797 0.866973 1.297656
78 -0.124208 -0.129807 0.756297 -0.353794 -1.242302 -0.070078 0.857028 1.374141
Cleaner_FullBody_A.dds
82 0.135603 -0.105560 0.542564 0.236841 -1.241722 -0.274643 0.659890 1.302520
82 0.169091 -0.071876 0.551365 1.065262 -0.708457 -0.191571 0.642689 1.304950
82 0.183883 -0.090393 0.744353 0.966319 -0.855900 -0.084015 0.619825 1.374156
Cleaner_FullBody_A.dds
82 0.183883 -0.090393 0.744353 0.966319 -0.855900 -0.084015 0.619825 1.374156
82 0.215651 -0.024037 0.802543 1.291470 -0.072519 0.015514 0.535952 1.393655
82 0.173287 -0.111789 0.926628 0.842021 -0.981958 0.012411 0.627122 1.439111
Cleaner_FullBody_A.dds
84 0.137686 0.152222 0.070509 -0.249295 1.269154 -0.022252 0.404200 1.124920
83 0.185029 0.137502 0.228919 0.535118 1.175822 0.066975 0.423731 1.186072
84 0.184091 0.139671 0.078103 0.713705 1.078232 -0.037905 0.425318 1.125063
Cleaner_FullBody_A.dds
83 0.222475 0.113609 0.193711 1.067535 0.729153 0.045836 0.480799 1.174202
84 0.184091 0.139671 0.078103 0.713705 1.078232 -0.037905 0.425318 1.125063
83 0.185029 0.137502 0.228919 0.535118 1.175822 0.066975 0.423731 1.186072
Cleaner_FullBody_A.dds
79 -0.236014 0.039870 0.386304 -1.284619 0.035736 0.147891 -0.045620 1.241737
79 -0.198665 0.118056 0.386192 -0.941996 0.859413 0.217825 0.047300 1.241697
79 -0.209832 0.135011 0.245246 -0.860307 0.963386 0.071791 0.054181 1.191259
Cleaner_FullBody_A.dds
79 -0.209832 0.135011 0.245246 -0.860307 0.963386 0.071791 0.054181 1.191259
80 -0.138022 0.152222 0.072926 0.222540 1.273741 -0.038142 0.126406 1.119966
80 -0.204663 0.130988 0.071625 -0.986159 0.831934 -0.093660 0.059841 1.119500
Cleaner_FullBody_A.dds
83 0.156890 0.112551 0.496859 0.881219 0.936590 0.140171 0.416530 1.282060
82 0.208871 0.060716 0.592279 1.042054 0.765356 0.041839 0.478063 1.315456
82 0.207221 0.018048 0.541089 1.285914 -0.013171 -0.140171 0.546839 1.301016
Cleaner_FullBody_A.dds
82 0.181318 -0.045450 0.489836 1.025902 -0.779409 -0.115940 0.610179 1.285315
82 0.213237 0.027033 0.505467 1.283793 -0.063368 0.145793 0.542132 1.288141
82 0.207221 0.018048 0.541089 1.285914 -0.013171 -0.140171 0.546839 1.301016
Cleaner_FullBody_A.dds
82 0.043837 0.001258 0.482369 -1.255065 -0.189355 -0.249703 0.745371 1.278971
82 0.042284 -0.040148 0.527217 -1.148853 -0.504962 -0.313920 0.720353 1.293320
82 0.033105 0.000789 0.536568 -1.266445 0.182274 -0.190497 0.747801 1.298314
Cleaner_FullBody_A.dds
83 0.050081 0.043913 0.505468 -1.214862 0.443864 -0.022165 0.306117 1.295454
82 0.043837 0.001258 0.482369 -1.255065 -0.189355 -0.249703 0.254847 1.278971
82 0.033105 0.000789 0.536568 -1.266445 0.182274 -0.190497 0.254930 1.298314
Cleaner_FullBody_A.dds
78 -0.025086 0.000633 0.562923 1.234686 0.309860 -0.230068 0.750210 1.304942
79 -0.039464 -0.040148 0.527217 1.151973 -0.483536 -0.335480 0.782733 1.292164
78 -0.029793 0.000820 0.538868 1.236383 0.244886 -0.291175 0.749955 1.296333
Cleaner_FullBody_A.dds
78 -0.025086 0.000633 0.562923 1.234686 0.309860 -0.230068 0.250756 1.304942
78 -0.029793 0.000820 0.538868 1.236383 0.244886 -0.291175 0.250751 1.296333
79 -0.064280 0.043913 0.505468 1.184197 0.498068 -0.151665 0.189665 1.284381
Cleaner_FullBody_A.dds
79 -0.176293 0.090574 0.532736 -0.835736 0.984097 0.080586 0.046234 1.294139
79 -0.209290 0.017742 0.539439 -1.275731 -0.004325 -0.214211 -0.057629 1.296537
78 -0.220068 0.059340 0.583729 -1.165578 0.502196 -0.250244 -0.000326 1.312387
Cleaner_FullBody_A.dds
79 -0.209290 0.017742 0.539439 -1.275731 -0.004325 -0.214211 0.943131 1.296537
79 -0.190174 -0.071876 0.551365 -1.015517 -0.769788 -0.222594 0.907611 1.300805
78 -0.226363 0.006275 0.589278 -1.281006 -0.122878 -0.131603 0.942023 1.314373
Cleaner_FullBody_A.dds
2 0.150402 0.075381 1.073970 0.956292 0.834743 0.249208 0.451220 1.499404
2 0.101955 0.152975 0.974121 0.513263 1.176296 0.162123 0.360541 1.452030
2 0.095144 0.117066 1.074868 0.589761 1.134077 0.198613 0.349908 1.498399
Cleaner_FullBody_A.dds
2 0.001849 0.135779 1.076980 0.036260 1.277726 0.198740 0.249151 1.498513
2 0.095144 0.117066 1.074868 0.589761 1.134077 0.198613 0.349908 1.498399
2 0.101955 0.152975 0.974121 0.513263 1.176296 0.162123 0.360541 1.452030
Cleaner_FullBody_A.dds
2 -0.115361 0.150309 0.967528 -0.495208 1.188900 0.121168 0.116939 1.451102
2 -0.132203 0.103120 1.075374 -0.743469 1.037251 0.211564 0.098765 1.498621
2 -0.089288 0.124914 1.075074 -0.371503 1.224191 0.191672 0.133809 1.498514
Cleaner_FullBody_A.dds
2 -0.132203 0.103120 1.075374 -0.743469 1.037251 0.211564 0.098765 1.498621
2 -0.181680 0.085586 1.010286 -1.054659 0.729364 0.170637 0.055852 1.472243
2 -0.171746 0.066594 1.079118 -1.067139 0.705621 0.191594 0.047797 1.497966
Cleaner_FullBody_A.dds
4 -0.000692 -0.124838 1.421242 0.053822 -1.055324 0.746183 0.755023 1.626357
4 -0.001055 -0.151590 1.385623 0.042430 -1.208177 0.460329 0.752916 1.607504
4 0.018843 -0.129239 1.432967 -0.225333 -1.065457 0.698156 0.736267 1.627732
Cleaner_FullBody_A.dds
4 -0.000692 -0.124838 1.421242 0.053822 -1.055324 0.746183 0.755023 1.626357
4 -0.017725 -0.130764 1.433497 0.277117 -1.055522 0.694604 0.764387 1.629115
4 -0.001055 -0.151590 1.385623 0.042430 -1.208177 0.460329 0.752916 1.607504
Cleaner_FullBody_A.dds
85 0.230472 -0.151317 0.039620 0.754523 -0.265380 1.016693 0.896816 1.018626
84 0.252987 -0.080269 0.016340 1.222940 0.156552 0.391541 0.828992 1.005519
84 0.225368 -0.073497 0.047680 0.777356 0.084964 1.030483 0.814789 1.022395
Cleaner_FullBody_A.dds
85 0.170813 -0.174924 0.042122 -0.474700 -0.732116 0.955019 0.076158 1.028522
84 0.141345 -0.092942 0.050567 -0.854074 -0.340668 0.909889 0.159945 1.025960
84 0.128740 -0.124239 0.016296 -1.179350 -0.445662 0.289678 0.158225 1.013486
Cleaner_FullBody_A.dds
84 0.185553 -0.082142 0.057669 0.197686 -0.389855 1.217509 0.163855 1.034101
84 0.141345 -0.092942 0.050567 -0.854074 -0.340668 0.909889 0.159945 1.025960
85 0.170813 -0.174924 0.042122 -0.474700 -0.732116 0.955019 0.076158 1.028522
Cleaner_FullBody_A.dds
84 0.185553 -0.082142 0.057669 0.197686 -0.389855 1.217509 0.834097 1.026337
85 0.230472 -0.151317 0.039620 0.754523 -0.265380 1.016693 0.896816 1.018626
84 0.225368 -0.073497 0.047680 0.777356 0.084964 1.030483 0.814789 1.022395
Cleaner_FullBody_A.dds
84 0.125978 -0.036950 0.015019 -1.282357 -0.159268 0.059911 0.263853 1.007802
84 0.128979 -0.033911 -0.002116 -0.584444 0.070004 -1.151920 0.263846 1.000713
84 0.129349 -0.126057 -0.002116 -0.719149 -0.148730 -1.064941 0.159142 1.000713
Cleaner_FullBody_A.dds
84 0.139060 -0.054825 0.070641 -0.878174 -0.695098 0.647336 0.260443 1.032303
84 0.107562 0.031442 0.020960 -1.232669 -0.321912 -0.224269 0.409320 1.010490
84 0.125978 -0.036950 0.015019 -1.282357 -0.159268 0.059911 0.263853 1.007802
Cleaner_FullBody_A.dds
84 0.129349 -0.126057 -0.002116 -0.719149 -0.148730 -1.064941 1.125418 1.058028
84 0.128979 -0.033911 -0.002116 -0.584444 0.070004 -1.151920 1.044959 1.064747
84 0.252497 -0.081295 -0.002116 0.866692 -0.014249 -0.960228 1.112919 1.106423
Cleaner_FullBody_A.dds
84 0.128979 -0.033911 -0.002116 -0.584444 0.070004 -1.151920 0.263846 1.000713
84 0.125978 -0.036950 0.015019 -1.282357 -0.159268 0.059911 0.263853 1.007802
84 0.107562 0.031442 0.020960 -1.232669 -0.321912 -0.224269 0.409320 1.010490
Cleaner_FullBody_A.dds
84 0.200953 -0.036337 0.062187 1.003929 -0.240157 0.779646 0.772060 1.032041
84 0.177161 -0.053290 0.086349 0.396930 -0.940882 0.794093 0.762095 1.043190
84 0.185553 -0.082142 0.057669 0.197686 -0.389855 1.217509 0.834097 1.026337
Cleaner_FullBody_A.dds
84 0.141345 -0.092942 0.050567 -0.854074 -0.340668 0.909889 0.159945 1.025960
84 0.185553 -0.082142 0.057669 0.197686 -0.389855 1.217509 0.163855 1.034101
84 0.139060 -0.054825 0.070641 -0.878174 -0.695098 0.647336 0.260443 1.032303
Cleaner_FullBody_A.dds
85 0.204500 -0.186692 -0.002117 0.130170 -0.969708 -0.846238 0.973919 1.001532
85 0.235124 -0.160558 -0.002118 0.769464 -0.589820 -0.856407 0.898519 1.000713
85 0.206113 -0.190312 0.020253 0.359861 -1.224685 0.209862 0.973919 1.015485
Cleaner_FullBody_A.dds
84 0.128740 -0.124239 0.016296 -1.179350 -0.445662 0.289678 0.158225 1.013486
84 0.125978 -0.036950 0.015019 -1.282357 -0.159268 0.059911 0.263853 1.007802
84 0.129349 -0.126057 -0.002116 -0.719149 -0.148730 -1.064941 0.159142 1.000713
Cleaner_FullBody_A.dds
85 0.166182 -0.182352 -0.002116 -0.789137 -0.913205 -0.465525 0.076206 1.005127
84 0.128740 -0.124239 0.016296 -1.179350 -0.445662 0.289678 0.158225 1.013486
84 0.129349 -0.126057 -0.002116 -0.719149 -0.148730 -1.064941 0.159142 1.000713
Cleaner_FullBody_A.dds
84 0.140363 0.118708 0.023701 -0.167807 1.278272 0.106102 0.518569 1.011508
84 0.143504 0.119552 -0.002116 -0.008013 0.887444 -0.941156 0.519724 1.000713
84 0.110683 0.103997 -0.002116 -0.871997 0.828758 -0.475580 0.488917 1.000713
Cleaner_FullBody_A.dds
84 0.112045 0.032144 -0.002117 -0.552472 -0.763928 -0.885768 0.407775 1.000713
84 0.110681 0.103961 0.023793 -1.121303 0.645031 0.002886 0.488888 1.011508
84 0.110683 0.103997 -0.002116 -0.871997 0.828758 -0.475580 0.488917 1.000713
Cleaner_FullBody_A.dds
84 0.221458 -0.000112 0.014931 1.191143 0.332747 0.379280 0.718573 1.006862
84 0.252987 -0.080269 0.016340 1.222940 0.156552 0.391541 0.828992 1.005519
84 0.222390 0.000232 -0.002116 0.986283 0.473202 -0.690450 0.717126 1.000713
Cleaner_FullBody_A.dds
84 0.173279 0.112345 -0.002116 0.636404 0.796396 -0.796328 0.573432 1.000713
84 0.182218 0.111686 0.021812 0.879424 0.948628 0.010621 0.574274 1.010322
84 0.197316 0.060802 -0.002116 0.871729 -0.104776 -0.950003 0.664257 1.000713
Cleaner_FullBody_A.dds
84 0.252987 -0.080269 0.016340 1.222940 0.156552 0.391541 0.828992 1.005519
85 0.230472 -0.151317 0.039620 0.754523 -0.265380 1.016693 0.896816 1.018626
85 0.237597 -0.163959 0.020253 1.110422 -0.606198 0.269966 0.900819 1.010170
Cleaner_FullBody_A.dds
84 0.141345 -0.092942 0.050567 -0.854074 -0.340668 0.909889 0.159945 1.025960
84 0.139060 -0.054825 0.070641 -0.878174 -0.695098 0.647336 0.260443 1.032303
84 0.125978 -0.036950 0.015019 -1.282357 -0.159268 0.059911 0.263853 1.007802
Cleaner_FullBody_A.dds
84 0.107562 0.031442 0.020960 -1.232669 -0.321912 -0.224269 0.409320 1.010490
84 0.122630 -0.015991 0.105240 -1.037845 -0.709215 0.305427 0.319851 1.047389
84 0.108180 0.041793 0.094769 -1.279480 -0.147191 0.121083 0.365559 1.037463
Cleaner_FullBody_A.dds
84 0.110681 0.103961 0.023793 -1.121303 0.645031 0.002886 0.488888 1.011508
84 0.105899 0.083588 0.095012 -1.172199 0.514282 0.186704 0.434605 1.037547
84 0.134166 0.108697 0.095012 -0.247791 1.236784 0.286984 0.515713 1.037443
Cleaner_FullBody_A.dds
84 0.110681 0.103961 0.023793 -1.121303 0.645031 0.002886 0.488888 1.011508
84 0.107562 0.031442 0.020960 -1.232669 -0.321912 -0.224269 0.409320 1.010490
84 0.105899 0.083588 0.095012 -1.172199 0.514282 0.186704 0.434605 1.037547
Cleaner_FullBody_A.dds
84 0.196378 0.066757 0.094782 1.219820 0.398497 0.163197 0.663823 1.036542
84 0.202785 0.009058 0.098569 1.224474 -0.264180 0.322906 0.716800 1.041513
84 0.197519 0.060749 0.013860 1.229298 0.005693 -0.402726 0.663799 1.006285
Cleaner_FullBody_A.dds
84 0.182218 0.111686 0.021812 0.879424 0.948628 0.010621 0.574274 1.010322
84 0.173381 0.098759 0.095012 0.690165 1.056964 0.282656 0.573143 1.037547
84 0.196378 0.066757 0.094782 1.219820 0.398497 0.163197 0.663823 1.036542
Cleaner_FullBody_A.dds
84 0.197519 0.060749 0.013860 1.229298 0.005693 -0.402726 0.936970 1.102668
84 0.107562 0.031442 0.020960 -1.232669 -0.321912 -0.224269 0.939345 1.071659
84 0.112045 0.032144 -0.002117 -0.552472 -0.763928 -0.885768 0.933015 1.071898
Cleaner_FullBody_A.dds
84 0.252497 -0.081295 -0.002116 0.866692 -0.014249 -0.960228 1.112919 1.106423
85 0.235124 -0.160558 -0.002118 0.769464 -0.589820 -0.856407 1.182021 1.093272
84 0.129349 -0.126057 -0.002116 -0.719149 -0.148730 -1.064941 1.125418 1.058028
Cleaner_FullBody_A.dds
84 0.200953 -0.036337 0.062187 1.003929 -0.240157 0.779646 0.772060 1.032041
84 0.202785 0.009058 0.098569 1.224474 -0.264180 0.322906 0.716800 1.041513
84 0.177161 -0.053290 0.086349 0.396930 -0.940882 0.794093 0.762095 1.043190
Cleaner_FullBody_A.dds
84 0.252497 -0.081295 -0.002116 0.866692 -0.014249 -0.960228 0.833086 1.000713
85 0.237597 -0.163959 0.020253 1.110422 -0.606198 0.269966 0.900819 1.010170
85 0.235124 -0.160558 -0.002118 0.769464 -0.589820 -0.856407 0.898519 1.000713
Cleaner_FullBody_A.dds
84 0.129349 -0.126057 -0.002116 -0.719149 -0.148730 -1.064941 1.125418 1.058028
85 0.204500 -0.186692 -0.002117 0.130170 -0.969708 -0.846238 1.199503 1.082794
85 0.166182 -0.182352 -0.002116 -0.789137 -0.913205 -0.465525 1.182926 1.066875
Cleaner_FullBody_A.dds
84 0.140363 0.118708 0.023701 -0.167807 1.278272 0.106102 0.518569 1.011508
84 0.182218 0.111686 0.021812 0.879424 0.948628 0.010621 0.574274 1.010322
84 0.143504 0.119552 -0.002116 -0.008013 0.887444 -0.941156 0.519724 1.000713
Cleaner_FullBody_A.dds
84 0.173279 0.112345 -0.002116 0.636404 0.796396 -0.796328 0.857888 1.097376
84 0.197316 0.060802 -0.002116 0.871729 -0.104776 -0.950003 0.932711 1.102930
84 0.143504 0.119552 -0.002116 -0.008013 0.887444 -0.941156 0.843989 1.087618
Cleaner_FullBody_A.dds
84 0.112045 0.032144 -0.002117 -0.552472 -0.763928 -0.885768 0.407775 1.000713
84 0.107562 0.031442 0.020960 -1.232669 -0.321912 -0.224269 0.409320 1.010490
84 0.110681 0.103961 0.023793 -1.121303 0.645031 0.002886 0.488888 1.011508
Cleaner_FullBody_A.dds
84 0.140363 0.118708 0.023701 -0.167807 1.278272 0.106102 0.518569 1.011508
84 0.173381 0.098759 0.095012 0.690165 1.056964 0.282656 0.573143 1.037547
84 0.182218 0.111686 0.021812 0.879424 0.948628 0.010621 0.574274 1.010322
Cleaner_FullBody_A.dds
84 0.110683 0.103997 -0.002116 -0.871997 0.828758 -0.475580 0.860801 1.072937
84 0.143504 0.119552 -0.002116 -0.008013 0.887444 -0.941156 0.843989 1.087618
84 0.112045 0.032144 -0.002117 -0.552472 -0.763928 -0.885768 0.933015 1.071898
Cleaner_FullBody_A.dds
84 0.202785 0.009058 0.098569 1.224474 -0.264180 0.322906 0.716800 1.041513
84 0.200953 -0.036337 0.062187 1.003929 -0.240157 0.779646 0.772060 1.032041
84 0.221458 -0.000112 0.014931 1.191143 0.332747 0.379280 0.718573 1.006862
Cleaner_FullBody_A.dds
85 0.166182 -0.182352 -0.002116 -0.789137 -0.913205 -0.465525 0.076206 1.005127
85 0.166329 -0.183676 0.020253 -0.603340 -1.134179 0.151707 0.076268 1.018944
84 0.128740 -0.124239 0.016296 -1.179350 -0.445662 0.289678 0.158225 1.013486
Cleaner_FullBody_A.dds
84 0.122630 -0.015991 0.105240 -1.037845 -0.709215 0.305427 0.319851 1.047389
84 0.107562 0.031442 0.020960 -1.232669 -0.321912 -0.224269 0.409320 1.010490
84 0.139060 -0.054825 0.070641 -0.878174 -0.695098 0.647336 0.260443 1.032303
Cleaner_FullBody_A.dds
84 0.122630 -0.015991 0.105240 -1.037845 -0.709215 0.305427 0.319851 1.047389
84 0.139060 -0.054825 0.070641 -0.878174 -0.695098 0.647336 0.260443 1.032303
84 0.177161 -0.053290 0.086349 0.396930 -0.940882 0.794093 0.243494 1.044418
Cleaner_FullBody_A.dds
84 0.141345 -0.092942 0.050567 -0.854074 -0.340668 0.909889 0.159945 1.025960
84 0.125978 -0.036950 0.015019 -1.282357 -0.159268 0.059911 0.263853 1.007802
84 0.128740 -0.124239 0.016296 -1.179350 -0.445662 0.289678 0.158225 1.013486
Cleaner_FullBody_A.dds
84 0.197519 0.060749 0.013860 1.229298 0.005693 -0.402726 0.663799 1.006285
84 0.202785 0.009058 0.098569 1.224474 -0.264180 0.322906 0.716800 1.041513
84 0.221458 -0.000112 0.014931 1.191143 0.332747 0.379280 0.718573 1.006862
Cleaner_FullBody_A.dds
84 0.225368 -0.073497 0.047680 0.777356 0.084964 1.030483 0.814789 1.022395
84 0.200953 -0.036337 0.062187 1.003929 -0.240157 0.779646 0.772060 1.032041
84 0.185553 -0.082142 0.057669 0.197686 -0.389855 1.217509 0.834097 1.026337
Cleaner_FullBody_A.dds
84 0.185553 -0.082142 0.057669 0.197686 -0.389855 1.217509 0.834097 1.026337
85 0.203534 -0.178476 0.040902 0.375100 -0.703620 1.018633 0.973919 1.025435
85 0.230472 -0.151317 0.039620 0.754523 -0.265380 1.016693 0.896816 1.018626
Cleaner_FullBody_A.dds
85 0.170813 -0.174924 0.042122 -0.474700 -0.732116 0.955019 0.076158 1.028522
84 0.128740 -0.124239 0.016296 -1.179350 -0.445662 0.289678 0.158225 1.013486
85 0.166329 -0.183676 0.020253 -0.603340 -1.134179 0.151707 0.076268 1.018944
Cleaner_FullBody_A.dds
84 0.252987 -0.080269 0.016340 1.222940 0.156552 0.391541 0.828992 1.005519
84 0.221458 -0.000112 0.014931 1.191143 0.332747 0.379280 0.718573 1.006862
84 0.225368 -0.073497 0.047680 0.777356 0.084964 1.030483 0.814789 1.022395
Cleaner_FullBody_A.dds
85 0.203534 -0.178476 0.040902 0.375100 -0.703620 1.018633 0.973919 1.025435
85 0.237597 -0.163959 0.020253 1.110422 -0.606198 0.269966 0.900819 1.010170
85 0.230472 -0.151317 0.039620 0.754523 -0.265380 1.016693 0.896816 1.018626
Cleaner_FullBody_A.dds
85 0.166329 -0.183676 0.020253 -0.603340 -1.134179 0.151707 0.076268 1.018944
85 0.166182 -0.182352 -0.002116 -0.789137 -0.913205 -0.465525 0.076206 1.005127
85 0.204500 -0.186692 -0.002117 0.130170 -0.969708 -0.846238 0.016168 1.005127
Cleaner_FullBody_A.dds
84 0.128979 -0.033911 -0.002116 -0.584444 0.070004 -1.151920 1.044959 1.064747
84 0.197519 0.060749 0.013860 1.229298 0.005693 -0.402726 0.936970 1.102668
84 0.222390 0.000232 -0.002116 0.986283 0.473202 -0.690450 1.035253 1.106417
Cleaner_FullBody_A.dds
85 0.166329 -0.183676 0.020253 -0.603340 -1.134179 0.151707 0.076268 1.018944
85 0.206113 -0.190312 0.020253 0.359861 -1.224685 0.209862 0.016168 1.018944
85 0.170813 -0.174924 0.042122 -0.474700 -0.732116 0.955019 0.076158 1.028522
Cleaner_FullBody_A.dds
84 0.252497 -0.081295 -0.002116 0.866692 -0.014249 -0.960228 0.833086 1.000713
84 0.252987 -0.080269 0.016340 1.222940 0.156552 0.391541 0.828992 1.005519
85 0.237597 -0.163959 0.020253 1.110422 -0.606198 0.269966 0.900819 1.010170
Cleaner_FullBody_A.dds
84 0.177161 -0.053290 0.086349 0.396930 -0.940882 0.794093 0.762095 1.043190
84 0.202785 0.009058 0.098569 1.224474 -0.264180 0.322906 0.716800 1.041513
84 0.168000 -0.032975 0.141042 0.109031 -1.175259 0.529409 0.781200 1.057092
Cleaner_FullBody_A.dds
84 0.185553 -0.082142 0.057669 0.197686 -0.389855 1.217509 0.163855 1.034101
84 0.177161 -0.053290 0.086349 0.396930 -0.940882 0.794093 0.243494 1.044418
84 0.139060 -0.054825 0.070641 -0.878174 -0.695098 0.647336 0.260443 1.032303
Cleaner_FullBody_A.dds
85 0.206113 -0.190312 0.020253 0.359861 -1.224685 0.209862 0.973919 1.015485
85 0.237597 -0.163959 0.020253 1.110422 -0.606198 0.269966 0.900819 1.010170
85 0.203534 -0.178476 0.040902 0.375100 -0.703620 1.018633 0.973919 1.025435
Cleaner_FullBody_A.dds
84 0.185553 -0.082142 0.057669 0.197686 -0.389855 1.217509 0.163855 1.034101
85 0.170813 -0.174924 0.042122 -0.474700 -0.732116 0.955019 0.076158 1.028522
85 0.203534 -0.178476 0.040902 0.375100 -0.703620 1.018633 0.016168 1.034449
Cleaner_FullBody_A.dds
85 0.206113 -0.190312 0.020253 0.359861 -1.224685 0.209862 0.016168 1.018944
85 0.203534 -0.178476 0.040902 0.375100 -0.703620 1.018633 0.016168 1.034449
85 0.170813 -0.174924 0.042122 -0.474700 -0.732116 0.955019 0.076158 1.028522
Cleaner_FullBody_A.dds
85 0.206113 -0.190312 0.020253 0.359861 -1.224685 0.209862 0.973919 1.015485
85 0.235124 -0.160558 -0.002118 0.769464 -0.589820 -0.856407 0.898519 1.000713
85 0.237597 -0.163959 0.020253 1.110422 -0.606198 0.269966 0.900819 1.010170
Cleaner_FullBody_A.dds
85 0.166329 -0.183676 0.020253 -0.603340 -1.134179 0.151707 0.076268 1.018944
85 0.204500 -0.186692 -0.002117 0.130170 -0.969708 -0.846238 0.016168 1.005127
85 0.206113 -0.190312 0.020253 0.359861 -1.224685 0.209862 0.016168 1.018944
Cleaner_FullBody_A.dds
84 0.129349 -0.126057 -0.002116 -0.719149 -0.148730 -1.064941 1.125418 1.058028
85 0.235124 -0.160558 -0.002118 0.769464 -0.589820 -0.856407 1.182021 1.093272
85 0.204500 -0.186692 -0.002117 0.130170 -0.969708 -0.846238 1.199503 1.082794
Cleaner_FullBody_A.dds
84 0.134166 0.108697 0.095012 -0.247791 1.236784 0.286984 0.515713 1.037443
84 0.173381 0.098759 0.095012 0.690165 1.056964 0.282656 0.573143 1.037547
84 0.140363 0.118708 0.023701 -0.167807 1.278272 0.106102 0.518569 1.011508
Cleaner_FullBody_A.dds
84 0.110681 0.103961 0.023793 -1.121303 0.645031 0.002886 0.488888 1.011508
84 0.140363 0.118708 0.023701 -0.167807 1.278272 0.106102 0.518569 1.011508
84 0.110683 0.103997 -0.002116 -0.871997 0.828758 -0.475580 0.488917 1.000713
Cleaner_FullBody_A.dds
84 0.197316 0.060802 -0.002116 0.871729 -0.104776 -0.950003 0.932711 1.102930
84 0.197519 0.060749 0.013860 1.229298 0.005693 -0.402726 0.936970 1.102668
84 0.112045 0.032144 -0.002117 -0.552472 -0.763928 -0.885768 0.933015 1.071898
Cleaner_FullBody_A.dds
84 0.143504 0.119552 -0.002116 -0.008013 0.887444 -0.941156 0.519724 1.000713
84 0.182218 0.111686 0.021812 0.879424 0.948628 0.010621 0.574274 1.010322
84 0.173279 0.112345 -0.002116 0.636404 0.796396 -0.796328 0.573432 1.000713
Cleaner_FullBody_A.dds
84 0.110681 0.103961 0.023793 -1.121303 0.645031 0.002886 0.488888 1.011508
84 0.134166 0.108697 0.095012 -0.247791 1.236784 0.286984 0.515713 1.037443
84 0.140363 0.118708 0.023701 -0.167807 1.278272 0.106102 0.518569 1.011508
Cleaner_FullBody_A.dds
84 0.107562 0.031442 0.020960 -1.232669 -0.321912 -0.224269 0.409320 1.010490
84 0.108180 0.041793 0.094769 -1.279480 -0.147191 0.121083 0.365559 1.037463
84 0.105899 0.083588 0.095012 -1.172199 0.514282 0.186704 0.434605 1.037547
Cleaner_FullBody_A.dds
84 0.177161 -0.053290 0.086349 0.396930 -0.940882 0.794093 0.243494 1.044418
84 0.168000 -0.032975 0.141042 0.109031 -1.175259 0.529409 0.260623 1.057364
84 0.122630 -0.015991 0.105240 -1.037845 -0.709215 0.305427 0.319851 1.047389
Cleaner_FullBody_A.dds
84 0.105899 0.083588 0.095012 -1.172199 0.514282 0.186704 0.434605 1.037547
83 0.123089 0.061365 0.204169 -1.169047 0.532329 0.152809 0.434605 1.079304
83 0.140614 0.075638 0.204169 -0.288653 1.243586 0.208731 0.516594 1.079304
Cleaner_FullBody_A.dds
83 0.140614 0.075638 0.204169 -0.288653 1.243586 0.208731 0.516594 1.079304
84 0.134166 0.108697 0.095012 -0.247791 1.236784 0.286984 0.515713 1.037443
84 0.105899 0.083588 0.095012 -1.172199 0.514282 0.186704 0.434605 1.037547
Cleaner_FullBody_A.dds
84 0.196378 0.066757 0.094782 1.219820 0.398497 0.163197 0.663823 1.036542
83 0.179186 0.051958 0.203939 1.191429 0.476701 0.163242 0.665586 1.079304
83 0.183292 0.022728 0.203669 1.228386 -0.368418 0.169502 0.716237 1.079304
Cleaner_FullBody_A.dds
83 0.183292 0.022728 0.203669 1.228386 -0.368418 0.169502 0.716237 1.079304
84 0.202785 0.009058 0.098569 1.224474 -0.264180 0.322906 0.716800 1.041513
84 0.196378 0.066757 0.094782 1.219820 0.398497 0.163197 0.663823 1.036542
Cleaner_FullBody_A.dds
84 0.173381 0.098759 0.095012 0.690165 1.056964 0.282656 0.573143 1.037547
83 0.164928 0.069871 0.204169 0.698628 1.070382 0.198992 0.573143 1.079304
83 0.179186 0.051958 0.203939 1.191429 0.476701 0.163242 0.665586 1.079304
Cleaner_FullBody_A.dds
83 0.179186 0.051958 0.203939 1.191429 0.476701 0.163242 0.665586 1.079304
84 0.196378 0.066757 0.094782 1.219820 0.398497 0.163197 0.663823 1.036542
84 0.173381 0.098759 0.095012 0.690165 1.056964 0.282656 0.573143 1.037547
Cleaner_FullBody_A.dds
84 0.202785 0.009058 0.098569 1.224474 -0.264180 0.322906 0.716800 1.041513
83 0.183292 0.022728 0.203669 1.228386 -0.368418 0.169502 0.716237 1.079304
83 0.161592 -0.001495 0.203427 0.291278 -1.228155 0.283172 0.767824 1.079304
Cleaner_FullBody_A.dds
83 0.161592 -0.001495 0.203427 0.291278 -1.228155 0.283172 0.767824 1.079304
84 0.168000 -0.032975 0.141042 0.109031 -1.175259 0.529409 0.781200 1.057092
84 0.202785 0.009058 0.098569 1.224474 -0.264180 0.322906 0.716800 1.041513
Cleaner_FullBody_A.dds
84 0.134166 0.108697 0.095012 -0.247791 1.236784 0.286984 0.515713 1.037443
83 0.140614 0.075638 0.204169 -0.288653 1.243586 0.208731 0.516594 1.079304
83 0.164928 0.069871 0.204169 0.698628 1.070382 0.198992 0.573143 1.079304
Cleaner_FullBody_A.dds
83 0.164928 0.069871 0.204169 0.698628 1.070382 0.198992 0.573143 1.079304
84 0.173381 0.098759 0.095012 0.690165 1.056964 0.282656 0.573143 1.037547
84 0.134166 0.108697 0.095012 -0.247791 1.236784 0.286984 0.515713 1.037443
Cleaner_FullBody_A.dds
84 0.108180 0.041793 0.094769 -1.279480 -0.147191 0.121083 0.365559 1.037463
83 0.123102 0.039776 0.203926 -1.278962 -0.157988 0.112656 0.365559 1.079304
83 0.123089 0.061365 0.204169 -1.169047 0.532329 0.152809 0.434605 1.079304
Cleaner_FullBody_A.dds
83 0.123089 0.061365 0.204169 -1.169047 0.532329 0.152809 0.434605 1.079304
84 0.105899 0.083588 0.095012 -1.172199 0.514282 0.186704 0.434605 1.037547
84 0.108180 0.041793 0.094769 -1.279480 -0.147191 0.121083 0.365559 1.037463
Cleaner_FullBody_A.dds
84 0.168000 -0.032975 0.141042 0.109031 -1.175259 0.529409 0.260623 1.057364
83 0.161592 -0.001495 0.203427 0.291278 -1.228155 0.283172 0.267087 1.079542
83 0.131966 0.012707 0.203670 -0.972773 -0.824426 0.217786 0.320562 1.079542
Cleaner_FullBody_A.dds
83 0.131966 0.012707 0.203670 -0.972773 -0.824426 0.217786 0.320562 1.079542
84 0.122630 -0.015991 0.105240 -1.037845 -0.709215 0.305427 0.319851 1.047389
84 0.168000 -0.032975 0.141042 0.109031 -1.175259 0.529409 0.260623 1.057364
Cleaner_FullBody_A.dds
84 0.122630 -0.015991 0.105240 -1.037845 -0.709215 0.305427 0.319851 1.047389
83 0.131966 0.012707 0.203670 -0.972773 -0.824426 0.217786 0.320562 1.079542
83 0.123102 0.039776 0.203926 -1.278962 -0.157988 0.112656 0.365559 1.079304
Cleaner_FullBody_A.dds
83 0.123102 0.039776 0.203926 -1.278962 -0.157988 0.112656 0.365559 1.079304
84 0.108180 0.041793 0.094769 -1.279480 -0.147191 0.121083 0.365559 1.037463
84 0.122630 -0.015991 0.105240 -1.037845 -0.709215 0.305427 0.319851 1.047389
Cleaner_FullBody_A.dds
83 0.123089 0.061365 0.204169 -1.169047 0.532329 0.152809 0.434605 1.079304
83 0.127013 0.059956 0.300592 -1.228029 0.404305 0.043338 0.434605 1.104829
83 0.141738 0.072802 0.300593 -0.499594 1.192395 0.044674 0.516594 1.104829
Cleaner_FullBody_A.dds
83 0.141738 0.072802 0.300593 -0.499594 1.192395 0.044674 0.516594 1.104829
83 0.140614 0.075638 0.204169 -0.288653 1.243586 0.208731 0.516594 1.079304
83 0.123089 0.061365 0.204169 -1.169047 0.532329 0.152809 0.434605 1.079304
Cleaner_FullBody_A.dds
83 0.179186 0.051958 0.203939 1.191429 0.476701 0.163242 0.665586 1.079304
83 0.176392 0.048297 0.300363 1.161561 0.567079 0.050922 0.665586 1.104750
83 0.177596 0.024773 0.300093 1.275688 -0.203721 0.067186 0.715804 1.104657
Cleaner_FullBody_A.dds
83 0.177596 0.024773 0.300093 1.275688 -0.203721 0.067186 0.715804 1.104657
83 0.183292 0.022728 0.203669 1.228386 -0.368418 0.169502 0.716237 1.079304
83 0.179186 0.051958 0.203939 1.191429 0.476701 0.163242 0.665586 1.079304
Cleaner_FullBody_A.dds
83 0.164928 0.069871 0.204169 0.698628 1.070382 0.198992 0.573143 1.079304
83 0.162167 0.067717 0.300593 0.582624 1.154232 0.041154 0.573143 1.104829
83 0.176392 0.048297 0.300363 1.161561 0.567079 0.050922 0.665586 1.104750
Cleaner_FullBody_A.dds
83 0.176392 0.048297 0.300363 1.161561 0.567079 0.050922 0.665586 1.104750
83 0.179186 0.051958 0.203939 1.191429 0.476701 0.163242 0.665586 1.079304
83 0.164928 0.069871 0.204169 0.698628 1.070382 0.198992 0.573143 1.079304
Cleaner_FullBody_A.dds
83 0.183292 0.022728 0.203669 1.228386 -0.368418 0.169502 0.716237 1.079304
83 0.177596 0.024773 0.300093 1.275688 -0.203721 0.067186 0.715804 1.104657
83 0.159363 0.002345 0.299851 0.559969 -1.164138 0.067911 0.775134 1.104804
Cleaner_FullBody_A.dds
83 0.159363 0.002345 0.299851 0.559969 -1.164138 0.067911 0.775134 1.104804
83 0.161592 -0.001495 0.203427 0.291278 -1.228155 0.283172 0.767824 1.079304
83 0.183292 0.022728 0.203669 1.228386 -0.368418 0.169502 0.716237 1.079304
Cleaner_FullBody_A.dds
83 0.140614 0.075638 0.204169 -0.288653 1.243586 0.208731 0.516594 1.079304
83 0.141738 0.072802 0.300593 -0.499594 1.192395 0.044674 0.516594 1.104829
83 0.162167 0.067717 0.300593 0.582624 1.154232 0.041154 0.573143 1.104829
Cleaner_FullBody_A.dds
83 0.162167 0.067717 0.300593 0.582624 1.154232 0.041154 0.573143 1.104829
83 0.164928 0.069871 0.204169 0.698628 1.070382 0.198992 0.573143 1.079304
83 0.140614 0.075638 0.204169 -0.288653 1.243586 0.208731 0.516594 1.079304
Cleaner_FullBody_A.dds
83 0.123102 0.039776 0.203926 -1.278962 -0.157988 0.112656 0.365559 1.079304
83 0.124617 0.040180 0.300349 -1.269039 -0.249137 0.029455 0.365559 1.104746
83 0.127013 0.059956 0.300592 -1.228029 0.404305 0.043338 0.434605 1.104829
Cleaner_FullBody_A.dds
83 0.127013 0.059956 0.300592 -1.228029 0.404305 0.043338 0.434605 1.104829
83 0.123089 0.061365 0.204169 -1.169047 0.532329 0.152809 0.434605 1.079304
83 0.123102 0.039776 0.203926 -1.278962 -0.157988 0.112656 0.365559 1.079304
Cleaner_FullBody_A.dds
83 0.161592 -0.001495 0.203427 0.291278 -1.228155 0.283172 0.267087 1.079542
83 0.159363 0.002345 0.299851 0.559969 -1.164138 0.067911 0.267173 1.105106
83 0.134471 0.015607 0.300093 -0.836376 -0.985833 0.044765 0.320563 1.104895
Cleaner_FullBody_A.dds
83 0.134471 0.015607 0.300093 -0.836376 -0.985833 0.044765 0.320563 1.104895
83 0.131966 0.012707 0.203670 -0.972773 -0.824426 0.217786 0.320562 1.079542
83 0.161592 -0.001495 0.203427 0.291278 -1.228155 0.283172 0.267087 1.079542
Cleaner_FullBody_A.dds
83 0.131966 0.012707 0.203670 -0.972773 -0.824426 0.217786 0.320562 1.079542
83 0.134471 0.015607 0.300093 -0.836376 -0.985833 0.044765 0.320563 1.104895
83 0.124617 0.040180 0.300349 -1.269039 -0.249137 0.029455 0.365559 1.104746
Cleaner_FullBody_A.dds
83 0.124617 0.040180 0.300349 -1.269039 -0.249137 0.029455 0.365559 1.104746
83 0.123102 0.039776 0.203926 -1.278962 -0.157988 0.112656 0.365559 1.079304
83 0.131966 0.012707 0.203670 -0.972773 -0.824426 0.217786 0.320562 1.079542
Cleaner_FullBody_A.dds
84 0.197316 0.060802 -0.002116 0.871729 -0.104776 -0.950003 0.932711 1.102930
84 0.112045 0.032144 -0.002117 -0.552472 -0.763928 -0.885768 0.933015 1.071898
84 0.143504 0.119552 -0.002116 -0.008013 0.887444 -0.941156 0.843989 1.087618
Cleaner_FullBody_A.dds
84 0.182218 0.111686 0.021812 0.879424 0.948628 0.010621 0.574274 1.010322
84 0.196378 0.066757 0.094782 1.219820 0.398497 0.163197 0.663823 1.036542
84 0.197519 0.060749 0.013860 1.229298 0.005693 -0.402726 0.663799 1.006285
Cleaner_FullBody_A.dds
84 0.182218 0.111686 0.021812 0.879424 0.948628 0.010621 0.574274 1.010322
84 0.197519 0.060749 0.013860 1.229298 0.005693 -0.402726 0.663799 1.006285
84 0.197316 0.060802 -0.002116 0.871729 -0.104776 -0.950003 0.664257 1.000713
Cleaner_FullBody_A.dds
84 0.128979 -0.033911 -0.002116 -0.584444 0.070004 -1.151920 1.044959 1.064747
84 0.222390 0.000232 -0.002116 0.986283 0.473202 -0.690450 1.035253 1.106417
84 0.252497 -0.081295 -0.002116 0.866692 -0.014249 -0.960228 1.112919 1.106423
Cleaner_FullBody_A.dds
84 0.222390 0.000232 -0.002116 0.986283 0.473202 -0.690450 0.717126 1.000713
84 0.252987 -0.080269 0.016340 1.222940 0.156552 0.391541 0.828992 1.005519
84 0.252497 -0.081295 -0.002116 0.866692 -0.014249 -0.960228 0.833086 1.000713
Cleaner_FullBody_A.dds
84 0.197519 0.060749 0.013860 1.229298 0.005693 -0.402726 0.936970 1.102668
84 0.128979 -0.033911 -0.002116 -0.584444 0.070004 -1.151920 1.044959 1.064747
84 0.107562 0.031442 0.020960 -1.232669 -0.321912 -0.224269 0.939345 1.071659
Cleaner_FullBody_A.dds
84 0.221458 -0.000112 0.014931 1.191143 0.332747 0.379280 0.718573 1.006862
84 0.200953 -0.036337 0.062187 1.003929 -0.240157 0.779646 0.772060 1.032041
84 0.225368 -0.073497 0.047680 0.777356 0.084964 1.030483 0.814789 1.022395
Cleaner_FullBody_A.dds
84 0.197519 0.060749 0.013860 1.229298 0.005693 -0.402726 0.663799 1.006285
84 0.221458 -0.000112 0.014931 1.191143 0.332747 0.379280 0.718573 1.006862
84 0.222390 0.000232 -0.002116 0.986283 0.473202 -0.690450 0.717126 1.000713
Cleaner_FullBody_A.dds
80 -0.266062 -0.080269 0.016340 -1.222940 0.156552 0.391540 0.828992 1.005519
81 -0.243547 -0.151317 0.039620 -0.754523 -0.265380 1.016693 0.896816 1.018626
80 -0.238443 -0.073497 0.047680 -0.777356 0.084964 1.030482 0.814789 1.022395
Cleaner_FullBody_A.dds
80 -0.154420 -0.092942 0.050567 0.854074 -0.340668 0.909889 0.159945 1.025960
81 -0.183888 -0.174924 0.042122 0.474700 -0.732117 0.955019 0.076158 1.028522
80 -0.141815 -0.124239 0.016296 1.179350 -0.445662 0.289679 0.158225 1.013486
Cleaner_FullBody_A.dds
80 -0.154420 -0.092942 0.050567 0.854074 -0.340668 0.909889 0.159945 1.025960
80 -0.198628 -0.082142 0.057669 -0.197687 -0.389854 1.217509 0.163855 1.034101
81 -0.183888 -0.174924 0.042122 0.474700 -0.732117 0.955019 0.076158 1.028522
Cleaner_FullBody_A.dds
81 -0.243547 -0.151317 0.039620 -0.754523 -0.265380 1.016693 0.896816 1.018626
80 -0.198628 -0.082142 0.057669 -0.197687 -0.389854 1.217509 0.834097 1.026337
80 -0.238443 -0.073497 0.047680 -0.777356 0.084964 1.030482 0.814789 1.022395
Cleaner_FullBody_A.dds
80 -0.142054 -0.033911 -0.002116 0.584444 0.070004 -1.151920 0.263846 1.000713
80 -0.139053 -0.036950 0.015019 1.282357 -0.159269 0.059911 0.263853 1.007802
80 -0.142423 -0.126057 -0.002116 0.719150 -0.148730 -1.064941 0.159142 1.000713
Cleaner_FullBody_A.dds
80 -0.120637 0.031442 0.020960 1.232669 -0.321912 -0.224268 0.409320 1.010490
80 -0.152135 -0.054825 0.070641 0.878174 -0.695098 0.647336 0.260443 1.032303
80 -0.139053 -0.036950 0.015019 1.282357 -0.159269 0.059911 0.263853 1.007802
Cleaner_FullBody_A.dds
80 -0.142054 -0.033911 -0.002116 0.584444 0.070004 -1.151920 1.044959 1.064747
80 -0.142423 -0.126057 -0.002116 0.719150 -0.148730 -1.064941 1.125418 1.058028
80 -0.265572 -0.081295 -0.002116 -0.866692 -0.014249 -0.960228 1.112919 1.106423
Cleaner_FullBody_A.dds
80 -0.139053 -0.036950 0.015019 1.282357 -0.159269 0.059911 0.263853 1.007802
80 -0.142054 -0.033911 -0.002116 0.584444 0.070004 -1.151920 0.263846 1.000713
80 -0.120637 0.031442 0.020960 1.232669 -0.321912 -0.224268 0.409320 1.010490
Cleaner_FullBody_A.dds
80 -0.190236 -0.053290 0.086349 -0.396929 -0.940882 0.794093 0.762095 1.043190
80 -0.214028 -0.036337 0.062187 -1.003928 -0.240157 0.779646 0.772060 1.032041
80 -0.198628 -0.082142 0.057669 -0.197687 -0.389854 1.217509 0.834097 1.026337
Cleaner_FullBody_A.dds
80 -0.198628 -0.082142 0.057669 -0.197687 -0.389854 1.217509 0.163855 1.034101
80 -0.154420 -0.092942 0.050567 0.854074 -0.340668 0.909889 0.159945 1.025960
80 -0.152135 -0.054825 0.070641 0.878174 -0.695098 0.647336 0.260443 1.032303
Cleaner_FullBody_A.dds
81 -0.248199 -0.160558 -0.002118 -0.769464 -0.589821 -0.856407 0.898519 1.000713
81 -0.217575 -0.186692 -0.002117 -0.130171 -0.969708 -0.846237 0.973919 1.001532
81 -0.219188 -0.190312 0.020253 -0.359861 -1.224685 0.209862 0.973919 1.015485
Cleaner_FullBody_A.dds
80 -0.139053 -0.036950 0.015019 1.282357 -0.159269 0.059911 0.263853 1.007802
80 -0.141815 -0.124239 0.016296 1.179350 -0.445662 0.289679 0.158225 1.013486
80 -0.142423 -0.126057 -0.002116 0.719150 -0.148730 -1.064941 0.159142 1.000713
Cleaner_FullBody_A.dds
80 -0.141815 -0.124239 0.016296 1.179350 -0.445662 0.289679 0.158225 1.013486
81 -0.179257 -0.182352 -0.002116 0.789137 -0.913206 -0.465524 0.076206 1.005127
80 -0.142423 -0.126057 -0.002116 0.719150 -0.148730 -1.064941 0.159142 1.000713
Cleaner_FullBody_A.dds
80 -0.156579 0.119552 -0.002116 -0.002780 0.898450 -0.930686 0.519724 1.000713
80 -0.153438 0.118708 0.023701 0.152675 1.280380 0.103502 0.518569 1.011508
80 -0.123758 0.103997 -0.002116 0.871994 0.828760 -0.475581 0.488917 1.000713
Cleaner_FullBody_A.dds
80 -0.123756 0.103961 0.023793 1.121303 0.645032 0.002887 0.488888 1.011508
80 -0.125120 0.032144 -0.002117 0.552472 -0.763928 -0.885768 0.407775 1.000713
80 -0.123758 0.103997 -0.002116 0.871994 0.828760 -0.475581 0.488917 1.000713
Cleaner_FullBody_A.dds
80 -0.266062 -0.080269 0.016340 -1.222940 0.156552 0.391540 0.828992 1.005519
80 -0.234533 -0.000112 0.014931 -1.191143 0.332747 0.379278 0.718573 1.006862
80 -0.235465 0.000232 -0.002116 -0.986282 0.473202 -0.690451 0.717126 1.000713
Cleaner_FullBody_A.dds
80 -0.188002 0.111686 0.021812 -0.856005 0.968146 0.057826 0.574274 1.010322
80 -0.186354 0.112345 -0.002116 -0.709293 0.867035 -0.646954 0.573432 1.000713
80 -0.210391 0.060802 -0.002116 -0.928864 -0.051731 -0.898849 0.664257 1.000713
Cleaner_FullBody_A.dds
81 -0.243547 -0.151317 0.039620 -0.754523 -0.265380 1.016693 0.896816 1.018626
80 -0.266062 -0.080269 0.016340 -1.222940 0.156552 0.391540 0.828992 1.005519
81 -0.250672 -0.163959 0.020253 -1.110422 -0.606197 0.269967 0.900819 1.010170
Cleaner_FullBody_A.dds
80 -0.152135 -0.054825 0.070641 0.878174 -0.695098 0.647336 0.260443 1.032303
80 -0.154420 -0.092942 0.050567 0.854074 -0.340668 0.909889 0.159945 1.025960
80 -0.139053 -0.036950 0.015019 1.282357 -0.159269 0.059911 0.263853 1.007802
Cleaner_FullBody_A.dds
80 -0.135704 -0.015991 0.105240 1.037758 -0.701915 0.322132 0.319851 1.047389
80 -0.120637 0.031442 0.020960 1.232669 -0.321912 -0.224268 0.409320 1.010490
80 -0.121255 0.041793 0.094769 1.277632 -0.146021 0.140467 0.365559 1.037463
Cleaner_FullBody_A.dds
80 -0.118974 0.083588 0.095012 1.170091 0.512147 0.204907 0.434605 1.037547
80 -0.123756 0.103961 0.023793 1.121303 0.645032 0.002887 0.488888 1.011508
80 -0.147241 0.108697 0.095012 0.247546 1.232570 0.304775 0.515713 1.037443
Cleaner_FullBody_A.dds
80 -0.120637 0.031442 0.020960 1.232669 -0.321912 -0.224268 0.409320 1.010490
80 -0.123756 0.103961 0.023793 1.121303 0.645032 0.002887 0.488888 1.011508
80 -0.118974 0.083588 0.095012 1.170091 0.512147 0.204907 0.434605 1.037547
Cleaner_FullBody_A.dds
80 -0.215860 0.009058 0.098569 -1.221405 -0.257389 0.339583 0.716800 1.041513
80 -0.209453 0.066757 0.094782 -1.210444 0.426402 0.162489 0.663823 1.036542
80 -0.210594 0.060749 0.013860 -1.225138 0.063109 -0.410427 0.663799 1.006285
Cleaner_FullBody_A.dds
80 -0.186456 0.098759 0.095012 -0.697223 1.053590 0.277889 0.573143 1.037547
80 -0.188002 0.111686 0.021812 -0.856005 0.968146 0.057826 0.574274 1.010322
80 -0.209453 0.066757 0.094782 -1.210444 0.426402 0.162489 0.663823 1.036542
Cleaner_FullBody_A.dds
80 -0.120637 0.031442 0.020960 1.232669 -0.321912 -0.224268 0.939345 1.071659
80 -0.210594 0.060749 0.013860 -1.225138 0.063109 -0.410427 0.936970 1.102668
80 -0.125120 0.032144 -0.002117 0.552472 -0.763928 -0.885768 0.933015 1.071898
Cleaner_FullBody_A.dds
81 -0.248199 -0.160558 -0.002118 -0.769464 -0.589821 -0.856407 1.182021 1.093272
80 -0.265572 -0.081295 -0.002116 -0.866692 -0.014249 -0.960228 1.112919 1.106423
80 -0.142423 -0.126057 -0.002116 0.719150 -0.148730 -1.064941 1.125418 1.058028
Cleaner_FullBody_A.dds
80 -0.215860 0.009058 0.098569 -1.221405 -0.257389 0.339583 0.716800 1.041513
80 -0.214028 -0.036337 0.062187 -1.003928 -0.240157 0.779646 0.772060 1.032041
80 -0.190236 -0.053290 0.086349 -0.396929 -0.940882 0.794093 0.762095 1.043190
Cleaner_FullBody_A.dds
81 -0.250672 -0.163959 0.020253 -1.110422 -0.606197 0.269967 0.900819 1.010170
80 -0.265572 -0.081295 -0.002116 -0.866692 -0.014249 -0.960228 0.833086 1.000713
81 -0.248199 -0.160558 -0.002118 -0.769464 -0.589821 -0.856407 0.898519 1.000713
Cleaner_FullBody_A.dds
81 -0.217575 -0.186692 -0.002117 -0.130171 -0.969708 -0.846237 1.199503 1.082794
80 -0.142423 -0.126057 -0.002116 0.719150 -0.148730 -1.064941 1.125418 1.058028
81 -0.179257 -0.182352 -0.002116 0.789137 -0.913206 -0.465524 1.182926 1.066875
Cleaner_FullBody_A.dds
80 -0.188002 0.111686 0.021812 -0.856005 0.968146 0.057826 0.574274 1.010322
80 -0.153438 0.118708 0.023701 0.152675 1.280380 0.103502 0.518569 1.011508
80 -0.156579 0.119552 -0.002116 -0.002780 0.898450 -0.930686 0.519724 1.000713
Cleaner_FullBody_A.dds
80 -0.210391 0.060802 -0.002116 -0.928864 -0.051731 -0.898849 0.932711 1.102930
80 -0.186354 0.112345 -0.002116 -0.709293 0.867035 -0.646954 0.857888 1.097376
80 -0.156579 0.119552 -0.002116 -0.002780 0.898450 -0.930686 0.843989 1.087618
Cleaner_FullBody_A.dds
80 -0.120637 0.031442 0.020960 1.232669 -0.321912 -0.224268 0.409320 1.010490
80 -0.125120 0.032144 -0.002117 0.552472 -0.763928 -0.885768 0.407775 1.000713
80 -0.123756 0.103961 0.023793 1.121303 0.645032 0.002887 0.488888 1.011508
Cleaner_FullBody_A.dds
80 -0.186456 0.098759 0.095012 -0.697223 1.053590 0.277889 0.573143 1.037547
80 -0.153438 0.118708 0.023701 0.152675 1.280380 0.103502 0.518569 1.011508
80 -0.188002 0.111686 0.021812 -0.856005 0.968146 0.057826 0.574274 1.010322
Cleaner_FullBody_A.dds
80 -0.156579 0.119552 -0.002116 -0.002780 0.898450 -0.930686 0.843989 1.087618
80 -0.123758 0.103997 -0.002116 0.871994 0.828760 -0.475581 0.860801 1.072937
80 -0.125120 0.032144 -0.002117 0.552472 -0.763928 -0.885768 0.933015 1.071898
Cleaner_FullBody_A.dds
80 -0.214028 -0.036337 0.062187 -1.003928 -0.240157 0.779646 0.772060 1.032041
80 -0.215860 0.009058 0.098569 -1.221405 -0.257389 0.339583 0.716800 1.041513
80 -0.234533 -0.000112 0.014931 -1.191143 0.332747 0.379278 0.718573 1.006862
Cleaner_FullBody_A.dds
81 -0.179404 -0.183676 0.020253 0.603340 -1.134179 0.151708 0.076268 1.018944
81 -0.179257 -0.182352 -0.002116 0.789137 -0.913206 -0.465524 0.076206 1.005127
80 -0.141815 -0.124239 0.016296 1.179350 -0.445662 0.289679 0.158225 1.013486
Cleaner_FullBody_A.dds
80 -0.120637 0.031442 0.020960 1.232669 -0.321912 -0.224268 0.409320 1.010490
80 -0.135704 -0.015991 0.105240 1.037758 -0.701915 0.322132 0.319851 1.047389
80 -0.152135 -0.054825 0.070641 0.878174 -0.695098 0.647336 0.260443 1.032303
Cleaner_FullBody_A.dds
80 -0.152135 -0.054825 0.070641 0.878174 -0.695098 0.647336 0.260443 1.032303
80 -0.135704 -0.015991 0.105240 1.037758 -0.701915 0.322132 0.319851 1.047389
80 -0.190236 -0.053290 0.086349 -0.396929 -0.940882 0.794093 0.243494 1.044418
Cleaner_FullBody_A.dds
80 -0.139053 -0.036950 0.015019 1.282357 -0.159269 0.059911 0.263853 1.007802
80 -0.154420 -0.092942 0.050567 0.854074 -0.340668 0.909889 0.159945 1.025960
80 -0.141815 -0.124239 0.016296 1.179350 -0.445662 0.289679 0.158225 1.013486
Cleaner_FullBody_A.dds
80 -0.215860 0.009058 0.098569 -1.221405 -0.257389 0.339583 0.716800 1.041513
80 -0.210594 0.060749 0.013860 -1.225138 0.063109 -0.410427 0.663799 1.006285
80 -0.234533 -0.000112 0.014931 -1.191143 0.332747 0.379278 0.718573 1.006862
Cleaner_FullBody_A.dds
80 -0.214028 -0.036337 0.062187 -1.003928 -0.240157 0.779646 0.772060 1.032041
80 -0.238443 -0.073497 0.047680 -0.777356 0.084964 1.030482 0.814789 1.022395
80 -0.198628 -0.082142 0.057669 -0.197687 -0.389854 1.217509 0.834097 1.026337
Cleaner_FullBody_A.dds
81 -0.216609 -0.178476 0.040902 -0.375100 -0.703621 1.018633 0.973919 1.025435
80 -0.198628 -0.082142 0.057669 -0.197687 -0.389854 1.217509 0.834097 1.026337
81 -0.243547 -0.151317 0.039620 -0.754523 -0.265380 1.016693 0.896816 1.018626
Cleaner_FullBody_A.dds
80 -0.141815 -0.124239 0.016296 1.179350 -0.445662 0.289679 0.158225 1.013486
81 -0.183888 -0.174924 0.042122 0.474700 -0.732117 0.955019 0.076158 1.028522
81 -0.179404 -0.183676 0.020253 0.603340 -1.134179 0.151708 0.076268 1.018944
Cleaner_FullBody_A.dds
80 -0.234533 -0.000112 0.014931 -1.191143 0.332747 0.379278 0.718573 1.006862
80 -0.266062 -0.080269 0.016340 -1.222940 0.156552 0.391540 0.828992 1.005519
80 -0.238443 -0.073497 0.047680 -0.777356 0.084964 1.030482 0.814789 1.022395
Cleaner_FullBody_A.dds
81 -0.250672 -0.163959 0.020253 -1.110422 -0.606197 0.269967 0.900819 1.010170
81 -0.216609 -0.178476 0.040902 -0.375100 -0.703621 1.018633 0.973919 1.025435
81 -0.243547 -0.151317 0.039620 -0.754523 -0.265380 1.016693 0.896816 1.018626
Cleaner_FullBody_A.dds
81 -0.179257 -0.182352 -0.002116 0.789137 -0.913206 -0.465524 0.076206 1.005127
81 -0.179404 -0.183676 0.020253 0.603340 -1.134179 0.151708 0.076268 1.018944
81 -0.217575 -0.186692 -0.002117 -0.130171 -0.969708 -0.846237 0.016168 1.005127
Cleaner_FullBody_A.dds
80 -0.210594 0.060749 0.013860 -1.225138 0.063109 -0.410427 0.936970 1.102668
80 -0.142054 -0.033911 -0.002116 0.584444 0.070004 -1.151920 1.044959 1.064747
80 -0.235465 0.000232 -0.002116 -0.986282 0.473202 -0.690451 1.035253 1.106417
Cleaner_FullBody_A.dds
81 -0.219188 -0.190312 0.020253 -0.359861 -1.224685 0.209862 0.016168 1.018944
81 -0.179404 -0.183676 0.020253 0.603340 -1.134179 0.151708 0.076268 1.018944
81 -0.183888 -0.174924 0.042122 0.474700 -0.732117 0.955019 0.076158 1.028522
Cleaner_FullBody_A.dds
80 -0.266062 -0.080269 0.016340 -1.222940 0.156552 0.391540 0.828992 1.005519
80 -0.265572 -0.081295 -0.002116 -0.866692 -0.014249 -0.960228 0.833086 1.000713
81 -0.250672 -0.163959 0.020253 -1.110422 -0.606197 0.269967 0.900819 1.010170
Cleaner_FullBody_A.dds
80 -0.215860 0.009058 0.098569 -1.221405 -0.257389 0.339583 0.716800 1.041513
80 -0.190236 -0.053290 0.086349 -0.396929 -0.940882 0.794093 0.762095 1.043190
80 -0.181075 -0.032975 0.141042 -0.108044 -1.155257 0.571928 0.781200 1.057092
Cleaner_FullBody_A.dds
80 -0.190236 -0.053290 0.086349 -0.396929 -0.940882 0.794093 0.243494 1.044418
80 -0.198628 -0.082142 0.057669 -0.197687 -0.389854 1.217509 0.163855 1.034101
80 -0.152135 -0.054825 0.070641 0.878174 -0.695098 0.647336 0.260443 1.032303
Cleaner_FullBody_A.dds
81 -0.250672 -0.163959 0.020253 -1.110422 -0.606197 0.269967 0.900819 1.010170
81 -0.219188 -0.190312 0.020253 -0.359861 -1.224685 0.209862 0.973919 1.015485
81 -0.216609 -0.178476 0.040902 -0.375100 -0.703621 1.018633 0.973919 1.025435
Cleaner_FullBody_A.dds
81 -0.183888 -0.174924 0.042122 0.474700 -0.732117 0.955019 0.076158 1.028522
80 -0.198628 -0.082142 0.057669 -0.197687 -0.389854 1.217509 0.163855 1.034101
81 -0.216609 -0.178476 0.040902 -0.375100 -0.703621 1.018633 0.016168 1.034449
Cleaner_FullBody_A.dds
81 -0.216609 -0.178476 0.040902 -0.375100 -0.703621 1.018633 0.016168 1.034449
81 -0.219188 -0.190312 0.020253 -0.359861 -1.224685 0.209862 0.016168 1.018944
81 -0.183888 -0.174924 0.042122 0.474700 -0.732117 0.955019 0.076158 1.028522
Cleaner_FullBody_A.dds
81 -0.248199 -0.160558 -0.002118 -0.769464 -0.589821 -0.856407 0.898519 1.000713
81 -0.219188 -0.190312 0.020253 -0.359861 -1.224685 0.209862 0.973919 1.015485
81 -0.250672 -0.163959 0.020253 -1.110422 -0.606197 0.269967 0.900819 1.010170
Cleaner_FullBody_A.dds
81 -0.217575 -0.186692 -0.002117 -0.130171 -0.969708 -0.846237 0.016168 1.005127
81 -0.179404 -0.183676 0.020253 0.603340 -1.134179 0.151708 0.076268 1.018944
81 -0.219188 -0.190312 0.020253 -0.359861 -1.224685 0.209862 0.016168 1.018944
Cleaner_FullBody_A.dds
81 -0.248199 -0.160558 -0.002118 -0.769464 -0.589821 -0.856407 1.182021 1.093272
80 -0.142423 -0.126057 -0.002116 0.719150 -0.148730 -1.064941 1.125418 1.058028
81 -0.217575 -0.186692 -0.002117 -0.130171 -0.969708 -0.846237 1.199503 1.082794
Cleaner_FullBody_A.dds
80 -0.186456 0.098759 0.095012 -0.697223 1.053590 0.277889 0.573143 1.037547
80 -0.147241 0.108697 0.095012 0.247546 1.232570 0.304775 0.515713 1.037443
80 -0.153438 0.118708 0.023701 0.152675 1.280380 0.103502 0.518569 1.011508
Cleaner_FullBody_A.dds
80 -0.153438 0.118708 0.023701 0.152675 1.280380 0.103502 0.518569 1.011508
80 -0.123756 0.103961 0.023793 1.121303 0.645032 0.002887 0.488888 1.011508
80 -0.123758 0.103997 -0.002116 0.871994 0.828760 -0.475581 0.488917 1.000713
Cleaner_FullBody_A.dds
80 -0.210594 0.060749 0.013860 -1.225138 0.063109 -0.410427 0.936970 1.102668
80 -0.210391 0.060802 -0.002116 -0.928864 -0.051731 -0.898849 0.932711 1.102930
80 -0.125120 0.032144 -0.002117 0.552472 -0.763928 -0.885768 0.933015 1.071898
Cleaner_FullBody_A.dds
80 -0.188002 0.111686 0.021812 -0.856005 0.968146 0.057826 0.574274 1.010322
80 -0.156579 0.119552 -0.002116 -0.002780 0.898450 -0.930686 0.519724 1.000713
80 -0.186354 0.112345 -0.002116 -0.709293 0.867035 -0.646954 0.573432 1.000713
Cleaner_FullBody_A.dds
80 -0.147241 0.108697 0.095012 0.247546 1.232570 0.304775 0.515713 1.037443
80 -0.123756 0.103961 0.023793 1.121303 0.645032 0.002887 0.488888 1.011508
80 -0.153438 0.118708 0.023701 0.152675 1.280380 0.103502 0.518569 1.011508
Cleaner_FullBody_A.dds
80 -0.121255 0.041793 0.094769 1.277632 -0.146021 0.140467 0.365559 1.037463
80 -0.120637 0.031442 0.020960 1.232669 -0.321912 -0.224268 0.409320 1.010490
80 -0.118974 0.083588 0.095012 1.170091 0.512147 0.204907 0.434605 1.037547
Cleaner_FullBody_A.dds
80 -0.181075 -0.032975 0.141042 -0.108044 -1.155257 0.571928 0.260623 1.057364
80 -0.190236 -0.053290 0.086349 -0.396929 -0.940882 0.794093 0.243494 1.044418
80 -0.135704 -0.015991 0.105240 1.037758 -0.701915 0.322132 0.319851 1.047389
Cleaner_FullBody_A.dds
79 -0.138969 0.059568 0.204169 1.170015 0.532779 0.143553 0.434605 1.079304
80 -0.118974 0.083588 0.095012 1.170091 0.512147 0.204907 0.434605 1.037547
79 -0.154635 0.072327 0.204169 0.288223 1.245393 0.198292 0.516594 1.079304
Cleaner_FullBody_A.dds
80 -0.147241 0.108697 0.095012 0.247546 1.232570 0.304775 0.515713 1.037443
79 -0.154635 0.072327 0.204169 0.288223 1.245393 0.198292 0.516594 1.079304
80 -0.118974 0.083588 0.095012 1.170091 0.512147 0.204907 0.434605 1.037547
Cleaner_FullBody_A.dds
79 -0.189116 0.051159 0.203939 -1.192128 0.478109 0.153744 0.665586 1.079304
80 -0.209453 0.066757 0.094782 -1.210444 0.426402 0.162489 0.663823 1.036542
79 -0.192786 0.025030 0.203670 -1.228662 -0.368279 0.167795 0.716237 1.079304
Cleaner_FullBody_A.dds
80 -0.215860 0.009058 0.098569 -1.221405 -0.257389 0.339583 0.716800 1.041513
79 -0.192786 0.025030 0.203670 -1.228662 -0.368279 0.167795 0.716237 1.079304
80 -0.209453 0.066757 0.094782 -1.210444 0.426402 0.162489 0.663823 1.036542
Cleaner_FullBody_A.dds
79 -0.176370 0.067172 0.204169 -0.700014 1.071192 0.189534 0.573143 1.079304
80 -0.186456 0.098759 0.095012 -0.697223 1.053590 0.277889 0.573143 1.037547
79 -0.189116 0.051159 0.203939 -1.192128 0.478109 0.153744 0.665586 1.079304
Cleaner_FullBody_A.dds
80 -0.209453 0.066757 0.094782 -1.210444 0.426402 0.162489 0.663823 1.036542
79 -0.189116 0.051159 0.203939 -1.192128 0.478109 0.153744 0.665586 1.079304
80 -0.186456 0.098759 0.095012 -0.697223 1.053590 0.277889 0.573143 1.037547
Cleaner_FullBody_A.dds
79 -0.192786 0.025030 0.203670 -1.228662 -0.368279 0.167795 0.716237 1.079304
80 -0.215860 0.009058 0.098569 -1.221405 -0.257389 0.339583 0.716800 1.041513
79 -0.173388 0.003376 0.203427 -0.315256 -1.220318 0.291262 0.767824 1.079304
Cleaner_FullBody_A.dds
80 -0.181075 -0.032975 0.141042 -0.108044 -1.155257 0.571928 0.781200 1.057092
79 -0.173388 0.003376 0.203427 -0.315256 -1.220318 0.291262 0.767824 1.079304
80 -0.215860 0.009058 0.098569 -1.221405 -0.257389 0.339583 0.716800 1.041513
Cleaner_FullBody_A.dds
79 -0.154635 0.072327 0.204169 0.288223 1.245393 0.198292 0.516594 1.079304
80 -0.147241 0.108697 0.095012 0.247546 1.232570 0.304775 0.515713 1.037443
79 -0.176370 0.067172 0.204169 -0.700014 1.071192 0.189534 0.573143 1.079304
Cleaner_FullBody_A.dds
80 -0.186456 0.098759 0.095012 -0.697223 1.053590 0.277889 0.573143 1.037547
79 -0.176370 0.067172 0.204169 -0.700014 1.071192 0.189534 0.573143 1.079304
80 -0.147241 0.108697 0.095012 0.247546 1.232570 0.304775 0.515713 1.037443
Cleaner_FullBody_A.dds
79 -0.138980 0.040270 0.203926 1.280048 -0.153069 0.106970 0.365559 1.079304
80 -0.121255 0.041793 0.094769 1.277632 -0.146021 0.140467 0.365559 1.037463
79 -0.138969 0.059568 0.204169 1.170015 0.532779 0.143553 0.434605 1.079304
Cleaner_FullBody_A.dds
80 -0.118974 0.083588 0.095012 1.170091 0.512147 0.204907 0.434605 1.037547
79 -0.138969 0.059568 0.204169 1.170015 0.532779 0.143553 0.434605 1.079304
80 -0.121255 0.041793 0.094769 1.277632 -0.146021 0.140467 0.365559 1.037463
Cleaner_FullBody_A.dds
79 -0.173388 0.003376 0.203427 -0.315256 -1.220318 0.291262 0.267087 1.079542
80 -0.181075 -0.032975 0.141042 -0.108044 -1.155257 0.571928 0.260623 1.057364
79 -0.146904 0.016072 0.203670 0.976249 -0.820399 0.217437 0.320562 1.079542
Cleaner_FullBody_A.dds
80 -0.135704 -0.015991 0.105240 1.037758 -0.701915 0.322132 0.319851 1.047389
79 -0.146904 0.016072 0.203670 0.976249 -0.820399 0.217437 0.320562 1.079542
80 -0.181075 -0.032975 0.141042 -0.108044 -1.155257 0.571928 0.260623 1.057364
Cleaner_FullBody_A.dds
79 -0.146904 0.016072 0.203670 0.976249 -0.820399 0.217437 0.320562 1.079542
80 -0.135704 -0.015991 0.105240 1.037758 -0.701915 0.322132 0.319851 1.047389
79 -0.138980 0.040270 0.203926 1.280048 -0.153069 0.106970 0.365559 1.079304
Cleaner_FullBody_A.dds
80 -0.121255 0.041793 0.094769 1.277632 -0.146021 0.140467 0.365559 1.037463
79 -0.138980 0.040270 0.203926 1.280048 -0.153069 0.106970 0.365559 1.079304
80 -0.135704 -0.015991 0.105240 1.037758 -0.701915 0.322132 0.319851 1.047389
Cleaner_FullBody_A.dds
79 -0.139730 0.060682 0.300593 1.226029 0.412535 -0.007898 0.434605 1.104829
79 -0.138969 0.059568 0.204169 1.170015 0.532779 0.143553 0.434605 1.079304
79 -0.154750 0.073785 0.300593 0.499952 1.192999 -0.014049 0.516594 1.104829
Cleaner_FullBody_A.dds
79 -0.154635 0.072327 0.204169 0.288223 1.245393 0.198292 0.516594 1.079304
79 -0.154750 0.073785 0.300593 0.499952 1.192999 -0.014049 0.516594 1.104829
79 -0.138969 0.059568 0.204169 1.170015 0.532779 0.143553 0.434605 1.079304
Cleaner_FullBody_A.dds
79 -0.190098 0.048789 0.300363 -1.160934 0.570636 -0.001615 0.665586 1.104750
79 -0.189116 0.051159 0.203939 -1.192128 0.478109 0.153744 0.665586 1.079304
79 -0.191326 0.027671 0.300093 -1.277888 -0.200464 0.014547 0.715804 1.104657
Cleaner_FullBody_A.dds
79 -0.192786 0.025030 0.203670 -1.228662 -0.368279 0.167795 0.716237 1.079304
79 -0.191326 0.027671 0.300093 -1.277888 -0.200464 0.014547 0.715804 1.104657
79 -0.189116 0.051159 0.203939 -1.192128 0.478109 0.153744 0.665586 1.079304
Cleaner_FullBody_A.dds
79 -0.175588 0.068599 0.300593 -0.582825 1.154785 -0.013523 0.573143 1.104829
79 -0.176370 0.067172 0.204169 -0.700014 1.071192 0.189534 0.573143 1.079304
79 -0.190098 0.048789 0.300363 -1.160934 0.570636 -0.001615 0.665586 1.104750
Cleaner_FullBody_A.dds
79 -0.189116 0.051159 0.203939 -1.192128 0.478109 0.153744 0.665586 1.079304
79 -0.190098 0.048789 0.300363 -1.160934 0.570636 -0.001615 0.665586 1.104750
79 -0.176370 0.067172 0.204169 -0.700014 1.071192 0.189534 0.573143 1.079304
Cleaner_FullBody_A.dds
79 -0.191326 0.027671 0.300093 -1.277888 -0.200464 0.014547 0.715804 1.104657
79 -0.192786 0.025030 0.203670 -1.228662 -0.368279 0.167795 0.716237 1.079304
79 -0.172728 0.004794 0.299851 -0.588046 -1.151863 0.028450 0.775134 1.104804
Cleaner_FullBody_A.dds
79 -0.173388 0.003376 0.203427 -0.315256 -1.220318 0.291262 0.767824 1.079304
79 -0.172728 0.004794 0.299851 -0.588046 -1.151863 0.028450 0.775134 1.104804
79 -0.192786 0.025030 0.203670 -1.228662 -0.368279 0.167795 0.716237 1.079304
Cleaner_FullBody_A.dds
79 -0.154750 0.073785 0.300593 0.499952 1.192999 -0.014049 0.516594 1.104829
79 -0.154635 0.072327 0.204169 0.288223 1.245393 0.198292 0.516594 1.079304
79 -0.175588 0.068599 0.300593 -0.582825 1.154785 -0.013523 0.573143 1.104829
Cleaner_FullBody_A.dds
79 -0.176370 0.067172 0.204169 -0.700014 1.071192 0.189534 0.573143 1.079304
79 -0.175588 0.068599 0.300593 -0.582825 1.154785 -0.013523 0.573143 1.104829
79 -0.154635 0.072327 0.204169 0.288223 1.245393 0.198292 0.516594 1.079304
Cleaner_FullBody_A.dds
79 -0.136924 0.040510 0.300349 1.269721 -0.246780 -0.017415 0.365559 1.104746
79 -0.138980 0.040270 0.203926 1.280048 -0.153069 0.106970 0.365559 1.079304
79 -0.139730 0.060682 0.300593 1.226029 0.412535 -0.007898 0.434605 1.104829
Cleaner_FullBody_A.dds
79 -0.138969 0.059568 0.204169 1.170015 0.532779 0.143553 0.434605 1.079304
79 -0.139730 0.060682 0.300593 1.226029 0.412535 -0.007898 0.434605 1.104829
79 -0.138980 0.040270 0.203926 1.280048 -0.153069 0.106970 0.365559 1.079304
Cleaner_FullBody_A.dds
79 -0.172728 0.004794 0.299851 -0.588046 -1.151863 0.028450 0.267173 1.105106
79 -0.173388 0.003376 0.203427 -0.315256 -1.220318 0.291262 0.267087 1.079542
79 -0.147338 0.015445 0.300094 0.801485 -1.015382 0.003982 0.320563 1.104895
Cleaner_FullBody_A.dds
79 -0.146904 0.016072 0.203670 0.976249 -0.820399 0.217437 0.320562 1.079542
79 -0.147338 0.015445 0.300094 0.801485 -1.015382 0.003982 0.320563 1.104895
79 -0.173388 0.003376 0.203427 -0.315256 -1.220318 0.291262 0.267087 1.079542
Cleaner_FullBody_A.dds
79 -0.147338 0.015445 0.300094 0.801485 -1.015382 0.003982 0.320563 1.104895
79 -0.146904 0.016072 0.203670 0.976249 -0.820399 0.217437 0.320562 1.079542
79 -0.136924 0.040510 0.300349 1.269721 -0.246780 -0.017415 0.365559 1.104746
Cleaner_FullBody_A.dds
79 -0.138980 0.040270 0.203926 1.280048 -0.153069 0.106970 0.365559 1.079304
79 -0.136924 0.040510 0.300349 1.269721 -0.246780 -0.017415 0.365559 1.104746
79 -0.146904 0.016072 0.203670 0.976249 -0.820399 0.217437 0.320562 1.079542
Cleaner_FullBody_A.dds
80 -0.125120 0.032144 -0.002117 0.552472 -0.763928 -0.885768 0.933015 1.071898
80 -0.210391 0.060802 -0.002116 -0.928864 -0.051731 -0.898849 0.932711 1.102930
80 -0.156579 0.119552 -0.002116 -0.002780 0.898450 -0.930686 0.843989 1.087618
Cleaner_FullBody_A.dds
80 -0.209453 0.066757 0.094782 -1.210444 0.426402 0.162489 0.663823 1.036542
80 -0.188002 0.111686 0.021812 -0.856005 0.968146 0.057826 0.574274 1.010322
80 -0.210594 0.060749 0.013860 -1.225138 0.063109 -0.410427 0.663799 1.006285
Cleaner_FullBody_A.dds
80 -0.210594 0.060749 0.013860 -1.225138 0.063109 -0.410427 0.663799 1.006285
80 -0.188002 0.111686 0.021812 -0.856005 0.968146 0.057826 0.574274 1.010322
80 -0.210391 0.060802 -0.002116 -0.928864 -0.051731 -0.898849 0.664257 1.000713
Cleaner_FullBody_A.dds
80 -0.235465 0.000232 -0.002116 -0.986282 0.473202 -0.690451 1.035253 1.106417
80 -0.142054 -0.033911 -0.002116 0.584444 0.070004 -1.151920 1.044959 1.064747
80 -0.265572 -0.081295 -0.002116 -0.866692 -0.014249 -0.960228 1.112919 1.106423
Cleaner_FullBody_A.dds
80 -0.266062 -0.080269 0.016340 -1.222940 0.156552 0.391540 0.828992 1.005519
80 -0.235465 0.000232 -0.002116 -0.986282 0.473202 -0.690451 0.717126 1.000713
80 -0.265572 -0.081295 -0.002116 -0.866692 -0.014249 -0.960228 0.833086 1.000713
Cleaner_FullBody_A.dds
80 -0.142054 -0.033911 -0.002116 0.584444 0.070004 -1.151920 1.044959 1.064747
80 -0.210594 0.060749 0.013860 -1.225138 0.063109 -0.410427 0.936970 1.102668
80 -0.120637 0.031442 0.020960 1.232669 -0.321912 -0.224268 0.939345 1.071659
Cleaner_FullBody_A.dds
80 -0.214028 -0.036337 0.062187 -1.003928 -0.240157 0.779646 0.772060 1.032041
80 -0.234533 -0.000112 0.014931 -1.191143 0.332747 0.379278 0.718573 1.006862
80 -0.238443 -0.073497 0.047680 -0.777356 0.084964 1.030482 0.814789 1.022395
Cleaner_FullBody_A.dds
80 -0.234533 -0.000112 0.014931 -1.191143 0.332747 0.379278 0.718573 1.006862
80 -0.210594 0.060749 0.013860 -1.225138 0.063109 -0.410427 0.663799 1.006285
80 -0.235465 0.000232 -0.002116 -0.986282 0.473202 -0.690451 0.717126 1.000713
Cleaner_FullBody_A.dds
4 0.080877 0.057388 1.625073 1.090860 0.374847 0.585585 0.665282 1.742212
4 0.060880 0.068420 1.644584 0.591137 0.540837 1.015602 0.709118 1.755969
4 0.079321 0.056297 1.638351 0.798297 -0.037987 1.017190 0.668414 1.740238
Cleaner_FullBody_A.dds
4 0.001160 0.093354 1.647863 -0.057551 0.562605 1.163425 0.752270 1.761483
4 0.057259 0.063239 1.644996 -0.205270 -0.862288 0.942189 0.710352 1.754909
4 0.060880 0.068420 1.644584 0.591137 0.540837 1.015602 0.709118 1.755969
Cleaner_FullBody_A.dds
4 0.078289 0.001778 1.610006 0.180220 -0.701381 1.071905 0.668777 1.727214
4 0.079321 0.056297 1.638351 0.798297 -0.037987 1.017190 0.668414 1.740238
4 0.074600 0.052073 1.637956 -0.675835 -0.710957 0.843317 0.674501 1.739461
Cleaner_FullBody_A.dds
4 0.057259 0.063239 1.644996 -0.205270 -0.862288 0.942189 0.710352 1.754909
4 0.074600 0.052073 1.637956 -0.675835 -0.710957 0.843317 0.674501 1.739461
4 0.079321 0.056297 1.638351 0.798297 -0.037987 1.017190 0.668414 1.740238
Cleaner_FullBody_A.dds
4 -0.092123 0.051907 1.617508 -1.055207 0.300649 0.685233 0.828641 1.744158
4 -0.061770 0.070751 1.639252 -0.619587 0.563127 0.986101 0.798864 1.755784
4 -0.063179 0.086136 1.622501 -0.587784 0.927980 0.683198 0.804548 1.767275
Cleaner_FullBody_A.dds
4 0.001160 0.093354 1.647863 -0.057551 0.562605 1.163425 0.752270 1.761483
4 -0.063179 0.086136 1.622501 -0.587784 0.927980 0.683198 0.804548 1.767275
4 -0.061770 0.070751 1.639252 -0.619587 0.563127 0.986101 0.798864 1.755784
Cleaner_FullBody_A.dds
4 -0.083895 0.008471 1.611669 -0.131421 -0.712693 1.071537 0.826008 1.729436
4 -0.086254 0.045307 1.633636 -0.675726 -0.119870 1.096550 0.822995 1.743276
4 -0.092123 0.051907 1.617508 -1.055207 0.300649 0.685233 0.828641 1.744158
Cleaner_FullBody_A.dds
4 -0.061770 0.070751 1.639252 -0.619587 0.563127 0.986101 0.798864 1.755784
4 -0.092123 0.051907 1.617508 -1.055207 0.300649 0.685233 0.828641 1.744158
4 -0.086254 0.045307 1.633636 -0.675726 -0.119870 1.096550 0.822995 1.743276
Cleaner_FullBody_A.dds
2 -0.099518 -0.139335 1.159802 -0.553872 -1.168458 -0.036421 0.829840 1.544104
4 -0.091343 -0.152107 1.280489 -0.489023 -1.197134 -0.033494 0.832090 1.574186
4 -0.170262 -0.091998 1.288876 -0.973804 -0.847875 -0.078803 0.896834 1.576813
Cleaner_FullBody_A.dds
4 -0.001275 -0.162924 1.271448 0.037952 -1.292493 0.037646 0.744392 1.572626
4 0.105191 -0.137157 1.386383 0.382004 -1.211964 0.242095 0.664109 1.611504
4 -0.001055 -0.151590 1.385623 0.042430 -1.208177 0.460329 0.752916 1.607504
Cleaner_FullBody_A.dds
2 0.095045 0.114325 1.170064 0.467397 1.198170 -0.139015 0.660673 1.951863
2 0.001849 0.135779 1.076980 0.036260 1.277726 0.198740 0.750550 1.997979
2 0.003154 0.135364 1.169754 0.057878 1.292119 -0.021797 0.743779 1.956543
Cleaner_FullBody_A.dds
4 0.002472 0.139407 1.276472 0.020488 1.266446 -0.262851 0.751131 1.903725
2 0.095045 0.114325 1.170064 0.467397 1.198170 -0.139015 0.660673 1.951863
2 0.003154 0.135364 1.169754 0.057878 1.292119 -0.021797 0.743779 1.956543
Cleaner_FullBody_A.dds
4 0.087696 -0.145873 1.275596 0.455848 -1.209947 -0.040329 0.674538 1.567020
4 0.105191 -0.137157 1.386383 0.382004 -1.211964 0.242095 0.664109 1.611504
4 -0.001275 -0.162924 1.271448 0.037952 -1.292493 0.037646 0.744392 1.572626
Cleaner_FullBody_A.dds
2 0.087186 -0.136144 1.161732 0.522637 -1.181863 -0.058701 0.682100 1.546431
4 0.171936 -0.097574 1.297361 0.959887 -0.863196 -0.083101 0.602418 1.579125
4 0.087696 -0.145873 1.275596 0.455848 -1.209947 -0.040329 0.674538 1.567020
Cleaner_FullBody_A.dds
4 -0.117588 -0.139069 1.393223 -0.391679 -1.205941 0.256299 0.846854 1.615430
4 -0.091343 -0.152107 1.280489 -0.489023 -1.197134 -0.033494 0.832090 1.574186
4 -0.001275 -0.162924 1.271448 0.037952 -1.292493 0.037646 0.744392 1.572626
Cleaner_FullBody_A.dds
2 -0.099518 -0.139335 1.159802 -0.553872 -1.168458 -0.036421 0.829840 1.544104
4 -0.001275 -0.162924 1.271448 0.037952 -1.292493 0.037646 0.744392 1.572626
4 -0.091343 -0.152107 1.280489 -0.489023 -1.197134 -0.033494 0.832090 1.574186
Hand_White_A.dds
51 0.579253 -0.020413 1.022887 1.096217 0.044503 0.685363 0.138082 1.765212
51 0.556277 0.002850 1.052005 1.052233 0.341691 0.670410 0.106768 1.934003
51 0.551136 -0.031719 1.061703 0.884061 -0.367986 0.869722 0.198397 1.940148
Hand_White_A.dds
51 0.551136 -0.031719 1.061703 0.884061 -0.367986 0.869722 0.198397 1.940148
51 0.553602 -0.053735 1.043341 0.401234 -0.955764 0.773900 0.247891 1.889168
51 0.571299 -0.058542 1.024114 0.716686 -0.750320 0.772513 0.251389 1.775744
Hand_White_A.dds
51 0.579253 -0.020413 1.022887 1.096217 0.044503 0.685363 0.138082 1.765212
51 0.551136 -0.031719 1.061703 0.884061 -0.367986 0.869722 0.198397 1.940148
51 0.575969 -0.041100 1.024583 1.077166 -0.100294 0.709259 0.222489 1.789534
Hand_White_A.dds
51 0.551136 -0.031719 1.061703 0.884061 -0.367986 0.869722 0.198397 1.940148
51 0.571299 -0.058542 1.024114 0.716686 -0.750320 0.772513 0.251389 1.775744
51 0.575969 -0.041100 1.024583 1.077166 -0.100294 0.709259 0.222489 1.789534
Hand_White_A.dds
51 0.575969 -0.041100 1.024583 1.077166 -0.100294 0.709259 0.222489 1.789534
51 0.600220 -0.055184 0.981055 1.142485 -0.052078 0.604492 0.255537 1.459860
51 0.579253 -0.020413 1.022887 1.096217 0.044503 0.685363 0.138082 1.765212
Hand_White_A.dds
51 0.575969 -0.041100 1.024583 1.077166 -0.100294 0.709259 0.222489 1.789534
51 0.571299 -0.058542 1.024114 0.716686 -0.750320 0.772513 0.251389 1.775744
51 0.602003 -0.066981 0.984124 1.089762 -0.189678 0.670698 0.295566 1.477866
Hand_White_A.dds
62 0.598376 -0.030938 0.906054 0.159387 -0.527900 -1.170177 0.181802 1.136858
62 0.596395 -0.036123 0.913571 0.122974 -1.197696 -0.473071 0.195588 1.145483
63 0.582768 -0.034824 0.917580 -0.219345 -1.272954 -0.069800 0.201644 1.093981
Hand_White_A.dds
62 0.598376 -0.030938 0.906054 0.159387 -0.527900 -1.170177 0.181802 1.136858
63 0.580444 -0.031364 0.912193 -0.512003 -0.624255 -1.010719 0.185251 1.083828
63 0.580247 -0.025616 0.912467 -0.531409 0.227702 -1.157217 0.169540 1.077242
Hand_White_A.dds
63 0.572570 -0.030341 0.917119 -0.926000 -0.353552 -0.831216 0.189038 1.045153
63 0.573497 -0.020392 0.917777 -0.883292 0.536627 -0.777960 0.157597 1.041582
63 0.580247 -0.025616 0.912467 -0.531409 0.227702 -1.157217 0.169540 1.077242
Hand_White_A.dds
63 0.580247 -0.025616 0.912467 -0.531409 0.227702 -1.157217 0.169540 1.077242
63 0.580444 -0.031364 0.912193 -0.512003 -0.624255 -1.010719 0.185251 1.083828
63 0.572570 -0.030341 0.917119 -0.926000 -0.353552 -0.831216 0.189038 1.045153
Hand_White_A.dds
63 0.580247 -0.025616 0.912467 -0.531409 0.227702 -1.157217 0.169540 1.077242
63 0.573497 -0.020392 0.917777 -0.883292 0.536627 -0.777960 0.157597 1.041582
63 0.581397 -0.020735 0.914284 -0.314643 0.919534 -0.853728 0.151189 1.076664
Hand_White_A.dds
63 0.580247 -0.025616 0.912467 -0.531409 0.227702 -1.157217 0.169540 1.077242
62 0.597846 -0.022921 0.906879 0.060273 0.833494 -0.987446 0.147098 1.128223
62 0.598376 -0.030938 0.906054 0.159387 -0.527900 -1.170177 0.181802 1.136858
Hand_White_A.dds
59 0.597225 -0.056025 0.910011 0.005361 -0.587433 -1.152514 0.284388 1.120660
59 0.592738 -0.061507 0.916577 -0.025508 -1.161478 -0.568958 0.293797 1.118366
60 0.580430 -0.058385 0.921245 -0.419882 -1.218466 -0.111514 0.294460 1.058686
Hand_White_A.dds
59 0.597225 -0.056025 0.910011 0.005361 -0.587433 -1.152514 0.284388 1.120660
60 0.579985 -0.053883 0.916921 -0.602467 -0.603365 -0.972820 0.286200 1.059802
60 0.579076 -0.048689 0.915762 -0.594239 -0.053898 -1.147767 0.270761 1.054232
Hand_White_A.dds
60 0.571610 -0.050559 0.921331 -0.894171 -0.317540 -0.879217 0.289070 1.026055
60 0.571738 -0.043593 0.921384 -0.889357 0.321930 -0.882497 0.256281 1.023148
60 0.579076 -0.048689 0.915762 -0.594239 -0.053898 -1.147767 0.270761 1.054232
Hand_White_A.dds
60 0.579076 -0.048689 0.915762 -0.594239 -0.053898 -1.147767 0.270761 1.054232
60 0.579985 -0.053883 0.916921 -0.602467 -0.603365 -0.972820 0.286200 1.059802
60 0.571610 -0.050559 0.921331 -0.894171 -0.317540 -0.879217 0.289070 1.026055
Hand_White_A.dds
60 0.579076 -0.048689 0.915762 -0.594239 -0.053898 -1.147767 0.270761 1.054232
60 0.571738 -0.043593 0.921384 -0.889357 0.321930 -0.882497 0.256281 1.023148
60 0.580510 -0.044399 0.915976 -0.435781 0.638923 -1.036951 0.251819 1.060656
Hand_White_A.dds
60 0.579076 -0.048689 0.915762 -0.594239 -0.053898 -1.147767 0.270761 1.054232
59 0.597780 -0.048237 0.909052 0.091680 0.546883 -1.168721 0.245622 1.108734
59 0.597225 -0.056025 0.910011 0.005361 -0.587433 -1.152514 0.284388 1.120660
Hand_White_A.dds
56 0.602668 -0.091502 0.912601 0.596604 -0.808596 -0.814636 0.377292 1.168551
56 0.599048 -0.094780 0.913909 0.309923 -1.208398 -0.342226 0.394423 1.177672
57 0.584469 -0.091594 0.912220 -0.410559 -1.215766 0.163556 0.398291 1.128959
Hand_White_A.dds
57 0.589544 -0.075837 0.905887 0.292721 0.961904 -0.813911 0.343030 1.115240
56 0.604480 -0.078352 0.910561 0.393591 1.045986 -0.651456 0.331339 1.136873
56 0.606745 -0.083455 0.910257 0.796492 0.072479 -1.016731 0.345835 1.158508
Hand_White_A.dds
57 0.575999 -0.082195 0.906636 -0.992039 -0.066789 -0.827523 0.370621 1.071269
57 0.581620 -0.077507 0.904166 -0.057870 0.004941 -1.292293 0.352310 1.086585
57 0.580199 -0.087925 0.907174 -0.243139 -0.644846 -1.094739 0.382964 1.099597
Hand_White_A.dds
57 0.589544 -0.075837 0.905887 0.292721 0.961904 -0.813911 0.343030 1.115240
56 0.606745 -0.083455 0.910257 0.796492 0.072479 -1.016731 0.345835 1.158508
57 0.589390 -0.077672 0.905238 0.295409 0.194101 -1.244369 0.346736 1.119952
Hand_White_A.dds
57 0.585700 -0.090057 0.909160 -0.036278 -1.020880 -0.793652 0.379298 1.136210
57 0.584469 -0.091594 0.912220 -0.410559 -1.215766 0.163556 0.398291 1.128959
57 0.576589 -0.088607 0.909404 -0.739843 -0.968305 -0.434066 0.389077 1.091165
Hand_White_A.dds
57 0.581620 -0.077507 0.904166 -0.057870 0.004941 -1.292293 0.352310 1.086585
57 0.579633 -0.075629 0.904546 -0.411792 0.956390 -0.767555 0.351015 1.075962
57 0.589544 -0.075837 0.905887 0.292721 0.961904 -0.813911 0.343030 1.115240
Hand_White_A.dds
57 0.584469 -0.091594 0.912220 -0.410559 -1.215766 0.163556 0.603906 1.167652
56 0.599048 -0.094780 0.913909 0.309923 -1.208398 -0.342226 0.615124 1.225159
57 0.596651 -0.086517 0.923126 0.244921 -0.787714 0.996452 0.630657 1.218974
Hand_White_A.dds
57 0.598694 -0.078577 0.920205 0.911218 0.778810 0.486345 0.653307 1.206268
56 0.604480 -0.078352 0.910561 0.393591 1.045986 -0.651456 0.669769 1.204955
57 0.589544 -0.075837 0.905887 0.292721 0.961904 -0.813911 0.663105 1.145699
Hand_White_A.dds
57 0.584469 -0.091594 0.912220 -0.410559 -1.215766 0.163556 0.603906 1.167652
57 0.596651 -0.086517 0.923126 0.244921 -0.787714 0.996452 0.630657 1.218974
57 0.582939 -0.084181 0.919183 -0.606109 0.042665 1.142019 0.622488 1.166416
Hand_White_A.dds
57 0.598694 -0.078577 0.920205 0.911218 0.778810 0.486345 0.653307 1.206268
57 0.589544 -0.075837 0.905887 0.292721 0.961904 -0.813911 0.663105 1.145699
57 0.584104 -0.075959 0.916245 -0.227825 1.144605 0.558005 0.648565 1.157108
Hand_White_A.dds
57 0.579633 -0.075629 0.904546 -0.411792 0.956390 -0.767555 0.642918 1.083049
57 0.575999 -0.082195 0.906636 -0.992039 -0.066789 -0.827523 0.617579 1.076948
57 0.577503 -0.076172 0.910408 -0.979511 0.760322 0.368599 0.636620 1.112367
Hand_White_A.dds
57 0.582939 -0.084181 0.919183 -0.606109 0.042665 1.142019 0.622488 1.166416
57 0.596651 -0.086517 0.923126 0.244921 -0.787714 0.996452 0.630657 1.218974
57 0.598694 -0.078577 0.920205 0.911218 0.778810 0.486345 0.653307 1.206268
Hand_White_A.dds
57 0.584104 -0.075959 0.916245 -0.227825 1.144605 0.558005 0.648565 1.157108
57 0.589544 -0.075837 0.905887 0.292721 0.961904 -0.813911 0.663105 1.145699
57 0.579633 -0.075629 0.904546 -0.411792 0.956390 -0.767555 0.642918 1.083049
Hand_White_A.dds
57 0.575391 -0.083597 0.913108 -1.130667 -0.228704 0.585391 0.615727 1.129434
57 0.576589 -0.088607 0.909404 -0.739843 -0.968305 -0.434066 0.595451 1.106813
57 0.584469 -0.091594 0.912220 -0.410559 -1.215766 0.163556 0.603906 1.167652
Hand_White_A.dds
60 0.595968 -0.045181 0.922345 1.093943 0.690155 -0.019233 0.739431 1.128869
59 0.594712 -0.041870 0.915035 -0.029602 1.265775 -0.265201 0.775657 1.123752
60 0.584303 -0.040226 0.919107 0.035791 1.245268 -0.348455 0.758154 1.084376
Hand_White_A.dds
60 0.580430 -0.058385 0.921245 -0.419882 -1.218466 -0.111514 0.692211 1.092869
59 0.592738 -0.061507 0.916577 -0.025508 -1.161478 -0.568958 0.697951 1.132998
60 0.594723 -0.056189 0.923860 0.458423 -1.087060 0.530606 0.715710 1.136524
Hand_White_A.dds
60 0.595968 -0.045181 0.922345 1.093943 0.690155 -0.019233 0.739431 1.128869
60 0.584303 -0.040226 0.919107 0.035791 1.245268 -0.348455 0.758154 1.084376
60 0.583429 -0.042372 0.929348 0.269082 0.789420 0.988841 0.741071 1.078805
Hand_White_A.dds
60 0.571772 -0.039775 0.924665 -0.589628 1.143503 -0.134664 0.741184 1.002383
60 0.568685 -0.046218 0.926584 -1.261979 0.250862 0.133688 0.713792 1.003549
60 0.573815 -0.042298 0.929397 -0.462465 0.642423 1.023139 0.728273 1.017853
Hand_White_A.dds
60 0.580430 -0.058385 0.921245 -0.419882 -1.218466 -0.111514 0.692211 1.092869
60 0.594723 -0.056189 0.923860 0.458423 -1.087060 0.530606 0.715710 1.136524
60 0.581867 -0.052546 0.930267 0.304908 -0.463641 1.168530 0.711989 1.084214
Hand_White_A.dds
60 0.583429 -0.042372 0.929348 0.269082 0.789420 0.988841 0.741071 1.078805
60 0.584303 -0.040226 0.919107 0.035791 1.245268 -0.348455 0.758154 1.084376
60 0.571772 -0.039775 0.924665 -0.589628 1.143503 -0.134664 0.741184 1.002383
Hand_White_A.dds
60 0.572033 -0.051745 0.930801 -0.433042 -0.372164 1.160760 0.709732 1.033492
60 0.569144 -0.053749 0.925712 -1.086836 -0.696052 -0.087717 0.703945 1.027417
60 0.580430 -0.058385 0.921245 -0.419882 -1.218466 -0.111514 0.692211 1.092869
Hand_White_A.dds
60 0.581867 -0.052546 0.930267 0.304908 -0.463641 1.168530 0.711989 1.084214
60 0.594723 -0.056189 0.923860 0.458423 -1.087060 0.530606 0.715710 1.136524
60 0.595968 -0.045181 0.922345 1.093943 0.690155 -0.019233 0.739431 1.128869
Hand_White_A.dds
63 0.596674 -0.023070 0.920848 0.997833 0.760454 0.315331 0.847161 1.153644
63 0.594158 -0.018382 0.913918 -0.187098 1.272485 -0.138458 0.874923 1.167104
63 0.583640 -0.018162 0.918012 -0.006298 1.292402 -0.055258 0.863801 1.098759
Hand_White_A.dds
63 0.582768 -0.034824 0.917580 -0.219345 -1.272954 -0.069800 0.800238 1.112456
62 0.596395 -0.036123 0.913571 0.122974 -1.197696 -0.473071 0.798004 1.160493
63 0.596201 -0.032286 0.921553 0.444487 -1.120162 0.470175 0.819251 1.160472
Hand_White_A.dds
63 0.596674 -0.023070 0.920848 0.997833 0.760454 0.315331 0.847161 1.153644
63 0.583640 -0.018162 0.918012 -0.006298 1.292402 -0.055258 0.863801 1.098759
63 0.583903 -0.022035 0.925590 0.186797 0.618832 1.120513 0.843949 1.099676
Hand_White_A.dds
63 0.571559 -0.025590 0.920919 -1.275889 0.098961 0.188967 0.827364 1.029049
63 0.575088 -0.030080 0.925377 -0.481301 -0.570352 1.056619 0.819444 1.050578
63 0.574886 -0.022152 0.926038 -0.674336 0.407252 1.026066 0.839676 1.046247
Hand_White_A.dds
63 0.582768 -0.034824 0.917580 -0.219345 -1.272954 -0.069800 0.800238 1.112456
63 0.596201 -0.032286 0.921553 0.444487 -1.120162 0.470175 0.819251 1.160472
63 0.583074 -0.031298 0.925137 0.169726 -0.573499 1.147034 0.818752 1.108031
Hand_White_A.dds
63 0.583903 -0.022035 0.925590 0.186797 0.618832 1.120513 0.843949 1.099676
63 0.583640 -0.018162 0.918012 -0.006298 1.292402 -0.055258 0.863801 1.098759
63 0.573660 -0.018853 0.920747 -0.593817 1.145348 0.094627 0.853283 1.044093
Hand_White_A.dds
63 0.575088 -0.030080 0.925377 -0.481301 -0.570352 1.056619 0.819444 1.050578
63 0.572145 -0.032542 0.919872 -0.997529 -0.820936 0.066299 0.810636 1.049389
63 0.582768 -0.034824 0.917580 -0.219345 -1.272954 -0.069800 0.800238 1.112456
Hand_White_A.dds
63 0.583074 -0.031298 0.925137 0.169726 -0.573499 1.147034 0.818752 1.108031
63 0.596201 -0.032286 0.921553 0.444487 -1.120162 0.470175 0.819251 1.160472
63 0.596674 -0.023070 0.920848 0.997833 0.760454 0.315331 0.847161 1.153644
Hand_White_A.dds
54 0.525575 -0.075198 0.951300 -0.622576 -0.930775 -0.647651 0.525123 1.504192
54 0.521729 -0.070882 0.953625 -1.285902 0.035133 -0.136444 0.558439 1.526448
54 0.523247 -0.063577 0.947036 -1.101509 -0.200763 -0.647894 0.542262 1.439154
Hand_White_A.dds
54 0.532628 -0.066942 0.942671 -0.256340 -0.708937 -1.051234 0.493679 1.428185
54 0.534850 -0.053110 0.934061 -0.094992 0.375453 -1.234264 0.495609 1.346675
54 0.542224 -0.055697 0.935418 0.882795 0.097897 -0.940470 0.455111 1.358734
Hand_White_A.dds
54 0.543932 -0.068234 0.944982 0.866145 -0.733119 -0.621067 0.439213 1.434937
54 0.539760 -0.075378 0.954269 1.141344 -0.601254 -0.096032 0.422042 1.453184
54 0.534941 -0.077288 0.951154 0.267324 -1.123119 -0.583556 0.451891 1.509051
Hand_White_A.dds
54 0.525575 -0.075198 0.951300 -0.622576 -0.930775 -0.647651 0.525123 1.504192
54 0.523247 -0.063577 0.947036 -1.101509 -0.200763 -0.647894 0.542262 1.439154
54 0.532628 -0.066942 0.942671 -0.256340 -0.708937 -1.051234 0.493679 1.428185
Hand_White_A.dds
54 0.527962 -0.053459 0.937059 -0.947535 0.457417 -0.752557 0.540322 1.386898
54 0.534850 -0.053110 0.934061 -0.094992 0.375453 -1.234264 0.495609 1.346675
54 0.532628 -0.066942 0.942671 -0.256340 -0.708937 -1.051234 0.493679 1.428185
Hand_White_A.dds
54 0.543932 -0.068234 0.944982 0.866145 -0.733119 -0.621067 0.439213 1.434937
54 0.534941 -0.077288 0.951154 0.267324 -1.123119 -0.583556 0.451891 1.509051
54 0.532628 -0.066942 0.942671 -0.256340 -0.708937 -1.051234 0.493679 1.428185
Hand_White_A.dds
54 0.532628 -0.066942 0.942671 -0.256340 -0.708937 -1.051234 0.493679 1.428185
54 0.523247 -0.063577 0.947036 -1.101509 -0.200763 -0.647894 0.542262 1.439154
54 0.527962 -0.053459 0.937059 -0.947535 0.457417 -0.752557 0.540322 1.386898
Hand_White_A.dds
54 0.532628 -0.066942 0.942671 -0.256340 -0.708937 -1.051234 0.493679 1.428185
54 0.542224 -0.055697 0.935418 0.882795 0.097897 -0.940470 0.455111 1.358734
54 0.543932 -0.068234 0.944982 0.866145 -0.733119 -0.621067 0.439213 1.434937
Hand_White_A.dds
54 0.532628 -0.066942 0.942671 -0.256340 -0.708937 -1.051234 0.493679 1.428185
54 0.534941 -0.077288 0.951154 0.267324 -1.123119 -0.583556 0.451891 1.509051
54 0.525575 -0.075198 0.951300 -0.622576 -0.930775 -0.647651 0.525123 1.504192
Hand_White_A.dds
54 0.525208 -0.055957 0.951886 -0.954427 0.794284 0.362736 0.572138 1.438858
54 0.521729 -0.070882 0.953625 -1.285902 0.035133 -0.136444 0.558439 1.526448
54 0.524663 -0.067833 0.962005 -0.531138 1.104838 0.413063 0.582951 1.542098
Hand_White_A.dds
54 0.524663 -0.067833 0.962005 -0.531138 1.104838 0.413063 0.582951 1.542098
54 0.535857 -0.067111 0.963926 0.336088 0.757693 0.993147 0.610562 1.536891
54 0.538174 -0.056206 0.957015 0.358643 0.834669 0.920922 0.592234 1.431336
Hand_White_A.dds
54 0.537622 -0.048727 0.944272 0.267263 1.265490 0.022361 0.557676 1.364961
54 0.534850 -0.053110 0.934061 -0.094992 0.375453 -1.234264 0.495609 1.346675
54 0.527962 -0.053459 0.937059 -0.947535 0.457417 -0.752557 0.540322 1.386898
Hand_White_A.dds
54 0.523247 -0.063577 0.947036 -1.101509 -0.200763 -0.647894 0.542262 1.439154
54 0.521729 -0.070882 0.953625 -1.285902 0.035133 -0.136444 0.558439 1.526448
54 0.525208 -0.055957 0.951886 -0.954427 0.794284 0.362736 0.572138 1.438858
Hand_White_A.dds
54 0.524663 -0.067833 0.962005 -0.531138 1.104838 0.413063 0.582951 1.542098
54 0.538174 -0.056206 0.957015 0.358643 0.834669 0.920922 0.592234 1.431336
54 0.525208 -0.055957 0.951886 -0.954427 0.794284 0.362736 0.572138 1.438858
Hand_White_A.dds
54 0.537622 -0.048727 0.944272 0.267263 1.265490 0.022361 0.557676 1.364961
54 0.527962 -0.053459 0.937059 -0.947535 0.457417 -0.752557 0.540322 1.386898
54 0.525208 -0.055957 0.951886 -0.954427 0.794284 0.362736 0.572138 1.438858
Hand_White_A.dds
54 0.525208 -0.055957 0.951886 -0.954427 0.794284 0.362736 0.572138 1.438858
54 0.538174 -0.056206 0.957015 0.358643 0.834669 0.920922 0.592234 1.431336
54 0.537622 -0.048727 0.944272 0.267263 1.265490 0.022361 0.557676 1.364961
Hand_White_A.dds
54 0.525208 -0.055957 0.951886 -0.954427 0.794284 0.362736 0.572138 1.438858
54 0.527962 -0.053459 0.937059 -0.947535 0.457417 -0.752557 0.540322 1.386898
54 0.523247 -0.063577 0.947036 -1.101509 -0.200763 -0.647894 0.542262 1.439154
Hand_White_A.dds
54 0.542224 -0.055697 0.935418 0.882795 0.097897 -0.940470 0.455111 1.358734
54 0.534850 -0.053110 0.934061 -0.094992 0.375453 -1.234264 0.441264 1.348444
54 0.537622 -0.048727 0.944272 0.267263 1.265490 0.022361 0.430413 1.365913
Hand_White_A.dds
54 0.538174 -0.056206 0.957015 0.358643 0.834669 0.920922 0.592234 1.431336
54 0.535857 -0.067111 0.963926 0.336088 0.757693 0.993147 0.610562 1.536891
54 0.541152 -0.071546 0.961475 1.172016 0.434957 0.332545 0.627937 1.541903
Hand_White_A.dds
54 0.545076 -0.058645 0.948467 1.252261 0.243837 0.213965 0.411837 1.402192
54 0.539760 -0.075378 0.954269 1.141344 -0.601254 -0.096032 0.422042 1.453184
54 0.543932 -0.068234 0.944982 0.866145 -0.733119 -0.621067 0.439213 1.434937
Hand_White_A.dds
54 0.542224 -0.055697 0.935418 0.882795 0.097897 -0.940470 0.455111 1.358734
54 0.537622 -0.048727 0.944272 0.267263 1.265490 0.022361 0.430413 1.365913
54 0.545076 -0.058645 0.948467 1.252261 0.243837 0.213965 0.411837 1.402192
Hand_White_A.dds
54 0.538174 -0.056206 0.957015 0.358643 0.834669 0.920922 0.592234 1.431336
54 0.541152 -0.071546 0.961475 1.172016 0.434957 0.332545 0.627937 1.541903
54 0.545076 -0.058645 0.948467 1.252261 0.243837 0.213965 0.618821 1.440135
Hand_White_A.dds
54 0.541152 -0.071546 0.961475 1.172016 0.434957 0.332545 0.404708 1.460433
54 0.539760 -0.075378 0.954269 1.141344 -0.601254 -0.096032 0.422042 1.453184
54 0.545076 -0.058645 0.948467 1.252261 0.243837 0.213965 0.411837 1.402192
Hand_White_A.dds
54 0.545076 -0.058645 0.948467 1.252261 0.243837 0.213965 0.618821 1.440135
54 0.537622 -0.048727 0.944272 0.267263 1.265490 0.022361 0.557676 1.364961
54 0.538174 -0.056206 0.957015 0.358643 0.834669 0.920922 0.592234 1.431336
Hand_White_A.dds
54 0.545076 -0.058645 0.948467 1.252261 0.243837 0.213965 0.411837 1.402192
54 0.543932 -0.068234 0.944982 0.866145 -0.733119 -0.621067 0.439213 1.434937
54 0.542224 -0.055697 0.935418 0.882795 0.097897 -0.940470 0.455111 1.358734
Hand_White_A.dds
69 0.545481 0.006386 1.067547 1.066208 0.268462 0.681560 0.100895 1.995052
51 0.552593 0.016841 1.044616 0.729398 0.990795 0.399624 0.049989 1.924075
69 0.540842 0.020338 1.066260 0.665639 1.099755 0.144427 0.051771 1.995052
Hand_White_A.dds
51 0.552593 0.016841 1.044616 0.729398 0.990795 0.399624 0.049989 1.924075
69 0.545481 0.006386 1.067547 1.066208 0.268462 0.681560 0.100895 1.995052
51 0.556277 0.002850 1.052005 1.052233 0.341691 0.670410 0.106768 1.934003
Hand_White_A.dds
69 0.527523 0.024429 1.056541 0.008254 1.239382 -0.370484 0.999008 1.995052
51 0.531018 0.013328 1.028977 -0.681855 0.932723 -0.581805 0.950258 1.833506
69 0.514980 0.018368 1.045283 -0.525442 0.880330 -0.788876 0.953643 1.995052
Hand_White_A.dds
51 0.531018 0.013328 1.028977 -0.681855 0.932723 -0.581805 0.950258 1.833506
69 0.527523 0.024429 1.056541 0.008254 1.239382 -0.370484 0.999008 1.995052
51 0.542011 0.018086 1.034028 -0.113679 1.284731 -0.099690 0.999008 1.846238
Hand_White_A.dds
69 0.540842 0.020338 1.066260 0.665639 1.099755 0.144427 0.051771 1.995052
51 0.542011 0.018086 1.034028 -0.113679 1.284731 -0.099690 0.000700 1.846083
69 0.527523 0.024429 1.056541 0.008254 1.239382 -0.370484 0.000700 1.995052
Hand_White_A.dds
51 0.542011 0.018086 1.034028 -0.113679 1.284731 -0.099690 0.000700 1.846083
69 0.540842 0.020338 1.066260 0.665639 1.099755 0.144427 0.051771 1.995052
51 0.552593 0.016841 1.044616 0.729398 0.990795 0.399624 0.049989 1.924075
Hand_White_A.dds
51 0.589438 0.012201 0.985878 0.753100 1.006429 0.305512 0.060978 1.530251
51 0.571451 0.015033 1.014183 0.890109 0.795634 0.498064 0.051808 1.756280
51 0.604564 -0.003387 0.976376 1.141150 0.264079 0.549029 0.093906 1.466220
Hand_White_A.dds
51 0.571451 0.015033 1.014183 0.890109 0.795634 0.498064 0.051808 1.756280
51 0.589438 0.012201 0.985878 0.753100 1.006429 0.305512 0.060978 1.530251
51 0.558175 0.023190 1.008406 0.158179 1.281522 0.077947 0.000700 1.762334
Hand_White_A.dds
51 0.571451 0.015033 1.014183 0.890109 0.795634 0.498064 0.051808 1.756280
51 0.556277 0.002850 1.052005 1.052233 0.341691 0.670410 0.106768 1.934003
51 0.578393 -0.002387 1.019408 1.089813 0.260867 0.646260 0.096774 1.755119
Hand_White_A.dds
51 0.556277 0.002850 1.052005 1.052233 0.341691 0.670410 0.106768 1.934003
51 0.571451 0.015033 1.014183 0.890109 0.795634 0.498064 0.051808 1.756280
51 0.552593 0.016841 1.044616 0.729398 0.990795 0.399624 0.049989 1.924075
Hand_White_A.dds
51 0.599329 -0.011487 0.982014 1.181251 0.126996 0.511775 0.115857 1.483787
51 0.605940 -0.006515 0.971150 1.175295 -0.231193 0.488495 0.095795 1.446528
51 0.604564 -0.003387 0.976376 1.141150 0.264079 0.549029 0.093906 1.466220
Hand_White_A.dds
51 0.605940 -0.006515 0.971150 1.175295 -0.231193 0.488495 0.095795 1.446528
51 0.599329 -0.011487 0.982014 1.181251 0.126996 0.511775 0.115857 1.483787
51 0.601000 -0.011599 0.969388 1.287761 0.113240 0.047358 0.104588 1.410136
Hand_White_A.dds
51 0.589438 0.012201 0.985878 0.753100 1.006429 0.305512 0.060978 1.530251
51 0.594007 0.010764 0.963919 0.027089 1.245558 -0.348205 0.000700 1.552688
51 0.581484 0.017227 0.979171 -0.109744 1.199989 -0.470508 0.000700 1.626360
Hand_White_A.dds
51 0.594007 0.010764 0.963919 0.027089 1.245558 -0.348205 0.000700 1.552688
51 0.589438 0.012201 0.985878 0.753100 1.006429 0.305512 0.060978 1.530251
51 0.602598 0.006522 0.970250 0.885993 0.888080 0.315794 0.060105 1.456786
Hand_White_A.dds
51 0.548378 0.019039 1.004069 -0.590756 1.056684 -0.455875 0.961909 1.705672
51 0.542011 0.018086 1.034028 -0.113679 1.284731 -0.099690 0.999008 1.846238
51 0.558175 0.023190 1.008406 0.158179 1.281522 0.077947 0.999008 1.695880
Hand_White_A.dds
51 0.542011 0.018086 1.034028 -0.113679 1.284731 -0.099690 0.999008 1.846238
51 0.548378 0.019039 1.004069 -0.590756 1.056684 -0.455875 0.961909 1.705672
51 0.531018 0.013328 1.028977 -0.681855 0.932723 -0.581805 0.950258 1.833506
Hand_White_A.dds
51 0.604564 -0.003387 0.976376 1.141150 0.264079 0.549029 0.093906 1.466220
51 0.578393 -0.002387 1.019408 1.089813 0.260867 0.646260 0.096774 1.755119
51 0.599329 -0.011487 0.982014 1.181251 0.126996 0.511775 0.115857 1.483787
Hand_White_A.dds
51 0.578393 -0.002387 1.019408 1.089813 0.260867 0.646260 0.096774 1.755119
51 0.604564 -0.003387 0.976376 1.141150 0.264079 0.549029 0.093906 1.466220
51 0.571451 0.015033 1.014183 0.890109 0.795634 0.498064 0.051808 1.756280
Hand_White_A.dds
51 0.604564 -0.003387 0.976376 1.141150 0.264079 0.549029 0.093906 1.466220
51 0.602598 0.006522 0.970250 0.885993 0.888080 0.315794 0.060105 1.456786
51 0.589438 0.012201 0.985878 0.753100 1.006429 0.305512 0.060978 1.530251
Hand_White_A.dds
51 0.602598 0.006522 0.970250 0.885993 0.888080 0.315794 0.060105 1.456786
51 0.604564 -0.003387 0.976376 1.141150 0.264079 0.549029 0.093906 1.466220
51 0.605940 -0.006515 0.971150 1.175295 -0.231193 0.488495 0.095795 1.446528
Hand_White_A.dds
51 0.558175 0.023190 1.008406 0.158179 1.281522 0.077947 0.999008 1.695880
51 0.581484 0.017227 0.979171 -0.109744 1.199989 -0.470508 0.999008 1.582915
51 0.548378 0.019039 1.004069 -0.590756 1.056684 -0.455875 0.961909 1.705672
Hand_White_A.dds
51 0.581484 0.017227 0.979171 -0.109744 1.199989 -0.470508 0.000700 1.626360
51 0.558175 0.023190 1.008406 0.158179 1.281522 0.077947 0.000700 1.762334
51 0.589438 0.012201 0.985878 0.753100 1.006429 0.305512 0.060978 1.530251
Hand_White_A.dds
51 0.558175 0.023190 1.008406 0.158179 1.281522 0.077947 0.000700 1.762334
51 0.552593 0.016841 1.044616 0.729398 0.990795 0.399624 0.049989 1.924075
51 0.571451 0.015033 1.014183 0.890109 0.795634 0.498064 0.051808 1.756280
Hand_White_A.dds
51 0.552593 0.016841 1.044616 0.729398 0.990795 0.399624 0.049989 1.924075
51 0.558175 0.023190 1.008406 0.158179 1.281522 0.077947 0.000700 1.762334
51 0.542011 0.018086 1.034028 -0.113679 1.284731 -0.099690 0.000700 1.846083
Hand_White_A.dds
64 0.617307 0.003861 0.943139 0.986297 0.831141 -0.099087 0.046648 1.307575
64 0.613731 -0.006350 0.958726 1.094248 -0.506737 0.468225 0.079962 1.384245
64 0.618803 -0.006422 0.942014 1.146905 -0.577511 -0.156477 0.077683 1.306498
Hand_White_A.dds
64 0.613731 -0.006350 0.958726 1.094248 -0.506737 0.468225 0.079962 1.384245
64 0.617307 0.003861 0.943139 0.986297 0.831141 -0.099087 0.046648 1.307575
64 0.610711 0.005277 0.957488 0.862125 0.875821 0.403823 0.058764 1.390351
Hand_White_A.dds
64 0.613731 -0.006350 0.958726 1.094248 -0.506737 0.468225 0.079962 1.384245
51 0.601000 -0.011599 0.969388 1.287761 0.113240 0.047358 0.104588 1.410136
64 0.605478 -0.010910 0.950477 0.470298 -1.200790 -0.101585 0.097488 1.374354
Hand_White_A.dds
51 0.601000 -0.011599 0.969388 1.287761 0.113240 0.047358 0.104588 1.410136
64 0.613731 -0.006350 0.958726 1.094248 -0.506737 0.468225 0.079962 1.384245
51 0.605940 -0.006515 0.971150 1.175295 -0.231193 0.488495 0.095795 1.446528
Hand_White_A.dds
64 0.612320 -0.011023 0.941213 0.386268 -1.229607 -0.110720 0.105416 1.303461
65 0.602613 -0.007939 0.915991 0.414562 -0.551422 -1.094288 0.075893 1.225428
64 0.618803 -0.006422 0.942014 1.146905 -0.577511 -0.156477 0.077683 1.306498
Hand_White_A.dds
65 0.602613 -0.007939 0.915991 0.414562 -0.551422 -1.094288 0.075893 1.225428
64 0.612320 -0.011023 0.941213 0.386268 -1.229607 -0.110720 0.105416 1.303461
65 0.598614 -0.011198 0.919104 -0.026279 -1.245058 -0.350052 0.100481 1.242768
Hand_White_A.dds
64 0.617307 0.003861 0.943139 0.986297 0.831141 -0.099087 0.046648 1.307575
65 0.597990 0.004277 0.919483 0.055554 1.263831 -0.270262 0.000700 1.265634
64 0.609091 0.007009 0.942218 0.009634 1.293259 -0.027982 0.000700 1.420912
Hand_White_A.dds
65 0.597990 0.004277 0.919483 0.055554 1.263831 -0.270262 0.000700 1.265634
64 0.617307 0.003861 0.943139 0.986297 0.831141 -0.099087 0.046648 1.307575
65 0.601828 0.001180 0.916393 0.371557 0.662685 -1.046990 0.046692 1.224892
Hand_White_A.dds
64 0.597191 0.009883 0.958986 -0.114012 1.255089 -0.291802 0.000700 1.518988
51 0.602598 0.006522 0.970250 0.885993 0.888080 0.315794 0.060105 1.456786
64 0.610711 0.005277 0.957488 0.862125 0.875821 0.403823 0.058764 1.390351
Hand_White_A.dds
51 0.602598 0.006522 0.970250 0.885993 0.888080 0.315794 0.060105 1.456786
64 0.597191 0.009883 0.958986 -0.114012 1.255089 -0.291802 0.000700 1.518988
51 0.594007 0.010764 0.963919 0.027089 1.245558 -0.348205 0.000700 1.552688
Hand_White_A.dds
64 0.618803 -0.006422 0.942014 1.146905 -0.577511 -0.156477 0.077683 1.306498
64 0.605478 -0.010910 0.950477 0.470298 -1.200790 -0.101585 0.097488 1.374354
64 0.612320 -0.011023 0.941213 0.386268 -1.229607 -0.110720 0.105416 1.303461
Hand_White_A.dds
64 0.605478 -0.010910 0.950477 0.470298 -1.200790 -0.101585 0.097488 1.374354
64 0.618803 -0.006422 0.942014 1.146905 -0.577511 -0.156477 0.077683 1.306498
64 0.613731 -0.006350 0.958726 1.094248 -0.506737 0.468225 0.079962 1.384245
Hand_White_A.dds
64 0.618803 -0.006422 0.942014 1.146905 -0.577511 -0.156477 0.077683 1.306498
65 0.601828 0.001180 0.916393 0.371557 0.662685 -1.046990 0.046692 1.224892
64 0.617307 0.003861 0.943139 0.986297 0.831141 -0.099087 0.046648 1.307575
Hand_White_A.dds
65 0.601828 0.001180 0.916393 0.371557 0.662685 -1.046990 0.046692 1.224892
64 0.618803 -0.006422 0.942014 1.146905 -0.577511 -0.156477 0.077683 1.306498
65 0.602613 -0.007939 0.915991 0.414562 -0.551422 -1.094288 0.075893 1.225428
Hand_White_A.dds
64 0.610711 0.005277 0.957488 0.862125 0.875821 0.403823 0.058764 1.390351
64 0.609091 0.007009 0.942218 0.009634 1.293259 -0.027982 0.000700 1.420912
64 0.597191 0.009883 0.958986 -0.114012 1.255089 -0.291802 0.000700 1.518988
Hand_White_A.dds
64 0.609091 0.007009 0.942218 0.009634 1.293259 -0.027982 0.000700 1.420912
64 0.610711 0.005277 0.957488 0.862125 0.875821 0.403823 0.058764 1.390351
64 0.617307 0.003861 0.943139 0.986297 0.831141 -0.099087 0.046648 1.307575
Hand_White_A.dds
64 0.610711 0.005277 0.957488 0.862125 0.875821 0.403823 0.058764 1.390351
51 0.605940 -0.006515 0.971150 1.175295 -0.231193 0.488495 0.095795 1.446528
64 0.613731 -0.006350 0.958726 1.094248 -0.506737 0.468225 0.079962 1.384245
Hand_White_A.dds
51 0.605940 -0.006515 0.971150 1.175295 -0.231193 0.488495 0.095795 1.446528
64 0.610711 0.005277 0.957488 0.862125 0.875821 0.403823 0.058764 1.390351
51 0.602598 0.006522 0.970250 0.885993 0.888080 0.315794 0.060105 1.456786
Hand_White_A.dds
66 0.587134 -0.008657 0.918028 -0.331309 -0.538213 -1.128697 0.076124 1.187063
66 0.582392 -0.002936 0.920597 -0.659118 0.214204 -1.092280 0.059605 1.147047
66 0.586670 0.000520 0.919829 -0.342854 0.596719 -1.095342 0.048552 1.180577
Hand_White_A.dds
66 0.587134 -0.008657 0.918028 -0.331309 -0.538213 -1.128697 0.076124 1.187063
65 0.598614 -0.011198 0.919104 -0.026279 -1.245058 -0.350052 0.100481 1.242768
66 0.588812 -0.010829 0.922018 -0.073108 -1.290401 -0.054000 0.096217 1.203695
Hand_White_A.dds
65 0.598614 -0.011198 0.919104 -0.026279 -1.245058 -0.350052 0.100481 1.242768
66 0.587134 -0.008657 0.918028 -0.331309 -0.538213 -1.128697 0.076124 1.187063
65 0.602613 -0.007939 0.915991 0.414562 -0.551422 -1.094288 0.075893 1.225428
Hand_White_A.dds
66 0.589209 0.002976 0.923647 -0.292500 1.259686 -0.032091 0.000700 1.200974
65 0.601828 0.001180 0.916393 0.371557 0.662685 -1.046990 0.046692 1.224892
66 0.586670 0.000520 0.919829 -0.342854 0.596719 -1.095342 0.048552 1.180577
Hand_White_A.dds
65 0.601828 0.001180 0.916393 0.371557 0.662685 -1.046990 0.046692 1.224892
66 0.589209 0.002976 0.923647 -0.292500 1.259686 -0.032091 0.000700 1.200974
65 0.597990 0.004277 0.919483 0.055554 1.263831 -0.270262 0.000700 1.265634
Hand_White_A.dds
66 0.582392 -0.002936 0.920597 -0.659118 0.214204 -1.092280 0.059605 1.147047
66 0.587134 -0.008657 0.918028 -0.331309 -0.538213 -1.128697 0.076124 1.187063
66 0.578480 -0.009858 0.922991 -0.725779 -1.008651 -0.359532 0.076281 1.120672
Hand_White_A.dds
66 0.588812 -0.010829 0.922018 -0.073108 -1.290401 -0.054000 0.096217 1.203695
66 0.578480 -0.009858 0.922991 -0.725779 -1.008651 -0.359532 0.076281 1.120672
66 0.587134 -0.008657 0.918028 -0.331309 -0.538213 -1.128697 0.076124 1.187063
Hand_White_A.dds
66 0.579539 0.001227 0.924153 -0.834164 0.953592 -0.261203 0.047616 1.120648
66 0.582392 -0.002936 0.920597 -0.659118 0.214204 -1.092280 0.059605 1.147047
66 0.578101 -0.004277 0.923849 -1.271241 0.112502 0.211385 0.062042 1.111094
Hand_White_A.dds
66 0.586670 0.000520 0.919829 -0.342854 0.596719 -1.095342 0.048552 1.180577
66 0.579539 0.001227 0.924153 -0.834164 0.953592 -0.261203 0.047616 1.120648
66 0.589209 0.002976 0.923647 -0.292500 1.259686 -0.032091 0.000700 1.200974
Hand_White_A.dds
66 0.579539 0.001227 0.924153 -0.834164 0.953592 -0.261203 0.047616 1.120648
66 0.586670 0.000520 0.919829 -0.342854 0.596719 -1.095342 0.048552 1.180577
66 0.582392 -0.002936 0.920597 -0.659118 0.214204 -1.092280 0.059605 1.147047
Hand_White_A.dds
66 0.586670 0.000520 0.919829 -0.342854 0.596719 -1.095342 0.048552 1.180577
65 0.602613 -0.007939 0.915991 0.414562 -0.551422 -1.094288 0.075893 1.225428
66 0.587134 -0.008657 0.918028 -0.331309 -0.538213 -1.128697 0.076124 1.187063
Hand_White_A.dds
65 0.602613 -0.007939 0.915991 0.414562 -0.551422 -1.094288 0.075893 1.225428
66 0.586670 0.000520 0.919829 -0.342854 0.596719 -1.095342 0.048552 1.180577
65 0.601828 0.001180 0.916393 0.371557 0.662685 -1.046990 0.046692 1.224892
Hand_White_A.dds
69 0.543920 -0.026435 1.070176 0.824311 -0.363030 0.928501 0.193959 1.995052
69 0.534123 -0.044126 1.062679 0.152066 -1.075553 0.702465 0.259435 1.995052
51 0.551136 -0.031719 1.061703 0.884061 -0.367986 0.869722 0.198397 1.940148
Hand_White_A.dds
51 0.541499 -0.052997 1.049175 -0.065168 -1.018726 0.794572 0.268387 1.941882
51 0.551136 -0.031719 1.061703 0.884061 -0.367986 0.869722 0.198397 1.940148
69 0.534123 -0.044126 1.062679 0.152066 -1.075553 0.702465 0.259435 1.995052
Hand_White_A.dds
51 0.551136 -0.031719 1.061703 0.884061 -0.367986 0.869722 0.198397 1.940148
69 0.545481 0.006386 1.067547 1.066208 0.268462 0.681560 0.100895 1.995052
69 0.543920 -0.026435 1.070176 0.824311 -0.363030 0.928501 0.193959 1.995052
Hand_White_A.dds
69 0.545481 0.006386 1.067547 1.066208 0.268462 0.681560 0.100895 1.995052
51 0.551136 -0.031719 1.061703 0.884061 -0.367986 0.869722 0.198397 1.940148
51 0.556277 0.002850 1.052005 1.052233 0.341691 0.670410 0.106768 1.934003
Hand_White_A.dds
51 0.525716 -0.006279 1.028445 -1.071394 -0.044646 -0.723545 0.912031 1.837202
69 0.511526 -0.036416 1.047424 -0.968249 -0.401647 -0.758004 0.850601 1.995052
69 0.512555 0.009152 1.043481 -0.914271 0.231308 -0.885438 0.929399 1.995052
Hand_White_A.dds
52 0.524622 -0.040486 1.033528 -1.231114 -0.260189 -0.300094 0.813456 1.925211
69 0.518530 -0.045062 1.055007 -0.678044 -1.083786 -0.197633 0.556395 1.995052
69 0.511526 -0.036416 1.047424 -0.968249 -0.401647 -0.758004 0.850601 1.995052
Hand_White_A.dds
69 0.518530 -0.045062 1.055007 -0.678044 -1.083786 -0.197633 0.556395 1.995052
52 0.524622 -0.040486 1.033528 -1.231114 -0.260189 -0.300094 0.813456 1.925211
52 0.527887 -0.049394 1.040357 -0.936126 -0.767919 0.455374 0.561100 1.953192
Hand_White_A.dds
69 0.511526 -0.036416 1.047424 -0.968249 -0.401647 -0.758004 0.850601 1.995052
51 0.525716 -0.006279 1.028445 -1.071394 -0.044646 -0.723545 0.912031 1.837202
52 0.524622 -0.040486 1.033528 -1.231114 -0.260189 -0.300094 0.813456 1.925211
Hand_White_A.dds
69 0.512555 0.009152 1.043481 -0.914271 0.231308 -0.885438 0.929399 1.995052
51 0.531018 0.013328 1.028977 -0.681855 0.932723 -0.581805 0.950258 1.833506
51 0.525094 0.005197 1.029312 -1.044474 0.286343 -0.707443 0.929410 1.835566
Hand_White_A.dds
51 0.531018 0.013328 1.028977 -0.681855 0.932723 -0.581805 0.950258 1.833506
69 0.512555 0.009152 1.043481 -0.914271 0.231308 -0.885438 0.929399 1.995052
69 0.514980 0.018368 1.045283 -0.525442 0.880330 -0.788876 0.953643 1.995052
Hand_White_A.dds
69 0.512555 0.009152 1.043481 -0.914271 0.231308 -0.885438 0.929399 1.995052
51 0.525094 0.005197 1.029312 -1.044474 0.286343 -0.707443 0.929410 1.835566
51 0.525716 -0.006279 1.028445 -1.071394 -0.044646 -0.723545 0.912031 1.837202
Hand_White_A.dds
51 0.577186 -0.017199 0.970205 -0.959734 0.030549 -0.866817 0.866160 1.518050
51 0.541464 0.010340 1.002044 -0.975235 0.400190 -0.749774 0.926731 1.709772
51 0.571010 0.004659 0.971337 -0.834950 0.403220 -0.902035 0.939665 1.577249
Hand_White_A.dds
51 0.541464 0.010340 1.002044 -0.975235 0.400190 -0.749774 0.926731 1.709772
51 0.577186 -0.017199 0.970205 -0.959734 0.030549 -0.866817 0.866160 1.518050
51 0.538375 -0.008827 1.003303 -1.028692 -0.116477 -0.775642 0.857830 1.701395
Hand_White_A.dds
51 0.541464 0.010340 1.002044 -0.975235 0.400190 -0.749774 0.926731 1.709772
51 0.531018 0.013328 1.028977 -0.681855 0.932723 -0.581805 0.950258 1.833506
51 0.548378 0.019039 1.004069 -0.590756 1.056684 -0.455875 0.961909 1.705672
Hand_White_A.dds
51 0.531018 0.013328 1.028977 -0.681855 0.932723 -0.581805 0.950258 1.833506
51 0.541464 0.010340 1.002044 -0.975235 0.400190 -0.749774 0.926731 1.709772
51 0.525094 0.005197 1.029312 -1.044474 0.286343 -0.707443 0.929410 1.835566
Hand_White_A.dds
51 0.581484 0.017227 0.979171 -0.109744 1.199989 -0.470508 0.999008 1.582915
51 0.584371 0.002742 0.958899 -0.633748 0.639353 -0.928970 0.955580 1.525321
51 0.571010 0.004659 0.971337 -0.834950 0.403220 -0.902035 0.939665 1.577249
Hand_White_A.dds
51 0.584371 0.002742 0.958899 -0.633748 0.639353 -0.928970 0.955580 1.525321
51 0.581484 0.017227 0.979171 -0.109744 1.199989 -0.470508 0.999008 1.582915
51 0.594007 0.010764 0.963919 0.027089 1.245558 -0.348205 0.996961 1.526872
Hand_White_A.dds
51 0.525094 0.005197 1.029312 -1.044474 0.286343 -0.707443 0.929410 1.835566
51 0.538375 -0.008827 1.003303 -1.028692 -0.116477 -0.775642 0.857830 1.701395
51 0.525716 -0.006279 1.028445 -1.071394 -0.044646 -0.723545 0.912031 1.837202
Hand_White_A.dds
51 0.571010 0.004659 0.971337 -0.834950 0.403220 -0.902035 0.939665 1.577249
51 0.548378 0.019039 1.004069 -0.590756 1.056684 -0.455875 0.961909 1.705672
51 0.581484 0.017227 0.979171 -0.109744 1.199989 -0.470508 0.999008 1.582915
Hand_White_A.dds
51 0.548378 0.019039 1.004069 -0.590756 1.056684 -0.455875 0.961909 1.705672
51 0.571010 0.004659 0.971337 -0.834950 0.403220 -0.902035 0.939665 1.577249
51 0.541464 0.010340 1.002044 -0.975235 0.400190 -0.749774 0.926731 1.709772
Hand_White_A.dds
51 0.571010 0.004659 0.971337 -0.834950 0.403220 -0.902035 0.939665 1.577249
64 0.595004 -0.013229 0.947575 -0.361298 0.069831 -1.240154 0.906818 1.420637
51 0.577186 -0.017199 0.970205 -0.959734 0.030549 -0.866817 0.866160 1.518050
Hand_White_A.dds
64 0.595004 -0.013229 0.947575 -0.361298 0.069831 -1.240154 0.906818 1.420637
51 0.571010 0.004659 0.971337 -0.834950 0.403220 -0.902035 0.939665 1.577249
51 0.584371 0.002742 0.958899 -0.633748 0.639353 -0.928970 0.955580 1.525321
Hand_White_A.dds
51 0.538375 -0.008827 1.003303 -1.028692 -0.116477 -0.775642 0.857830 1.701395
51 0.525094 0.005197 1.029312 -1.044474 0.286343 -0.707443 0.929410 1.835566
51 0.541464 0.010340 1.002044 -0.975235 0.400190 -0.749774 0.926731 1.709772
Hand_White_A.dds
64 0.604646 -0.009568 0.939151 -0.297058 -0.039474 -1.258409 0.922668 1.337466
64 0.592624 0.002194 0.951836 -0.830509 0.522578 -0.842949 0.954547 1.477366
64 0.604339 0.000811 0.938310 0.561934 0.466205 -1.067838 0.959810 1.381300
Hand_White_A.dds
64 0.592624 0.002194 0.951836 -0.830509 0.522578 -0.842949 0.954547 1.477366
64 0.604646 -0.009568 0.939151 -0.297058 -0.039474 -1.258409 0.922668 1.337466
64 0.595389 -0.010274 0.948891 -0.544228 -0.365166 -1.115287 0.914307 1.408653
Hand_White_A.dds
64 0.592624 0.002194 0.951836 -0.830509 0.522578 -0.842949 0.954547 1.477366
51 0.594007 0.010764 0.963919 0.027089 1.245558 -0.348205 0.996961 1.526872
64 0.597191 0.009883 0.958986 -0.114012 1.255089 -0.291802 0.996961 1.492262
Hand_White_A.dds
51 0.594007 0.010764 0.963919 0.027089 1.245558 -0.348205 0.996961 1.526872
64 0.592624 0.002194 0.951836 -0.830509 0.522578 -0.842949 0.954547 1.477366
51 0.584371 0.002742 0.958899 -0.633748 0.639353 -0.928970 0.955580 1.525321
Hand_White_A.dds
64 0.609091 0.007009 0.942218 0.009634 1.293259 -0.027982 0.996961 1.396153
65 0.593490 -0.000389 0.924871 -0.847633 0.435209 -0.874932 0.960183 1.249474
65 0.604669 0.000714 0.942551 -0.543186 -0.180527 1.160067 0.959868 1.360894
Hand_White_A.dds
65 0.593490 -0.000389 0.924871 -0.847633 0.435209 -0.874932 0.960183 1.249474
64 0.609091 0.007009 0.942218 0.009634 1.293259 -0.027982 0.996961 1.396153
65 0.597990 0.004277 0.919483 0.055554 1.263831 -0.270262 0.996961 1.242143
Hand_White_A.dds
65 0.605294 -0.009445 0.942317 0.824208 -0.908763 0.410154 0.923991 1.321301
65 0.598614 -0.011198 0.919104 -0.026279 -1.245058 -0.350052 0.916301 1.247380
64 0.612320 -0.011023 0.941213 0.386268 -1.229607 -0.110720 0.913446 1.323559
Hand_White_A.dds
64 0.612320 -0.011023 0.941213 0.386268 -1.229607 -0.110720 0.913446 1.323559
64 0.604646 -0.009568 0.939151 -0.297058 -0.039474 -1.258409 0.922668 1.337466
65 0.605294 -0.009445 0.942317 0.824208 -0.908763 0.410154 0.923991 1.321301
Hand_White_A.dds
64 0.605478 -0.010910 0.950477 0.470298 -1.200790 -0.101585 0.905559 1.373499
64 0.595004 -0.013229 0.947575 -0.361298 0.069831 -1.240154 0.906818 1.420637
64 0.595389 -0.010274 0.948891 -0.544228 -0.365166 -1.115287 0.914307 1.408653
Hand_White_A.dds
64 0.595004 -0.013229 0.947575 -0.361298 0.069831 -1.240154 0.906818 1.420637
64 0.605478 -0.010910 0.950477 0.470298 -1.200790 -0.101585 0.905559 1.373499
51 0.601000 -0.011599 0.969388 1.287761 0.113240 0.047358 0.898632 1.373499
Hand_White_A.dds
64 0.604339 0.000811 0.938310 0.561934 0.466205 -1.067838 0.959810 1.381300
64 0.597191 0.009883 0.958986 -0.114012 1.255089 -0.291802 0.996961 1.492262
64 0.609091 0.007009 0.942218 0.009634 1.293259 -0.027982 0.996961 1.396153
Hand_White_A.dds
64 0.597191 0.009883 0.958986 -0.114012 1.255089 -0.291802 0.996961 1.492262
64 0.604339 0.000811 0.938310 0.561934 0.466205 -1.067838 0.959810 1.381300
64 0.592624 0.002194 0.951836 -0.830509 0.522578 -0.842949 0.954547 1.477366
Hand_White_A.dds
64 0.604339 0.000811 0.938310 0.561934 0.466205 -1.067838 0.959810 1.381300
65 0.605294 -0.009445 0.942317 0.824208 -0.908763 0.410154 0.923991 1.321301
64 0.604646 -0.009568 0.939151 -0.297058 -0.039474 -1.258409 0.922668 1.337466
Hand_White_A.dds
65 0.594864 -0.009311 0.924317 -1.290281 -0.091949 -0.010802 0.930426 1.256657
65 0.604669 0.000714 0.942551 -0.543186 -0.180527 1.160067 0.959868 1.360894
65 0.593490 -0.000389 0.924871 -0.847633 0.435209 -0.874932 0.960183 1.249474
Hand_White_A.dds
64 0.595389 -0.010274 0.948891 -0.544228 -0.365166 -1.115287 0.914307 1.408653
64 0.612320 -0.011023 0.941213 0.386268 -1.229607 -0.110720 0.913446 1.323559
64 0.605478 -0.010910 0.950477 0.470298 -1.200790 -0.101585 0.905559 1.373499
Hand_White_A.dds
64 0.612320 -0.011023 0.941213 0.386268 -1.229607 -0.110720 0.913446 1.323559
64 0.595389 -0.010274 0.948891 -0.544228 -0.365166 -1.115287 0.914307 1.408653
64 0.604646 -0.009568 0.939151 -0.297058 -0.039474 -1.258409 0.922668 1.337466
Hand_White_A.dds
64 0.595389 -0.010274 0.948891 -0.544228 -0.365166 -1.115287 0.914307 1.408653
51 0.584371 0.002742 0.958899 -0.633748 0.639353 -0.928970 0.955580 1.525321
64 0.592624 0.002194 0.951836 -0.830509 0.522578 -0.842949 0.954547 1.477366
Hand_White_A.dds
51 0.584371 0.002742 0.958899 -0.633748 0.639353 -0.928970 0.955580 1.525321
64 0.595389 -0.010274 0.948891 -0.544228 -0.365166 -1.115287 0.914307 1.408653
64 0.595004 -0.013229 0.947575 -0.361298 0.069831 -1.240154 0.906818 1.420637
Hand_White_A.dds
66 0.582761 -0.009141 0.928155 -0.546417 -0.335491 1.123508 0.939815 1.146989
66 0.588461 -0.000060 0.928652 -0.074688 0.661945 1.108894 0.962262 1.212918
66 0.582857 -0.001682 0.928045 -0.551697 0.521329 1.047493 0.965319 1.145392
Hand_White_A.dds
66 0.588461 -0.000060 0.928652 -0.074688 0.661945 1.108894 0.962262 1.212918
66 0.582761 -0.009141 0.928155 -0.546417 -0.335491 1.123508 0.939815 1.146989
66 0.589272 -0.009337 0.929094 0.022393 -0.841183 0.982499 0.936152 1.205637
Hand_White_A.dds
66 0.588461 -0.000060 0.928652 -0.074688 0.661945 1.108894 0.962262 1.212918
65 0.597990 0.004277 0.919483 0.055554 1.263831 -0.270262 0.996961 1.242143
66 0.589209 0.002976 0.923647 -0.292500 1.259686 -0.032091 0.999008 1.202685
Hand_White_A.dds
65 0.597990 0.004277 0.919483 0.055554 1.263831 -0.270262 0.996961 1.242143
66 0.588461 -0.000060 0.928652 -0.074688 0.661945 1.108894 0.962262 1.212918
66 0.600519 -0.000521 0.927956 0.904226 0.069455 0.922468 0.960215 1.238176
Hand_White_A.dds
66 0.588812 -0.010829 0.922018 -0.073108 -1.290401 -0.054000 0.922853 1.194435
66 0.600176 -0.009315 0.926378 0.930809 -0.711904 -0.547889 0.931031 1.249256
66 0.589272 -0.009337 0.929094 0.022393 -0.841183 0.982499 0.936152 1.205637
Hand_White_A.dds
66 0.600176 -0.009315 0.926378 0.930809 -0.711904 -0.547889 0.931031 1.249256
66 0.588812 -0.010829 0.922018 -0.073108 -1.290401 -0.054000 0.922853 1.194435
65 0.598614 -0.011198 0.919104 -0.026279 -1.245058 -0.350052 0.916301 1.247380
Hand_White_A.dds
66 0.582857 -0.001682 0.928045 -0.551697 0.521329 1.047493 0.965319 1.145392
66 0.589209 0.002976 0.923647 -0.292500 1.259686 -0.032091 0.999008 1.202685
66 0.579539 0.001227 0.924153 -0.834164 0.953592 -0.261203 0.967777 1.111524
Hand_White_A.dds
66 0.589209 0.002976 0.923647 -0.292500 1.259686 -0.032091 0.999008 1.202685
66 0.582857 -0.001682 0.928045 -0.551697 0.521329 1.047493 0.965319 1.145392
66 0.588461 -0.000060 0.928652 -0.074688 0.661945 1.108894 0.962262 1.212918
Hand_White_A.dds
66 0.578101 -0.004277 0.923849 -1.271241 0.112502 0.211385 0.948756 1.093420
66 0.578480 -0.009858 0.922991 -0.725779 -1.008651 -0.359532 0.926862 1.104682
66 0.582761 -0.009141 0.928155 -0.546417 -0.335491 1.123508 0.939815 1.146989
Hand_White_A.dds
66 0.578101 -0.004277 0.923849 -1.271241 0.112502 0.211385 0.948756 1.093420
66 0.582857 -0.001682 0.928045 -0.551697 0.521329 1.047493 0.965319 1.145392
66 0.579539 0.001227 0.924153 -0.834164 0.953592 -0.261203 0.967777 1.111524
Hand_White_A.dds
66 0.589272 -0.009337 0.929094 0.022393 -0.841183 0.982499 0.936152 1.205637
66 0.578480 -0.009858 0.922991 -0.725779 -1.008651 -0.359532 0.926862 1.104682
66 0.588812 -0.010829 0.922018 -0.073108 -1.290401 -0.054000 0.922853 1.194435
Hand_White_A.dds
66 0.578480 -0.009858 0.922991 -0.725779 -1.008651 -0.359532 0.926862 1.104682
66 0.589272 -0.009337 0.929094 0.022393 -0.841183 0.982499 0.936152 1.205637
66 0.582761 -0.009141 0.928155 -0.546417 -0.335491 1.123508 0.939815 1.146989
Hand_White_A.dds
66 0.589272 -0.009337 0.929094 0.022393 -0.841183 0.982499 0.936152 1.205637
66 0.600519 -0.000521 0.927956 0.904226 0.069455 0.922468 0.960215 1.238176
66 0.588461 -0.000060 0.928652 -0.074688 0.661945 1.108894 0.962262 1.212918
Hand_White_A.dds
66 0.600519 -0.000521 0.927956 0.904226 0.069455 0.922468 0.960215 1.238176
66 0.589272 -0.009337 0.929094 0.022393 -0.841183 0.982499 0.936152 1.205637
66 0.600176 -0.009315 0.926378 0.930809 -0.711904 -0.547889 0.931031 1.249256
Hand_White_A.dds
51 0.602169 -0.032961 0.978876 1.225910 0.048542 0.410102 0.173049 1.462346
51 0.579253 -0.020413 1.022887 1.096217 0.044503 0.685363 0.138082 1.765212
51 0.608513 -0.044291 0.977181 1.188593 0.014687 0.510321 0.211357 1.448818
Hand_White_A.dds
51 0.579253 -0.020413 1.022887 1.096217 0.044503 0.685363 0.138082 1.765212
51 0.602169 -0.032961 0.978876 1.225910 0.048542 0.410102 0.173049 1.462346
51 0.607648 -0.022747 0.976534 1.195850 0.047359 0.491016 0.135760 1.442248
Hand_White_A.dds
51 0.556277 0.002850 1.052005 1.052233 0.341691 0.670410 0.106768 1.934003
51 0.579253 -0.020413 1.022887 1.096217 0.044503 0.685363 0.138082 1.765212
51 0.578393 -0.002387 1.019408 1.089813 0.260867 0.646260 0.096774 1.755119
Hand_White_A.dds
51 0.600220 -0.055184 0.981055 1.142485 -0.052078 0.604492 0.255537 1.459860
51 0.607989 -0.053190 0.970775 1.078504 -0.515063 0.494908 0.245034 1.410054
51 0.608513 -0.044291 0.977181 1.188593 0.014687 0.510321 0.211357 1.448818
Hand_White_A.dds
51 0.607989 -0.053190 0.970775 1.078504 -0.515063 0.494908 0.245034 1.410054
51 0.600220 -0.055184 0.981055 1.142485 -0.052078 0.604492 0.255537 1.459860
58 0.605801 -0.060641 0.963378 1.269339 0.130622 -0.212392 0.271844 1.367044
Hand_White_A.dds
51 0.602169 -0.032961 0.978876 1.225910 0.048542 0.410102 0.173049 1.462346
61 0.600593 -0.035317 0.955006 1.235752 -0.118217 -0.363781 0.182496 1.348029
51 0.608316 -0.029731 0.968341 0.997030 -0.750364 0.340999 0.161258 1.394087
Hand_White_A.dds
61 0.600593 -0.035317 0.955006 1.235752 -0.118217 -0.363781 0.182496 1.348029
51 0.602169 -0.032961 0.978876 1.225910 0.048542 0.410102 0.173049 1.462346
51 0.609112 -0.038598 0.968213 1.107299 0.551768 0.377938 0.197512 1.405715
Hand_White_A.dds
51 0.607628 -0.015828 0.968034 1.091862 0.553252 0.418503 0.120138 1.402901
51 0.599329 -0.011487 0.982014 1.181251 0.126996 0.511775 0.115857 1.483787
51 0.607648 -0.022747 0.976534 1.195850 0.047359 0.491016 0.135760 1.442248
Hand_White_A.dds
51 0.599329 -0.011487 0.982014 1.181251 0.126996 0.511775 0.115857 1.483787
51 0.607628 -0.015828 0.968034 1.091862 0.553252 0.418503 0.120138 1.402901
51 0.601000 -0.011599 0.969388 1.287761 0.113240 0.047358 0.104588 1.410136
Hand_White_A.dds
51 0.608513 -0.044291 0.977181 1.188593 0.014687 0.510321 0.211357 1.448818
51 0.579253 -0.020413 1.022887 1.096217 0.044503 0.685363 0.138082 1.765212
51 0.600220 -0.055184 0.981055 1.142485 -0.052078 0.604492 0.255537 1.459860
Hand_White_A.dds
51 0.608513 -0.044291 0.977181 1.188593 0.014687 0.510321 0.211357 1.448818
51 0.609112 -0.038598 0.968213 1.107299 0.551768 0.377938 0.197512 1.405715
51 0.602169 -0.032961 0.978876 1.225910 0.048542 0.410102 0.173049 1.462346
Hand_White_A.dds
51 0.609112 -0.038598 0.968213 1.107299 0.551768 0.377938 0.197512 1.405715
51 0.608513 -0.044291 0.977181 1.188593 0.014687 0.510321 0.211357 1.448818
51 0.607989 -0.053190 0.970775 1.078504 -0.515063 0.494908 0.245034 1.410054
Hand_White_A.dds
51 0.607648 -0.022747 0.976534 1.195850 0.047359 0.491016 0.135760 1.442248
51 0.608316 -0.029731 0.968341 0.997030 -0.750364 0.340999 0.161258 1.394087
51 0.607628 -0.015828 0.968034 1.091862 0.553252 0.418503 0.120138 1.402901
Hand_White_A.dds
51 0.608316 -0.029731 0.968341 0.997030 -0.750364 0.340999 0.161258 1.394087
51 0.607648 -0.022747 0.976534 1.195850 0.047359 0.491016 0.135760 1.442248
51 0.602169 -0.032961 0.978876 1.225910 0.048542 0.410102 0.173049 1.462346
Hand_White_A.dds
51 0.607648 -0.022747 0.976534 1.195850 0.047359 0.491016 0.135760 1.442248
51 0.599329 -0.011487 0.982014 1.181251 0.126996 0.511775 0.115857 1.483787
51 0.579253 -0.020413 1.022887 1.096217 0.044503 0.685363 0.138082 1.765212
Hand_White_A.dds
51 0.578393 -0.002387 1.019408 1.089813 0.260867 0.646260 0.096774 1.755119
51 0.579253 -0.020413 1.022887 1.096217 0.044503 0.685363 0.138082 1.765212
51 0.599329 -0.011487 0.982014 1.181251 0.126996 0.511775 0.115857 1.483787
Hand_White_A.dds
62 0.625203 -0.032335 0.930859 1.085467 -0.662550 -0.237033 0.169798 1.258606
61 0.614852 -0.018812 0.957606 1.002378 0.751043 0.323371 0.127145 1.348838
61 0.616319 -0.029302 0.957544 0.950979 -0.667673 0.568548 0.157749 1.343539
Hand_White_A.dds
61 0.614852 -0.018812 0.957606 1.002378 0.751043 0.323371 0.127145 1.348838
62 0.625203 -0.032335 0.930859 1.085467 -0.662550 -0.237033 0.169798 1.258606
62 0.625138 -0.020758 0.930490 0.967648 0.771576 -0.376463 0.127576 1.245794
Hand_White_A.dds
61 0.614852 -0.018812 0.957606 1.002378 0.751043 0.323371 0.127145 1.348838
51 0.601000 -0.011599 0.969388 1.287761 0.113240 0.047358 0.104588 1.410136
51 0.607628 -0.015828 0.968034 1.091862 0.553252 0.418503 0.120138 1.402901
Hand_White_A.dds
51 0.601000 -0.011599 0.969388 1.287761 0.113240 0.047358 0.104588 1.410136
61 0.614852 -0.018812 0.957606 1.002378 0.751043 0.323371 0.127145 1.348838
61 0.604239 -0.015226 0.951689 0.221017 1.258984 -0.198759 0.113001 1.350260
Hand_White_A.dds
51 0.608316 -0.029731 0.968341 0.997030 -0.750364 0.340999 0.161258 1.394087
61 0.604579 -0.033450 0.953341 0.229564 -1.269189 0.099278 0.165398 1.347408
61 0.616319 -0.029302 0.957544 0.950979 -0.667673 0.568548 0.157749 1.343539
Hand_White_A.dds
61 0.604579 -0.033450 0.953341 0.229564 -1.269189 0.099278 0.165398 1.347408
51 0.608316 -0.029731 0.968341 0.997030 -0.750364 0.340999 0.161258 1.394087
61 0.600593 -0.035317 0.955006 1.235752 -0.118217 -0.363781 0.182496 1.348029
Hand_White_A.dds
62 0.625203 -0.032335 0.930859 1.085467 -0.662550 -0.237033 0.169798 1.258606
62 0.596395 -0.036123 0.913571 0.122974 -1.197696 -0.473071 0.195588 1.145483
62 0.598376 -0.030938 0.906054 0.159387 -0.527900 -1.170177 0.181802 1.136858
Hand_White_A.dds
62 0.596395 -0.036123 0.913571 0.122974 -1.197696 -0.473071 0.195588 1.145483
62 0.625203 -0.032335 0.930859 1.085467 -0.662550 -0.237033 0.169798 1.258606
62 0.616389 -0.036720 0.930149 0.164538 -1.278667 0.106457 0.183707 1.267606
Hand_White_A.dds
62 0.597846 -0.022921 0.906879 0.060273 0.833494 -0.987446 0.147098 1.128223
61 0.618777 -0.017369 0.931387 0.184939 1.246850 -0.290788 0.115031 1.216778
62 0.625138 -0.020758 0.930490 0.967648 0.771576 -0.376463 0.127576 1.245794
Hand_White_A.dds
61 0.618777 -0.017369 0.931387 0.184939 1.246850 -0.290788 0.115031 1.216778
62 0.597846 -0.022921 0.906879 0.060273 0.833494 -0.987446 0.147098 1.128223
63 0.594158 -0.018382 0.913918 -0.187098 1.272485 -0.138458 0.134105 1.124338
Hand_White_A.dds
61 0.616319 -0.029302 0.957544 0.950979 -0.667673 0.568548 0.157749 1.343539
51 0.607628 -0.015828 0.968034 1.091862 0.553252 0.418503 0.120138 1.402901
51 0.608316 -0.029731 0.968341 0.997030 -0.750364 0.340999 0.161258 1.394087
Hand_White_A.dds
51 0.607628 -0.015828 0.968034 1.091862 0.553252 0.418503 0.120138 1.402901
61 0.616319 -0.029302 0.957544 0.950979 -0.667673 0.568548 0.157749 1.343539
61 0.614852 -0.018812 0.957606 1.002378 0.751043 0.323371 0.127145 1.348838
Hand_White_A.dds
61 0.616319 -0.029302 0.957544 0.950979 -0.667673 0.568548 0.157749 1.343539
62 0.616389 -0.036720 0.930149 0.164538 -1.278667 0.106457 0.183707 1.267606
62 0.625203 -0.032335 0.930859 1.085467 -0.662550 -0.237033 0.169798 1.258606
Hand_White_A.dds
62 0.616389 -0.036720 0.930149 0.164538 -1.278667 0.106457 0.183707 1.267606
61 0.616319 -0.029302 0.957544 0.950979 -0.667673 0.568548 0.157749 1.343539
61 0.604579 -0.033450 0.953341 0.229564 -1.269189 0.099278 0.165398 1.347408
Hand_White_A.dds
62 0.625138 -0.020758 0.930490 0.967648 0.771576 -0.376463 0.127576 1.245794
62 0.598376 -0.030938 0.906054 0.159387 -0.527900 -1.170177 0.181802 1.136858
62 0.597846 -0.022921 0.906879 0.060273 0.833494 -0.987446 0.147098 1.128223
Hand_White_A.dds
62 0.598376 -0.030938 0.906054 0.159387 -0.527900 -1.170177 0.181802 1.136858
62 0.625138 -0.020758 0.930490 0.967648 0.771576 -0.376463 0.127576 1.245794
62 0.625203 -0.032335 0.930859 1.085467 -0.662550 -0.237033 0.169798 1.258606
Hand_White_A.dds
62 0.625138 -0.020758 0.930490 0.967648 0.771576 -0.376463 0.127576 1.245794
61 0.604239 -0.015226 0.951689 0.221017 1.258984 -0.198759 0.113001 1.350260
61 0.614852 -0.018812 0.957606 1.002378 0.751043 0.323371 0.127145 1.348838
Hand_White_A.dds
61 0.604239 -0.015226 0.951689 0.221017 1.258984 -0.198759 0.113001 1.350260
62 0.625138 -0.020758 0.930490 0.967648 0.771576 -0.376463 0.127576 1.245794
61 0.618777 -0.017369 0.931387 0.184939 1.246850 -0.290788 0.115031 1.216778
Hand_White_A.dds
58 0.626187 -0.058624 0.932838 1.001264 -0.813453 -0.095701 0.264736 1.230521
58 0.615447 -0.042315 0.961592 1.032903 0.674975 0.388478 0.209621 1.355485
58 0.613612 -0.051657 0.963583 1.017021 -0.409481 0.686577 0.250639 1.353962
Hand_White_A.dds
58 0.615447 -0.042315 0.961592 1.032903 0.674975 0.388478 0.209621 1.355485
58 0.626187 -0.058624 0.932838 1.001264 -0.813453 -0.095701 0.264736 1.230521
58 0.628144 -0.046875 0.931989 1.036052 0.589056 -0.502996 0.238406 1.215469
Hand_White_A.dds
58 0.615447 -0.042315 0.961592 1.032903 0.674975 0.388478 0.209621 1.355485
61 0.600593 -0.035317 0.955006 1.235752 -0.118217 -0.363781 0.182496 1.348029
51 0.609112 -0.038598 0.968213 1.107299 0.551768 0.377938 0.197512 1.405715
Hand_White_A.dds
61 0.600593 -0.035317 0.955006 1.235752 -0.118217 -0.363781 0.182496 1.348029
58 0.615447 -0.042315 0.961592 1.032903 0.674975 0.388478 0.209621 1.355485
58 0.604351 -0.037177 0.951227 0.198862 1.238311 -0.316916 0.188700 1.331665
Hand_White_A.dds
51 0.607989 -0.053190 0.970775 1.078504 -0.515063 0.494908 0.245034 1.410054
58 0.608680 -0.059077 0.957368 0.515531 -1.169681 0.198672 0.266216 1.354169
58 0.613612 -0.051657 0.963583 1.017021 -0.409481 0.686577 0.250639 1.353962
Hand_White_A.dds
58 0.608680 -0.059077 0.957368 0.515531 -1.169681 0.198672 0.266216 1.354169
51 0.607989 -0.053190 0.970775 1.078504 -0.515063 0.494908 0.245034 1.410054
58 0.605801 -0.060641 0.963378 1.269339 0.130622 -0.212392 0.271844 1.367044
Hand_White_A.dds
58 0.618836 -0.062922 0.932862 -0.002668 -1.281781 0.174432 0.277330 1.240070
59 0.592738 -0.061507 0.916577 -0.025508 -1.161478 -0.568958 0.293797 1.118366
58 0.626187 -0.058624 0.932838 1.001264 -0.813453 -0.095701 0.264736 1.230521
Hand_White_A.dds
59 0.597225 -0.056025 0.910011 0.005361 -0.587433 -1.152514 0.284388 1.120660
58 0.626187 -0.058624 0.932838 1.001264 -0.813453 -0.095701 0.264736 1.230521
59 0.592738 -0.061507 0.916577 -0.025508 -1.161478 -0.568958 0.293797 1.118366
Hand_White_A.dds
59 0.597780 -0.048237 0.909052 0.091680 0.546883 -1.168721 0.245622 1.108734
58 0.619370 -0.041993 0.929963 0.241118 1.206891 -0.398337 0.206573 1.212608
58 0.628144 -0.046875 0.931989 1.036052 0.589056 -0.502996 0.238406 1.215469
Hand_White_A.dds
58 0.619370 -0.041993 0.929963 0.241118 1.206891 -0.398337 0.206573 1.212608
59 0.597780 -0.048237 0.909052 0.091680 0.546883 -1.168721 0.245622 1.108734
59 0.594712 -0.041870 0.915035 -0.029602 1.265775 -0.265201 0.220868 1.097107
Hand_White_A.dds
58 0.613612 -0.051657 0.963583 1.017021 -0.409481 0.686577 0.250639 1.353962
51 0.609112 -0.038598 0.968213 1.107299 0.551768 0.377938 0.197512 1.405715
51 0.607989 -0.053190 0.970775 1.078504 -0.515063 0.494908 0.245034 1.410054
Hand_White_A.dds
51 0.609112 -0.038598 0.968213 1.107299 0.551768 0.377938 0.197512 1.405715
58 0.613612 -0.051657 0.963583 1.017021 -0.409481 0.686577 0.250639 1.353962
58 0.615447 -0.042315 0.961592 1.032903 0.674975 0.388478 0.209621 1.355485
Hand_White_A.dds
58 0.608680 -0.059077 0.957368 0.515531 -1.169681 0.198672 0.266216 1.354169
58 0.618836 -0.062922 0.932862 -0.002668 -1.281781 0.174432 0.277330 1.240070
58 0.626187 -0.058624 0.932838 1.001264 -0.813453 -0.095701 0.264736 1.230521
Hand_White_A.dds
58 0.626187 -0.058624 0.932838 1.001264 -0.813453 -0.095701 0.264736 1.230521
58 0.613612 -0.051657 0.963583 1.017021 -0.409481 0.686577 0.250639 1.353962
58 0.608680 -0.059077 0.957368 0.515531 -1.169681 0.198672 0.266216 1.354169
Hand_White_A.dds
58 0.628144 -0.046875 0.931989 1.036052 0.589056 -0.502996 0.238406 1.215469
59 0.597225 -0.056025 0.910011 0.005361 -0.587433 -1.152514 0.284388 1.120660
59 0.597780 -0.048237 0.909052 0.091680 0.546883 -1.168721 0.245622 1.108734
Hand_White_A.dds
59 0.597225 -0.056025 0.910011 0.005361 -0.587433 -1.152514 0.284388 1.120660
58 0.628144 -0.046875 0.931989 1.036052 0.589056 -0.502996 0.238406 1.215469
58 0.626187 -0.058624 0.932838 1.001264 -0.813453 -0.095701 0.264736 1.230521
Hand_White_A.dds
58 0.628144 -0.046875 0.931989 1.036052 0.589056 -0.502996 0.238406 1.215469
58 0.604351 -0.037177 0.951227 0.198862 1.238311 -0.316916 0.188700 1.331665
58 0.615447 -0.042315 0.961592 1.032903 0.674975 0.388478 0.209621 1.355485
Hand_White_A.dds
58 0.604351 -0.037177 0.951227 0.198862 1.238311 -0.316916 0.188700 1.331665
58 0.628144 -0.046875 0.931989 1.036052 0.589056 -0.502996 0.238406 1.215469
58 0.619370 -0.041993 0.929963 0.241118 1.206891 -0.398337 0.206573 1.212608
Hand_White_A.dds
55 0.582188 -0.076720 0.987379 0.081565 -1.242824 0.349471 0.310379 1.569563
52 0.551371 -0.074242 1.010766 0.220531 -1.182484 0.475914 0.319797 1.774856
51 0.561990 -0.075594 0.988905 0.112119 -1.279373 -0.155013 0.331719 1.633311
Hand_White_A.dds
51 0.553602 -0.053735 1.043341 0.401234 -0.955764 0.773900 0.247891 1.889168
52 0.551371 -0.074242 1.010766 0.220531 -1.182484 0.475914 0.319797 1.774856
51 0.571299 -0.058542 1.024114 0.716686 -0.750320 0.772513 0.251389 1.775744
Hand_White_A.dds
51 0.606588 -0.061697 0.972223 1.192082 0.254962 0.432816 0.276371 1.415302
51 0.600220 -0.055184 0.981055 1.142485 -0.052078 0.604492 0.255537 1.459860
51 0.602003 -0.066981 0.984124 1.089762 -0.189678 0.670698 0.295566 1.477866
Hand_White_A.dds
51 0.600220 -0.055184 0.981055 1.142485 -0.052078 0.604492 0.255537 1.459860
51 0.606588 -0.061697 0.972223 1.192082 0.254962 0.432816 0.276371 1.415302
58 0.605801 -0.060641 0.963378 1.269339 0.130622 -0.212392 0.271844 1.367044
Hand_White_A.dds
51 0.573775 -0.057349 0.970200 -0.830330 0.151277 -0.980338 0.707308 1.467182
55 0.583131 -0.078110 0.962367 -0.775169 -0.869367 -0.562769 0.672777 1.437940
51 0.571902 -0.076148 0.972412 -0.518187 -0.821620 -0.854293 0.686052 1.521716
Hand_White_A.dds
55 0.583131 -0.078110 0.962367 -0.775169 -0.869367 -0.562769 0.672777 1.437940
51 0.573775 -0.057349 0.970200 -0.830330 0.151277 -0.980338 0.707308 1.467182
55 0.592088 -0.063908 0.949623 -0.475221 0.361266 -1.147627 0.701194 1.370684
Hand_White_A.dds
51 0.602003 -0.066981 0.984124 1.089762 -0.189678 0.670698 0.295566 1.477866
51 0.601686 -0.076278 0.977509 0.770226 -0.841269 0.610257 0.320651 1.447581
51 0.606588 -0.061697 0.972223 1.192082 0.254962 0.432816 0.276371 1.415302
Hand_White_A.dds
51 0.602003 -0.066981 0.984124 1.089762 -0.189678 0.670698 0.295566 1.477866
51 0.571299 -0.058542 1.024114 0.716686 -0.750320 0.772513 0.251389 1.775744
51 0.595379 -0.072989 0.987133 0.622563 -0.871371 0.725619 0.309369 1.509617
Hand_White_A.dds
51 0.575969 -0.041100 1.024583 1.077166 -0.100294 0.709259 0.222489 1.789534
51 0.602003 -0.066981 0.984124 1.089762 -0.189678 0.670698 0.295566 1.477866
51 0.600220 -0.055184 0.981055 1.142485 -0.052078 0.604492 0.255537 1.459860
Hand_White_A.dds
55 0.618620 -0.085280 0.945517 1.052134 -0.720123 0.218703 0.350060 1.299315
55 0.610539 -0.068113 0.965566 1.194147 0.355162 0.348237 0.290355 1.374567
55 0.606694 -0.076329 0.969829 0.898323 -0.624960 0.689809 0.331235 1.388841
Hand_White_A.dds
55 0.610539 -0.068113 0.965566 1.194147 0.355162 0.348237 0.290355 1.374567
55 0.618620 -0.085280 0.945517 1.052134 -0.720123 0.218703 0.350060 1.299315
55 0.621234 -0.074831 0.946075 1.239425 0.328694 -0.170827 0.318225 1.273006
Hand_White_A.dds
55 0.610539 -0.068113 0.965566 1.194147 0.355162 0.348237 0.290355 1.374567
58 0.605801 -0.060641 0.963378 1.269339 0.130622 -0.212392 0.271844 1.367044
51 0.606588 -0.061697 0.972223 1.192082 0.254962 0.432816 0.276371 1.415302
Hand_White_A.dds
58 0.605801 -0.060641 0.963378 1.269339 0.130622 -0.212392 0.271844 1.367044
55 0.610539 -0.068113 0.965566 1.194147 0.355162 0.348237 0.290355 1.374567
55 0.606573 -0.065866 0.952899 0.550354 1.116548 -0.351888 0.272163 1.357799
Hand_White_A.dds
51 0.601686 -0.076278 0.977509 0.770226 -0.841269 0.610257 0.320651 1.447581
55 0.597632 -0.082798 0.965860 -0.039167 -1.267157 0.257245 0.360484 1.388027
55 0.606694 -0.076329 0.969829 0.898323 -0.624960 0.689809 0.331235 1.388841
Hand_White_A.dds
55 0.597632 -0.082798 0.965860 -0.039167 -1.267157 0.257245 0.360484 1.388027
51 0.601686 -0.076278 0.977509 0.770226 -0.841269 0.610257 0.320651 1.447581
55 0.593899 -0.081788 0.972154 -0.097746 -1.273220 0.206763 0.346212 1.461619
Hand_White_A.dds
55 0.618620 -0.085280 0.945517 1.052134 -0.720123 0.218703 0.350060 1.299315
56 0.599048 -0.094780 0.913909 0.309923 -1.208398 -0.342226 0.394423 1.177672
56 0.602668 -0.091502 0.912601 0.596604 -0.808596 -0.814636 0.377292 1.168551
Hand_White_A.dds
56 0.599048 -0.094780 0.913909 0.309923 -1.208398 -0.342226 0.394423 1.177672
55 0.618620 -0.085280 0.945517 1.052134 -0.720123 0.218703 0.350060 1.299315
55 0.611198 -0.090016 0.946239 -0.067319 -1.129208 0.627497 0.369298 1.319574
Hand_White_A.dds
56 0.606745 -0.083455 0.910257 0.796492 0.072479 -1.016731 0.345835 1.158508
56 0.615330 -0.072360 0.936701 0.410362 1.155715 -0.411486 0.308876 1.242780
55 0.621234 -0.074831 0.946075 1.239425 0.328694 -0.170827 0.318225 1.273006
Hand_White_A.dds
56 0.615330 -0.072360 0.936701 0.410362 1.155715 -0.411486 0.308876 1.242780
56 0.606745 -0.083455 0.910257 0.796492 0.072479 -1.016731 0.345835 1.158508
56 0.604480 -0.078352 0.910561 0.393591 1.045986 -0.651456 0.331339 1.136873
Hand_White_A.dds
55 0.606694 -0.076329 0.969829 0.898323 -0.624960 0.689809 0.331235 1.388841
51 0.606588 -0.061697 0.972223 1.192082 0.254962 0.432816 0.276371 1.415302
51 0.601686 -0.076278 0.977509 0.770226 -0.841269 0.610257 0.320651 1.447581
Hand_White_A.dds
51 0.606588 -0.061697 0.972223 1.192082 0.254962 0.432816 0.276371 1.415302
55 0.606694 -0.076329 0.969829 0.898323 -0.624960 0.689809 0.331235 1.388841
55 0.610539 -0.068113 0.965566 1.194147 0.355162 0.348237 0.290355 1.374567
Hand_White_A.dds
55 0.606694 -0.076329 0.969829 0.898323 -0.624960 0.689809 0.331235 1.388841
55 0.611198 -0.090016 0.946239 -0.067319 -1.129208 0.627497 0.369298 1.319574
55 0.618620 -0.085280 0.945517 1.052134 -0.720123 0.218703 0.350060 1.299315
Hand_White_A.dds
55 0.611198 -0.090016 0.946239 -0.067319 -1.129208 0.627497 0.369298 1.319574
55 0.606694 -0.076329 0.969829 0.898323 -0.624960 0.689809 0.331235 1.388841
55 0.597632 -0.082798 0.965860 -0.039167 -1.267157 0.257245 0.360484 1.388027
Hand_White_A.dds
55 0.621234 -0.074831 0.946075 1.239425 0.328694 -0.170827 0.318225 1.273006
56 0.602668 -0.091502 0.912601 0.596604 -0.808596 -0.814636 0.377292 1.168551
56 0.606745 -0.083455 0.910257 0.796492 0.072479 -1.016731 0.345835 1.158508
Hand_White_A.dds
56 0.602668 -0.091502 0.912601 0.596604 -0.808596 -0.814636 0.377292 1.168551
55 0.621234 -0.074831 0.946075 1.239425 0.328694 -0.170827 0.318225 1.273006
55 0.618620 -0.085280 0.945517 1.052134 -0.720123 0.218703 0.350060 1.299315
Hand_White_A.dds
55 0.621234 -0.074831 0.946075 1.239425 0.328694 -0.170827 0.318225 1.273006
55 0.606573 -0.065866 0.952899 0.550354 1.116548 -0.351888 0.272163 1.357799
55 0.610539 -0.068113 0.965566 1.194147 0.355162 0.348237 0.290355 1.374567
Hand_White_A.dds
55 0.606573 -0.065866 0.952899 0.550354 1.116548 -0.351888 0.272163 1.357799
55 0.621234 -0.074831 0.946075 1.239425 0.328694 -0.170827 0.318225 1.273006
56 0.615330 -0.072360 0.936701 0.410362 1.155715 -0.411486 0.308876 1.242780
Hand_White_A.dds
56 0.606014 -0.074226 0.938734 -1.009093 0.708858 -0.390700 0.678881 1.303991
55 0.592461 -0.079972 0.953759 -0.853571 -0.745719 -0.623470 0.670908 1.412980
55 0.596059 -0.067330 0.945808 -0.475563 0.619777 -1.031073 0.692072 1.360787
Hand_White_A.dds
55 0.592461 -0.079972 0.953759 -0.853571 -0.745719 -0.623470 0.670908 1.412980
56 0.606014 -0.074226 0.938734 -1.009093 0.708858 -0.390700 0.678881 1.303991
56 0.603536 -0.085078 0.941524 -0.901995 -0.210490 0.903047 0.649805 1.348070
Hand_White_A.dds
55 0.592461 -0.079972 0.953759 -0.853571 -0.745719 -0.623470 0.670908 1.412980
55 0.593899 -0.081788 0.972154 -0.097746 -1.273220 0.206763 0.644735 1.449462
55 0.583131 -0.078110 0.962367 -0.775169 -0.869367 -0.562769 0.672777 1.437940
Hand_White_A.dds
55 0.593899 -0.081788 0.972154 -0.097746 -1.273220 0.206763 0.644735 1.449462
55 0.592461 -0.079972 0.953759 -0.853571 -0.745719 -0.623470 0.670908 1.412980
55 0.597632 -0.082798 0.965860 -0.039167 -1.267157 0.257245 0.643393 1.429982
Hand_White_A.dds
55 0.592088 -0.063908 0.949623 -0.475221 0.361266 -1.147627 0.701194 1.370684
55 0.606573 -0.065866 0.952899 0.550354 1.116548 -0.351888 0.712044 1.341485
55 0.596059 -0.067330 0.945808 -0.475563 0.619777 -1.031073 0.692072 1.360787
Hand_White_A.dds
55 0.606573 -0.065866 0.952899 0.550354 1.116548 -0.351888 0.712044 1.341485
55 0.592088 -0.063908 0.949623 -0.475221 0.361266 -1.147627 0.701194 1.370684
58 0.605801 -0.060641 0.963378 1.269339 0.130622 -0.212392 0.717137 1.340381
Hand_White_A.dds
56 0.615330 -0.072360 0.936701 0.410362 1.155715 -0.411486 0.691179 1.293434
56 0.604480 -0.078352 0.910561 0.393591 1.045986 -0.651456 0.669769 1.204955
56 0.603989 -0.074116 0.938347 -0.417772 1.021759 0.674441 0.675850 1.291087
Hand_White_A.dds
56 0.603989 -0.074116 0.938347 -0.417772 1.021759 0.674441 0.675850 1.291087
56 0.606014 -0.074226 0.938734 -1.009093 0.708858 -0.390700 0.678881 1.303991
56 0.615330 -0.072360 0.936701 0.410362 1.155715 -0.411486 0.691179 1.293434
Hand_White_A.dds
56 0.599048 -0.094780 0.913909 0.309923 -1.208398 -0.342226 0.615124 1.225159
55 0.611198 -0.090016 0.946239 -0.067319 -1.129208 0.627497 0.628919 1.341940
56 0.593728 -0.086812 0.920814 -0.434894 -0.906678 -0.813755 0.632158 1.228670
Hand_White_A.dds
56 0.593728 -0.086812 0.920814 -0.434894 -0.906678 -0.813755 0.632158 1.228670
57 0.596651 -0.086517 0.923126 0.244921 -0.787714 0.996452 0.630657 1.218974
56 0.599048 -0.094780 0.913909 0.309923 -1.208398 -0.342226 0.615124 1.225159
Hand_White_A.dds
55 0.596059 -0.067330 0.945808 -0.475563 0.619777 -1.031073 0.692072 1.360787
55 0.592461 -0.079972 0.953759 -0.853571 -0.745719 -0.623470 0.670908 1.412980
55 0.592088 -0.063908 0.949623 -0.475221 0.361266 -1.147627 0.701194 1.370684
Hand_White_A.dds
55 0.583131 -0.078110 0.962367 -0.775169 -0.869367 -0.562769 0.672777 1.437940
55 0.592088 -0.063908 0.949623 -0.475221 0.361266 -1.147627 0.701194 1.370684
55 0.592461 -0.079972 0.953759 -0.853571 -0.745719 -0.623470 0.670908 1.412980
Hand_White_A.dds
55 0.596059 -0.067330 0.945808 -0.475563 0.619777 -1.031073 0.692072 1.360787
56 0.615330 -0.072360 0.936701 0.410362 1.155715 -0.411486 0.691179 1.293434
56 0.606014 -0.074226 0.938734 -1.009093 0.708858 -0.390700 0.678881 1.303991
Hand_White_A.dds
56 0.615330 -0.072360 0.936701 0.410362 1.155715 -0.411486 0.691179 1.293434
55 0.596059 -0.067330 0.945808 -0.475563 0.619777 -1.031073 0.692072 1.360787
55 0.606573 -0.065866 0.952899 0.550354 1.116548 -0.351888 0.712044 1.341485
Hand_White_A.dds
56 0.593728 -0.086812 0.920814 -0.434894 -0.906678 -0.813755 0.632158 1.228670
57 0.598694 -0.078577 0.920205 0.911218 0.778810 0.486345 0.653307 1.206268
57 0.596651 -0.086517 0.923126 0.244921 -0.787714 0.996452 0.630657 1.218974
Hand_White_A.dds
56 0.603989 -0.074116 0.938347 -0.417772 1.021759 0.674441 0.675850 1.291087
56 0.603536 -0.085078 0.941524 -0.901995 -0.210490 0.903047 0.649805 1.348070
56 0.606014 -0.074226 0.938734 -1.009093 0.708858 -0.390700 0.678881 1.303991
Hand_White_A.dds
56 0.603536 -0.085078 0.941524 -0.901995 -0.210490 0.903047 0.649805 1.348070
55 0.597632 -0.082798 0.965860 -0.039167 -1.267157 0.257245 0.643393 1.429982
55 0.592461 -0.079972 0.953759 -0.853571 -0.745719 -0.623470 0.670908 1.412980
Hand_White_A.dds
55 0.597632 -0.082798 0.965860 -0.039167 -1.267157 0.257245 0.643393 1.429982
56 0.603536 -0.085078 0.941524 -0.901995 -0.210490 0.903047 0.649805 1.348070
55 0.611198 -0.090016 0.946239 -0.067319 -1.129208 0.627497 0.628919 1.341940
Hand_White_A.dds
52 0.531616 -0.040450 0.997012 -0.574810 0.593863 -0.995146 0.749023 1.768509
52 0.516138 -0.057417 1.009323 -1.247012 0.294460 -0.177902 0.706486 1.846921
52 0.528756 -0.032482 1.006029 -0.937787 0.737203 -0.500482 0.778167 1.772573
Hand_White_A.dds
51 0.552810 -0.040168 0.995374 -0.526284 0.492742 -1.074070 0.777705 1.663933
51 0.576638 -0.036634 0.969879 -0.991252 -0.060450 -0.828951 0.786507 1.476472
51 0.573775 -0.057349 0.970200 -0.830330 0.151277 -0.980338 0.707308 1.467182
Hand_White_A.dds
52 0.528756 -0.032482 1.006029 -0.937787 0.737203 -0.500482 0.778167 1.772573
52 0.519241 -0.048348 1.023096 -1.245247 0.239706 0.255531 0.758499 1.888890
51 0.529096 -0.025188 1.023620 -1.173431 0.296099 -0.456926 0.811872 1.816253
Hand_White_A.dds
51 0.573775 -0.057349 0.970200 -0.830330 0.151277 -0.980338 0.707308 1.467182
58 0.595166 -0.040264 0.946980 -0.593434 0.335735 -1.099324 0.794543 1.326585
58 0.592422 -0.059599 0.949974 -0.509433 -0.513302 -1.072565 0.724850 1.346712
Hand_White_A.dds
58 0.595166 -0.040264 0.946980 -0.593434 0.335735 -1.099324 0.794543 1.326585
51 0.573775 -0.057349 0.970200 -0.830330 0.151277 -0.980338 0.707308 1.467182
51 0.576638 -0.036634 0.969879 -0.991252 -0.060450 -0.828951 0.786507 1.476472
Hand_White_A.dds
51 0.538375 -0.008827 1.003303 -1.028692 -0.116477 -0.775642 0.857830 1.701395
51 0.576638 -0.036634 0.969879 -0.991252 -0.060450 -0.828951 0.786507 1.476472
51 0.548124 -0.025441 1.001625 -0.789005 0.302409 -0.979498 0.811027 1.665222
Hand_White_A.dds
51 0.576638 -0.036634 0.969879 -0.991252 -0.060450 -0.828951 0.786507 1.476472
51 0.538375 -0.008827 1.003303 -1.028692 -0.116477 -0.775642 0.857830 1.701395
51 0.577186 -0.017199 0.970205 -0.959734 0.030549 -0.866817 0.866160 1.518050
Hand_White_A.dds
61 0.600593 -0.035317 0.955006 1.235752 -0.118217 -0.363781 0.804535 1.328178
58 0.595166 -0.040264 0.946980 -0.593434 0.335735 -1.099324 0.794543 1.326585
61 0.595427 -0.035801 0.944552 -0.448806 -0.476002 -1.115971 0.819593 1.329971
Hand_White_A.dds
52 0.524622 -0.040486 1.033528 -1.231114 -0.260189 -0.300094 0.813456 1.925211
51 0.529096 -0.025188 1.023620 -1.173431 0.296099 -0.456926 0.811872 1.816253
52 0.519241 -0.048348 1.023096 -1.245247 0.239706 0.255531 0.758499 1.888890
Hand_White_A.dds
61 0.594810 -0.017463 0.944881 -0.482589 0.651071 -1.008271 0.891784 1.392150
51 0.577186 -0.017199 0.970205 -0.959734 0.030549 -0.866817 0.866160 1.518050
64 0.595004 -0.013229 0.947575 -0.361298 0.069831 -1.240154 0.906818 1.420637
Hand_White_A.dds
51 0.529096 -0.025188 1.023620 -1.173431 0.296099 -0.456926 0.811872 1.816253
51 0.525716 -0.006279 1.028445 -1.071394 -0.044646 -0.723545 0.912031 1.837202
51 0.538375 -0.008827 1.003303 -1.028692 -0.116477 -0.775642 0.857830 1.701395
Hand_White_A.dds
51 0.525716 -0.006279 1.028445 -1.071394 -0.044646 -0.723545 0.912031 1.837202
51 0.529096 -0.025188 1.023620 -1.173431 0.296099 -0.456926 0.811872 1.816253
52 0.524622 -0.040486 1.033528 -1.231114 -0.260189 -0.300094 0.813456 1.925211
Hand_White_A.dds
58 0.599630 -0.057177 0.943348 -0.685935 -0.708436 -0.837261 0.732882 1.310650
59 0.614547 -0.046692 0.930869 -0.505685 -0.201124 -1.173553 0.757661 1.240239
59 0.613404 -0.057483 0.932480 1.258364 0.135648 0.267421 0.735959 1.244206
Hand_White_A.dds
59 0.614547 -0.046692 0.930869 -0.505685 -0.201124 -1.173553 0.757661 1.240239
58 0.599630 -0.057177 0.943348 -0.685935 -0.708436 -0.837261 0.732882 1.310650
58 0.601248 -0.043893 0.941127 -0.704066 0.471359 -0.977500 0.775623 1.296509
Hand_White_A.dds
59 0.611918 -0.045786 0.933758 0.395579 0.501453 1.124925 0.754734 1.219310
59 0.594712 -0.041870 0.915035 -0.029602 1.265775 -0.265201 0.775657 1.123752
59 0.592303 -0.044771 0.922739 -1.144659 0.207375 0.565815 0.740879 1.138851
Hand_White_A.dds
59 0.611918 -0.045786 0.933758 0.395579 0.501453 1.124925 0.754734 1.219310
59 0.614547 -0.046692 0.930869 -0.505685 -0.201124 -1.173553 0.757661 1.240239
58 0.619370 -0.041993 0.929963 0.241118 1.206891 -0.398337 0.780514 1.237550
Hand_White_A.dds
59 0.592738 -0.061507 0.916577 -0.025508 -1.161478 -0.568958 0.697951 1.132998
58 0.618836 -0.062922 0.932862 -0.002668 -1.281781 0.174432 0.709246 1.246790
59 0.591288 -0.055781 0.924324 -1.079759 -0.565331 -0.433494 0.717381 1.146728
Hand_White_A.dds
59 0.591288 -0.055781 0.924324 -1.079759 -0.565331 -0.433494 0.717381 1.146728
60 0.594723 -0.056189 0.923860 0.458423 -1.087060 0.530606 0.715710 1.136524
59 0.592738 -0.061507 0.916577 -0.025508 -1.161478 -0.568958 0.697951 1.132998
Hand_White_A.dds
58 0.605801 -0.060641 0.963378 1.269339 0.130622 -0.212392 0.717137 1.340381
58 0.592422 -0.059599 0.949974 -0.509433 -0.513302 -1.072565 0.724850 1.346712
58 0.608680 -0.059077 0.957368 0.515531 -1.169681 0.198672 0.719923 1.316925
Hand_White_A.dds
58 0.595166 -0.040264 0.946980 -0.593434 0.335735 -1.099324 0.794543 1.326585
58 0.604351 -0.037177 0.951227 0.198862 1.238311 -0.316916 0.795908 1.292313
58 0.601248 -0.043893 0.941127 -0.704066 0.471359 -0.977500 0.775623 1.296509
Hand_White_A.dds
58 0.604351 -0.037177 0.951227 0.198862 1.238311 -0.316916 0.795908 1.292313
58 0.595166 -0.040264 0.946980 -0.593434 0.335735 -1.099324 0.794543 1.326585
61 0.600593 -0.035317 0.955006 1.235752 -0.118217 -0.363781 0.804535 1.328178
Hand_White_A.dds
59 0.591288 -0.055781 0.924324 -1.079759 -0.565331 -0.433494 0.717381 1.146728
60 0.595968 -0.045181 0.922345 1.093943 0.690155 -0.019233 0.739431 1.128869
60 0.594723 -0.056189 0.923860 0.458423 -1.087060 0.530606 0.715710 1.136524
Hand_White_A.dds
59 0.610954 -0.056622 0.935441 0.039767 0.132758 1.286153 0.732931 1.224654
59 0.613404 -0.057483 0.932480 1.258364 0.135648 0.267421 0.735959 1.244206
59 0.611918 -0.045786 0.933758 0.395579 0.501453 1.124925 0.754734 1.219310
Hand_White_A.dds
58 0.618836 -0.062922 0.932862 -0.002668 -1.281781 0.174432 0.709246 1.246790
58 0.608680 -0.059077 0.957368 0.515531 -1.169681 0.198672 0.719923 1.316925
58 0.599630 -0.057177 0.943348 -0.685935 -0.708436 -0.837261 0.732882 1.310650
Hand_White_A.dds
58 0.599630 -0.057177 0.943348 -0.685935 -0.708436 -0.837261 0.732882 1.310650
59 0.613404 -0.057483 0.932480 1.258364 0.135648 0.267421 0.735959 1.244206
58 0.618836 -0.062922 0.932862 -0.002668 -1.281781 0.174432 0.709246 1.246790
Hand_White_A.dds
58 0.601248 -0.043893 0.941127 -0.704066 0.471359 -0.977500 0.775623 1.296509
58 0.592422 -0.059599 0.949974 -0.509433 -0.513302 -1.072565 0.724850 1.346712
58 0.595166 -0.040264 0.946980 -0.593434 0.335735 -1.099324 0.794543 1.326585
Hand_White_A.dds
58 0.592422 -0.059599 0.949974 -0.509433 -0.513302 -1.072565 0.724850 1.346712
58 0.601248 -0.043893 0.941127 -0.704066 0.471359 -0.977500 0.775623 1.296509
58 0.599630 -0.057177 0.943348 -0.685935 -0.708436 -0.837261 0.732882 1.310650
Hand_White_A.dds
58 0.601248 -0.043893 0.941127 -0.704066 0.471359 -0.977500 0.775623 1.296509
58 0.619370 -0.041993 0.929963 0.241118 1.206891 -0.398337 0.780514 1.237550
59 0.614547 -0.046692 0.930869 -0.505685 -0.201124 -1.173553 0.757661 1.240239
Hand_White_A.dds
58 0.619370 -0.041993 0.929963 0.241118 1.206891 -0.398337 0.780514 1.237550
58 0.601248 -0.043893 0.941127 -0.704066 0.471359 -0.977500 0.775623 1.296509
58 0.604351 -0.037177 0.951227 0.198862 1.238311 -0.316916 0.795908 1.292313
Hand_White_A.dds
61 0.611459 -0.021606 0.931088 -0.398108 -0.026757 -1.230524 0.851896 1.261245
61 0.600642 -0.033995 0.941223 -0.464667 -0.908776 -0.794737 0.822696 1.314717
61 0.599753 -0.019799 0.942728 -0.555486 0.653616 -0.968306 0.873907 1.361089
Hand_White_A.dds
61 0.600642 -0.033995 0.941223 -0.464667 -0.908776 -0.794737 0.822696 1.314717
61 0.611459 -0.021606 0.931088 -0.398108 -0.026757 -1.230524 0.851896 1.261245
61 0.610761 -0.034570 0.928885 0.978839 -0.834184 -0.139306 0.821728 1.269577
Hand_White_A.dds
61 0.600642 -0.033995 0.941223 -0.464667 -0.908776 -0.794737 0.822696 1.314717
61 0.600593 -0.035317 0.955006 1.235752 -0.118217 -0.363781 0.804535 1.328178
61 0.595427 -0.035801 0.944552 -0.448806 -0.476002 -1.115971 0.819593 1.329971
Hand_White_A.dds
61 0.600593 -0.035317 0.955006 1.235752 -0.118217 -0.363781 0.804535 1.328178
61 0.600642 -0.033995 0.941223 -0.464667 -0.908776 -0.794737 0.822696 1.314717
61 0.604579 -0.033450 0.953341 0.229564 -1.269189 0.099278 0.803884 1.304775
Hand_White_A.dds
61 0.594810 -0.017463 0.944881 -0.482589 0.651071 -1.008271 0.891784 1.392150
61 0.604239 -0.015226 0.951689 0.221017 1.258984 -0.198759 0.894052 1.318139
61 0.599753 -0.019799 0.942728 -0.555486 0.653616 -0.968306 0.873907 1.361089
Hand_White_A.dds
61 0.604239 -0.015226 0.951689 0.221017 1.258984 -0.198759 0.894052 1.318139
61 0.594810 -0.017463 0.944881 -0.482589 0.651071 -1.008271 0.891784 1.392150
51 0.601000 -0.011599 0.969388 1.287761 0.113240 0.047358 0.898632 1.373499
Hand_White_A.dds
61 0.618777 -0.017369 0.931387 0.184939 1.246850 -0.290788 0.898550 1.255362
63 0.594158 -0.018382 0.913918 -0.187098 1.272485 -0.138458 0.874923 1.167104
62 0.609909 -0.021318 0.936020 0.550571 0.402840 1.099084 0.851054 1.244785
Hand_White_A.dds
62 0.609909 -0.021318 0.936020 0.550571 0.402840 1.099084 0.851054 1.244785
61 0.611459 -0.021606 0.931088 -0.398108 -0.026757 -1.230524 0.851896 1.261245
61 0.618777 -0.017369 0.931387 0.184939 1.246850 -0.290788 0.898550 1.255362
Hand_White_A.dds
62 0.609247 -0.033629 0.936429 -0.137743 0.058922 1.284893 0.821136 1.250819
62 0.616389 -0.036720 0.930149 0.164538 -1.278667 0.106457 0.799509 1.288425
61 0.610761 -0.034570 0.928885 0.978839 -0.834184 -0.139306 0.821728 1.269577
Hand_White_A.dds
62 0.591913 -0.032180 0.921585 -0.779746 -0.673860 -0.781860 0.819552 1.169602
63 0.596201 -0.032286 0.921553 0.444487 -1.120162 0.470175 0.819251 1.160472
62 0.596395 -0.036123 0.913571 0.122974 -1.197696 -0.473071 0.798004 1.160493
Hand_White_A.dds
61 0.599753 -0.019799 0.942728 -0.555486 0.653616 -0.968306 0.873907 1.361089
61 0.595427 -0.035801 0.944552 -0.448806 -0.476002 -1.115971 0.819593 1.329971
61 0.594810 -0.017463 0.944881 -0.482589 0.651071 -1.008271 0.891784 1.392150
Hand_White_A.dds
61 0.595427 -0.035801 0.944552 -0.448806 -0.476002 -1.115971 0.819593 1.329971
61 0.599753 -0.019799 0.942728 -0.555486 0.653616 -0.968306 0.873907 1.361089
61 0.600642 -0.033995 0.941223 -0.464667 -0.908776 -0.794737 0.822696 1.314717
Hand_White_A.dds
61 0.599753 -0.019799 0.942728 -0.555486 0.653616 -0.968306 0.873907 1.361089
61 0.618777 -0.017369 0.931387 0.184939 1.246850 -0.290788 0.898550 1.255362
61 0.611459 -0.021606 0.931088 -0.398108 -0.026757 -1.230524 0.851896 1.261245
Hand_White_A.dds
61 0.618777 -0.017369 0.931387 0.184939 1.246850 -0.290788 0.898550 1.255362
61 0.599753 -0.019799 0.942728 -0.555486 0.653616 -0.968306 0.873907 1.361089
61 0.604239 -0.015226 0.951689 0.221017 1.258984 -0.198759 0.894052 1.318139
Hand_White_A.dds
62 0.592489 -0.022724 0.920930 -1.265501 0.041436 0.264926 0.847642 1.163259
62 0.591913 -0.032180 0.921585 -0.779746 -0.673860 -0.781860 0.819552 1.169602
62 0.609247 -0.033629 0.936429 -0.137743 0.058922 1.284893 0.821136 1.250819
Hand_White_A.dds
62 0.609909 -0.021318 0.936020 0.550571 0.402840 1.099084 0.851054 1.244785
61 0.610761 -0.034570 0.928885 0.978839 -0.834184 -0.139306 0.821728 1.269577
61 0.611459 -0.021606 0.931088 -0.398108 -0.026757 -1.230524 0.851896 1.261245
Hand_White_A.dds
61 0.610761 -0.034570 0.928885 0.978839 -0.834184 -0.139306 0.821728 1.269577
61 0.604579 -0.033450 0.953341 0.229564 -1.269189 0.099278 0.803884 1.304775
61 0.600642 -0.033995 0.941223 -0.464667 -0.908776 -0.794737 0.822696 1.314717
Hand_White_A.dds
61 0.604579 -0.033450 0.953341 0.229564 -1.269189 0.099278 0.803884 1.304775
61 0.610761 -0.034570 0.928885 0.978839 -0.834184 -0.139306 0.821728 1.269577
62 0.616389 -0.036720 0.930149 0.164538 -1.278667 0.106457 0.799509 1.288425
Hand_White_A.dds
52 0.540286 -0.068340 1.022493 -0.084212 -1.090801 0.690259 0.372250 1.874444
52 0.517520 -0.067592 1.013379 -0.928984 -0.725623 0.532781 0.554892 1.857627
52 0.537568 -0.074921 1.012221 -0.165323 -1.092347 0.672935 0.407798 1.844049
Hand_White_A.dds
52 0.517520 -0.067592 1.013379 -0.928984 -0.725623 0.532781 0.554892 1.857627
52 0.540286 -0.068340 1.022493 -0.084212 -1.090801 0.690259 0.372250 1.874444
52 0.520846 -0.061251 1.023997 -0.948589 -0.578381 0.662608 0.558230 1.894657
Hand_White_A.dds
52 0.517520 -0.067592 1.013379 -0.928984 -0.725623 0.532781 0.554892 1.857627
52 0.515967 -0.066844 0.999285 -1.279763 0.077385 -0.172089 0.616031 1.823345
52 0.518565 -0.072279 1.005902 -0.875516 -0.875566 0.374501 0.546729 1.834774
Hand_White_A.dds
52 0.515967 -0.066844 0.999285 -1.279763 0.077385 -0.172089 0.616031 1.823345
52 0.517520 -0.067592 1.013379 -0.928984 -0.725623 0.532781 0.554892 1.857627
52 0.516138 -0.057417 1.009323 -1.247012 0.294460 -0.177902 0.706486 1.846921
Hand_White_A.dds
52 0.535036 -0.079427 1.004020 -0.074429 -1.200910 0.475048 0.431206 1.815650
52 0.551371 -0.074242 1.010766 0.220531 -1.182484 0.475914 0.319797 1.774856
52 0.537568 -0.074921 1.012221 -0.165323 -1.092347 0.672935 0.407798 1.844049
Hand_White_A.dds
52 0.551371 -0.074242 1.010766 0.220531 -1.182484 0.475914 0.319797 1.774856
52 0.535036 -0.079427 1.004020 -0.074429 -1.200910 0.475048 0.431206 1.815650
52 0.543756 -0.078197 0.999018 0.365227 -1.229214 0.170404 0.373700 1.752251
Hand_White_A.dds
52 0.540286 -0.068340 1.022493 -0.084212 -1.090801 0.690259 0.372250 1.874444
51 0.553602 -0.053735 1.043341 0.401234 -0.955764 0.773900 0.247891 1.889168
51 0.541499 -0.052997 1.049175 -0.065168 -1.018726 0.794572 0.268387 1.941882
Hand_White_A.dds
51 0.553602 -0.053735 1.043341 0.401234 -0.955764 0.773900 0.247891 1.889168
52 0.540286 -0.068340 1.022493 -0.084212 -1.090801 0.690259 0.372250 1.874444
52 0.551371 -0.074242 1.010766 0.220531 -1.182484 0.475914 0.319797 1.774856
Hand_White_A.dds
52 0.527887 -0.049394 1.040357 -0.936126 -0.767919 0.455374 0.561100 1.953192
52 0.519241 -0.048348 1.023096 -1.245247 0.239706 0.255531 0.758499 1.888890
52 0.520846 -0.061251 1.023997 -0.948589 -0.578381 0.662608 0.558230 1.894657
Hand_White_A.dds
52 0.519241 -0.048348 1.023096 -1.245247 0.239706 0.255531 0.758499 1.888890
52 0.527887 -0.049394 1.040357 -0.936126 -0.767919 0.455374 0.561100 1.953192
52 0.524622 -0.040486 1.033528 -1.231114 -0.260189 -0.300094 0.813456 1.925211
Hand_White_A.dds
52 0.537568 -0.074921 1.012221 -0.165323 -1.092347 0.672935 0.407798 1.844049
52 0.518565 -0.072279 1.005902 -0.875516 -0.875566 0.374501 0.546729 1.834774
52 0.535036 -0.079427 1.004020 -0.074429 -1.200910 0.475048 0.431206 1.815650
Hand_White_A.dds
52 0.518565 -0.072279 1.005902 -0.875516 -0.875566 0.374501 0.546729 1.834774
52 0.537568 -0.074921 1.012221 -0.165323 -1.092347 0.672935 0.407798 1.844049
52 0.517520 -0.067592 1.013379 -0.928984 -0.725623 0.532781 0.554892 1.857627
Hand_White_A.dds
52 0.537568 -0.074921 1.012221 -0.165323 -1.092347 0.672935 0.407798 1.844049
52 0.551371 -0.074242 1.010766 0.220531 -1.182484 0.475914 0.319797 1.774856
52 0.540286 -0.068340 1.022493 -0.084212 -1.090801 0.690259 0.372250 1.874444
Hand_White_A.dds
52 0.520846 -0.061251 1.023997 -0.948589 -0.578381 0.662608 0.558230 1.894657
51 0.541499 -0.052997 1.049175 -0.065168 -1.018726 0.794572 0.268387 1.941882
52 0.527887 -0.049394 1.040357 -0.936126 -0.767919 0.455374 0.561100 1.953192
Hand_White_A.dds
51 0.541499 -0.052997 1.049175 -0.065168 -1.018726 0.794572 0.268387 1.941882
52 0.520846 -0.061251 1.023997 -0.948589 -0.578381 0.662608 0.558230 1.894657
52 0.540286 -0.068340 1.022493 -0.084212 -1.090801 0.690259 0.372250 1.874444
Hand_White_A.dds
52 0.520846 -0.061251 1.023997 -0.948589 -0.578381 0.662608 0.558230 1.894657
52 0.516138 -0.057417 1.009323 -1.247012 0.294460 -0.177902 0.706486 1.846921
52 0.517520 -0.067592 1.013379 -0.928984 -0.725623 0.532781 0.554892 1.857627
Hand_White_A.dds
52 0.516138 -0.057417 1.009323 -1.247012 0.294460 -0.177902 0.706486 1.846921
52 0.520846 -0.061251 1.023997 -0.948589 -0.578381 0.662608 0.558230 1.894657
52 0.519241 -0.048348 1.023096 -1.245247 0.239706 0.255531 0.758499 1.888890
Hand_White_A.dds
52 0.533054 -0.083943 0.990098 0.074168 -1.287799 0.097312 0.447061 1.752878
53 0.524962 -0.080822 0.975177 -0.689633 -1.077935 -0.189364 0.519270 1.658778
53 0.533324 -0.082842 0.975787 0.141660 -1.269342 -0.205179 0.447384 1.663453
Hand_White_A.dds
53 0.524962 -0.080822 0.975177 -0.689633 -1.077935 -0.189364 0.519270 1.658778
52 0.533054 -0.083943 0.990098 0.074168 -1.287799 0.097312 0.447061 1.752878
52 0.521273 -0.079978 0.989701 -0.806274 -1.006034 0.105899 0.526140 1.750096
Hand_White_A.dds
53 0.524962 -0.080822 0.975177 -0.689633 -1.077935 -0.189364 0.519270 1.658778
54 0.521729 -0.070882 0.953625 -1.285902 0.035133 -0.136444 0.558439 1.526448
54 0.525575 -0.075198 0.951300 -0.622576 -0.930775 -0.647651 0.525123 1.504192
Hand_White_A.dds
54 0.521729 -0.070882 0.953625 -1.285902 0.035133 -0.136444 0.558439 1.526448
53 0.524962 -0.080822 0.975177 -0.689633 -1.077935 -0.189364 0.519270 1.658778
53 0.519987 -0.074389 0.972980 -1.270059 -0.025057 -0.244370 0.573352 1.656718
Hand_White_A.dds
54 0.534941 -0.077288 0.951154 0.267324 -1.123119 -0.583556 0.451891 1.509051
53 0.540361 -0.078701 0.971395 0.963916 -0.828500 -0.240520 0.403480 1.561813
53 0.533324 -0.082842 0.975787 0.141660 -1.269342 -0.205179 0.447384 1.663453
Hand_White_A.dds
53 0.540361 -0.078701 0.971395 0.963916 -0.828500 -0.240520 0.403480 1.561813
54 0.534941 -0.077288 0.951154 0.267324 -1.123119 -0.583556 0.451891 1.509051
54 0.539760 -0.075378 0.954269 1.141344 -0.601254 -0.096032 0.422042 1.453184
Hand_White_A.dds
52 0.533054 -0.083943 0.990098 0.074168 -1.287799 0.097312 0.447061 1.752878
52 0.543756 -0.078197 0.999018 0.365227 -1.229214 0.170404 0.373700 1.752251
52 0.535036 -0.079427 1.004020 -0.074429 -1.200910 0.475048 0.431206 1.815650
Hand_White_A.dds
52 0.543756 -0.078197 0.999018 0.365227 -1.229214 0.170404 0.373700 1.752251
52 0.533054 -0.083943 0.990098 0.074168 -1.287799 0.097312 0.447061 1.752878
53 0.540079 -0.079993 0.979505 0.670025 -1.082150 -0.231114 0.400042 1.686871
Hand_White_A.dds
52 0.518565 -0.072279 1.005902 -0.875516 -0.875566 0.374501 0.546729 1.834774
53 0.517863 -0.073593 0.984966 -1.278584 0.071663 -0.182982 0.599468 1.786530
52 0.521273 -0.079978 0.989701 -0.806274 -1.006034 0.105899 0.526140 1.750096
Hand_White_A.dds
53 0.517863 -0.073593 0.984966 -1.278584 0.071663 -0.182982 0.599468 1.786530
52 0.518565 -0.072279 1.005902 -0.875516 -0.875566 0.374501 0.546729 1.834774
52 0.515967 -0.066844 0.999285 -1.279763 0.077385 -0.172089 0.616031 1.823345
Hand_White_A.dds
53 0.533324 -0.082842 0.975787 0.141660 -1.269342 -0.205179 0.447384 1.663453
54 0.525575 -0.075198 0.951300 -0.622576 -0.930775 -0.647651 0.525123 1.504192
54 0.534941 -0.077288 0.951154 0.267324 -1.123119 -0.583556 0.451891 1.509051
Hand_White_A.dds
54 0.525575 -0.075198 0.951300 -0.622576 -0.930775 -0.647651 0.525123 1.504192
53 0.533324 -0.082842 0.975787 0.141660 -1.269342 -0.205179 0.447384 1.663453
53 0.524962 -0.080822 0.975177 -0.689633 -1.077935 -0.189364 0.519270 1.658778
Hand_White_A.dds
53 0.533324 -0.082842 0.975787 0.141660 -1.269342 -0.205179 0.447384 1.663453
53 0.540079 -0.079993 0.979505 0.670025 -1.082150 -0.231114 0.400042 1.686871
52 0.533054 -0.083943 0.990098 0.074168 -1.287799 0.097312 0.447061 1.752878
Hand_White_A.dds
53 0.540079 -0.079993 0.979505 0.670025 -1.082150 -0.231114 0.400042 1.686871
53 0.533324 -0.082842 0.975787 0.141660 -1.269342 -0.205179 0.447384 1.663453
53 0.540361 -0.078701 0.971395 0.963916 -0.828500 -0.240520 0.403480 1.561813
Hand_White_A.dds
52 0.521273 -0.079978 0.989701 -0.806274 -1.006034 0.105899 0.526140 1.750096
52 0.535036 -0.079427 1.004020 -0.074429 -1.200910 0.475048 0.431206 1.815650
52 0.518565 -0.072279 1.005902 -0.875516 -0.875566 0.374501 0.546729 1.834774
Hand_White_A.dds
52 0.535036 -0.079427 1.004020 -0.074429 -1.200910 0.475048 0.431206 1.815650
52 0.521273 -0.079978 0.989701 -0.806274 -1.006034 0.105899 0.526140 1.750096
52 0.533054 -0.083943 0.990098 0.074168 -1.287799 0.097312 0.447061 1.752878
Hand_White_A.dds
52 0.521273 -0.079978 0.989701 -0.806274 -1.006034 0.105899 0.526140 1.750096
53 0.519987 -0.074389 0.972980 -1.270059 -0.025057 -0.244370 0.573352 1.656718
53 0.524962 -0.080822 0.975177 -0.689633 -1.077935 -0.189364 0.519270 1.658778
Hand_White_A.dds
53 0.519987 -0.074389 0.972980 -1.270059 -0.025057 -0.244370 0.573352 1.656718
52 0.521273 -0.079978 0.989701 -0.806274 -1.006034 0.105899 0.526140 1.750096
53 0.517863 -0.073593 0.984966 -1.278584 0.071663 -0.182982 0.599468 1.786530
Hand_White_A.dds
53 0.523902 -0.065339 0.981208 -0.666489 1.036536 -0.393421 0.633348 1.743763
53 0.544686 -0.061017 0.984315 -0.165804 0.757480 -1.035437 0.707591 1.694649
53 0.540663 -0.063913 0.975711 0.375534 1.075673 -0.612615 0.646526 1.651486
Hand_White_A.dds
53 0.544686 -0.061017 0.984315 -0.165804 0.757480 -1.035437 0.707591 1.694649
53 0.523902 -0.065339 0.981208 -0.666489 1.036536 -0.393421 0.633348 1.743763
52 0.525703 -0.058882 0.992316 -0.792308 0.696915 -0.748300 0.665479 1.804288
Hand_White_A.dds
53 0.535943 -0.065062 0.970032 0.361480 1.151939 -0.464504 0.620328 1.610357
54 0.524663 -0.067833 0.962005 -0.531138 1.104838 0.413063 0.582951 1.542098
53 0.525338 -0.067160 0.974232 -0.659120 1.103717 -0.144103 0.601381 1.641170
Hand_White_A.dds
54 0.524663 -0.067833 0.962005 -0.531138 1.104838 0.413063 0.582951 1.542098
53 0.535943 -0.065062 0.970032 0.361480 1.151939 -0.464504 0.620328 1.610357
54 0.535250 -0.068476 0.965540 0.336507 1.249061 0.002385 0.610825 1.537852
Hand_White_A.dds
53 0.525338 -0.067160 0.974232 -0.659120 1.103717 -0.144103 0.601381 1.641170
54 0.521729 -0.070882 0.953625 -1.285902 0.035133 -0.136444 0.558439 1.526448
53 0.519987 -0.074389 0.972980 -1.270059 -0.025057 -0.244370 0.573352 1.656718
Hand_White_A.dds
54 0.521729 -0.070882 0.953625 -1.285902 0.035133 -0.136444 0.558439 1.526448
53 0.525338 -0.067160 0.974232 -0.659120 1.103717 -0.144103 0.601381 1.641170
54 0.524663 -0.067833 0.962005 -0.531138 1.104838 0.413063 0.582951 1.542098
Hand_White_A.dds
53 0.517863 -0.073593 0.984966 -1.278584 0.071663 -0.182982 0.599468 1.786530
52 0.525703 -0.058882 0.992316 -0.792308 0.696915 -0.748300 0.665479 1.804288
53 0.523902 -0.065339 0.981208 -0.666489 1.036536 -0.393421 0.633348 1.743763
Hand_White_A.dds
52 0.525703 -0.058882 0.992316 -0.792308 0.696915 -0.748300 0.665479 1.804288
53 0.517863 -0.073593 0.984966 -1.278584 0.071663 -0.182982 0.599468 1.786530
52 0.515967 -0.066844 0.999285 -1.279763 0.077385 -0.172089 0.616031 1.823345
Hand_White_A.dds
53 0.525338 -0.067160 0.974232 -0.659120 1.103717 -0.144103 0.601381 1.641170
53 0.540663 -0.063913 0.975711 0.375534 1.075673 -0.612615 0.646526 1.651486
53 0.535943 -0.065062 0.970032 0.361480 1.151939 -0.464504 0.620328 1.610357
Hand_White_A.dds
53 0.540663 -0.063913 0.975711 0.375534 1.075673 -0.612615 0.646526 1.651486
53 0.525338 -0.067160 0.974232 -0.659120 1.103717 -0.144103 0.601381 1.641170
53 0.523902 -0.065339 0.981208 -0.666489 1.036536 -0.393421 0.633348 1.743763
Hand_White_A.dds
53 0.523902 -0.065339 0.981208 -0.666489 1.036536 -0.393421 0.633348 1.743763
53 0.519987 -0.074389 0.972980 -1.270059 -0.025057 -0.244370 0.573352 1.656718
53 0.517863 -0.073593 0.984966 -1.278584 0.071663 -0.182982 0.599468 1.786530
Hand_White_A.dds
53 0.519987 -0.074389 0.972980 -1.270059 -0.025057 -0.244370 0.573352 1.656718
53 0.523902 -0.065339 0.981208 -0.666489 1.036536 -0.393421 0.633348 1.743763
53 0.525338 -0.067160 0.974232 -0.659120 1.103717 -0.144103 0.601381 1.641170
Hand_White_A.dds
53 0.540946 -0.074062 0.969977 1.216374 0.151581 -0.413343 0.394114 1.549442
54 0.539760 -0.075378 0.954269 1.141344 -0.601254 -0.096032 0.422042 1.453184
54 0.541152 -0.071546 0.961475 1.172016 0.434957 0.332545 0.404708 1.460433
Hand_White_A.dds
54 0.539760 -0.075378 0.954269 1.141344 -0.601254 -0.096032 0.422042 1.453184
53 0.540946 -0.074062 0.969977 1.216374 0.151581 -0.413343 0.394114 1.549442
53 0.540361 -0.078701 0.971395 0.963916 -0.828500 -0.240520 0.403480 1.561813
Hand_White_A.dds
54 0.541152 -0.071546 0.961475 1.172016 0.434957 0.332545 0.627937 1.541903
53 0.535943 -0.065062 0.970032 0.361480 1.151939 -0.464504 0.620328 1.610357
53 0.540946 -0.074062 0.969977 1.216374 0.151581 -0.413343 0.643782 1.622100
Hand_White_A.dds
53 0.535943 -0.065062 0.970032 0.361480 1.151939 -0.464504 0.620328 1.610357
54 0.541152 -0.071546 0.961475 1.172016 0.434957 0.332545 0.627937 1.541903
54 0.535250 -0.068476 0.965540 0.336507 1.249061 0.002385 0.610825 1.537852
Hand_White_A.dds
53 0.545406 -0.069619 0.976636 0.907658 -0.146087 -0.910061 0.652091 1.561671
51 0.571902 -0.076148 0.972412 -0.518187 -0.821620 -0.854293 0.686052 1.521716
51 0.561990 -0.075594 0.988905 0.112119 -1.279373 -0.155013 0.649205 1.498484
Hand_White_A.dds
53 0.544686 -0.061017 0.984315 -0.165804 0.757480 -1.035437 0.707591 1.694649
53 0.545406 -0.069619 0.976636 0.907658 -0.146087 -0.910061 0.652091 1.561671
53 0.540663 -0.063913 0.975711 0.375534 1.075673 -0.612615 0.646526 1.651486
Hand_White_A.dds
51 0.561990 -0.075594 0.988905 0.112119 -1.279373 -0.155013 0.331719 1.633311
53 0.540079 -0.079993 0.979505 0.670025 -1.082150 -0.231114 0.400042 1.686871
53 0.545406 -0.069619 0.976636 0.907658 -0.146087 -0.910061 0.382713 1.586571
Hand_White_A.dds
53 0.540079 -0.079993 0.979505 0.670025 -1.082150 -0.231114 0.400042 1.686871
51 0.561990 -0.075594 0.988905 0.112119 -1.279373 -0.155013 0.331719 1.633311
52 0.543756 -0.078197 0.999018 0.365227 -1.229214 0.170404 0.373700 1.752251
Hand_White_A.dds
53 0.540946 -0.074062 0.969977 1.216374 0.151581 -0.413343 0.643782 1.622100
53 0.540663 -0.063913 0.975711 0.375534 1.075673 -0.612615 0.646526 1.651486
53 0.545406 -0.069619 0.976636 0.907658 -0.146087 -0.910061 0.652091 1.561671
Hand_White_A.dds
53 0.540663 -0.063913 0.975711 0.375534 1.075673 -0.612615 0.646526 1.651486
53 0.540946 -0.074062 0.969977 1.216374 0.151581 -0.413343 0.643782 1.622100
53 0.535943 -0.065062 0.970032 0.361480 1.151939 -0.464504 0.620328 1.610357
Hand_White_A.dds
53 0.545406 -0.069619 0.976636 0.907658 -0.146087 -0.910061 0.382713 1.586571
53 0.540361 -0.078701 0.971395 0.963916 -0.828500 -0.240520 0.403480 1.561813
53 0.540946 -0.074062 0.969977 1.216374 0.151581 -0.413343 0.394114 1.549442
Hand_White_A.dds
53 0.540361 -0.078701 0.971395 0.963916 -0.828500 -0.240520 0.403480 1.561813
53 0.545406 -0.069619 0.976636 0.907658 -0.146087 -0.910061 0.382713 1.586571
53 0.540079 -0.079993 0.979505 0.670025 -1.082150 -0.231114 0.400042 1.686871
Hand_White_A.dds
61 0.594810 -0.017463 0.944881 -0.482589 0.651071 -1.008271 0.891784 1.392150
64 0.595004 -0.013229 0.947575 -0.361298 0.069831 -1.240154 0.906818 1.420637
51 0.601000 -0.011599 0.969388 1.287761 0.113240 0.047358 0.898632 1.373499
Hand_White_A.dds
58 0.595166 -0.040264 0.946980 -0.593434 0.335735 -1.099324 0.794543 1.326585
51 0.576638 -0.036634 0.969879 -0.991252 -0.060450 -0.828951 0.786507 1.476472
61 0.595427 -0.035801 0.944552 -0.448806 -0.476002 -1.115971 0.819593 1.329971
Hand_White_A.dds
51 0.577186 -0.017199 0.970205 -0.959734 0.030549 -0.866817 0.866160 1.518050
61 0.594810 -0.017463 0.944881 -0.482589 0.651071 -1.008271 0.891784 1.392150
51 0.576638 -0.036634 0.969879 -0.991252 -0.060450 -0.828951 0.786507 1.476472
Hand_White_A.dds
61 0.595427 -0.035801 0.944552 -0.448806 -0.476002 -1.115971 0.819593 1.329971
51 0.576638 -0.036634 0.969879 -0.991252 -0.060450 -0.828951 0.786507 1.476472
61 0.594810 -0.017463 0.944881 -0.482589 0.651071 -1.008271 0.891784 1.392150
Hand_White_A.dds
51 0.573775 -0.057349 0.970200 -0.830330 0.151277 -0.980338 0.707308 1.467182
58 0.592422 -0.059599 0.949974 -0.509433 -0.513302 -1.072565 0.724850 1.346712
55 0.592088 -0.063908 0.949623 -0.475221 0.361266 -1.147627 0.701194 1.370684
Hand_White_A.dds
58 0.599630 -0.057177 0.943348 -0.685935 -0.708436 -0.837261 0.732882 1.310650
58 0.608680 -0.059077 0.957368 0.515531 -1.169681 0.198672 0.719923 1.316925
58 0.592422 -0.059599 0.949974 -0.509433 -0.513302 -1.072565 0.724850 1.346712
Hand_White_A.dds
55 0.592088 -0.063908 0.949623 -0.475221 0.361266 -1.147627 0.701194 1.370684
58 0.592422 -0.059599 0.949974 -0.509433 -0.513302 -1.072565 0.724850 1.346712
58 0.605801 -0.060641 0.963378 1.269339 0.130622 -0.212392 0.717137 1.340381
Hand_White_A.dds
51 0.548124 -0.025441 1.001625 -0.789005 0.302409 -0.979498 0.811027 1.665222
51 0.576638 -0.036634 0.969879 -0.991252 -0.060450 -0.828951 0.786507 1.476472
51 0.552810 -0.040168 0.995374 -0.526284 0.492742 -1.074070 0.777705 1.663933
Hand_White_A.dds
52 0.519241 -0.048348 1.023096 -1.245247 0.239706 0.255531 0.758499 1.888890
52 0.528756 -0.032482 1.006029 -0.937787 0.737203 -0.500482 0.778167 1.772573
52 0.516138 -0.057417 1.009323 -1.247012 0.294460 -0.177902 0.706486 1.846921
Hand_White_A.dds
51 0.538375 -0.008827 1.003303 -1.028692 -0.116477 -0.775642 0.857830 1.701395
51 0.548124 -0.025441 1.001625 -0.789005 0.302409 -0.979498 0.811027 1.665222
51 0.529096 -0.025188 1.023620 -1.173431 0.296099 -0.456926 0.811872 1.816253
Hand_White_A.dds
52 0.525703 -0.058882 0.992316 -0.792308 0.696915 -0.748300 0.665479 1.804288
52 0.515967 -0.066844 0.999285 -1.279763 0.077385 -0.172089 0.616031 1.823345
52 0.516138 -0.057417 1.009323 -1.247012 0.294460 -0.177902 0.706486 1.846921
Hand_White_A.dds
52 0.531616 -0.040450 0.997012 -0.574810 0.593863 -0.995146 0.749023 1.768509
52 0.538084 -0.050572 0.990040 -0.399442 0.542658 -1.104248 0.730379 1.752168
52 0.525703 -0.058882 0.992316 -0.792308 0.696915 -0.748300 0.665479 1.804288
Hand_White_A.dds
55 0.582188 -0.076720 0.987379 0.081565 -1.242824 0.349471 0.310379 1.569563
51 0.571299 -0.058542 1.024114 0.716686 -0.750320 0.772513 0.251389 1.775744
52 0.551371 -0.074242 1.010766 0.220531 -1.182484 0.475914 0.319797 1.774856
Hand_White_A.dds
51 0.561990 -0.075594 0.988905 0.112119 -1.279373 -0.155013 0.331719 1.633311
52 0.551371 -0.074242 1.010766 0.220531 -1.182484 0.475914 0.319797 1.774856
52 0.543756 -0.078197 0.999018 0.365227 -1.229214 0.170404 0.373700 1.752251
Hand_White_A.dds
51 0.602003 -0.066981 0.984124 1.089762 -0.189678 0.670698 0.295566 1.477866
51 0.595379 -0.072989 0.987133 0.622563 -0.871371 0.725619 0.309369 1.509617
51 0.601686 -0.076278 0.977509 0.770226 -0.841269 0.610257 0.320651 1.447581
Hand_White_A.dds
51 0.601686 -0.076278 0.977509 0.770226 -0.841269 0.610257 0.320651 1.447581
55 0.582188 -0.076720 0.987379 0.081565 -1.242824 0.349471 0.310379 1.569563
55 0.593899 -0.081788 0.972154 -0.097746 -1.273220 0.206763 0.346212 1.461619
Hand_White_A.dds
55 0.583131 -0.078110 0.962367 -0.775169 -0.869367 -0.562769 0.672777 1.437940
55 0.582188 -0.076720 0.987379 0.081565 -1.242824 0.349471 0.646503 1.469228
51 0.571902 -0.076148 0.972412 -0.518187 -0.821620 -0.854293 0.686052 1.521716
Hand_White_A.dds
55 0.583131 -0.078110 0.962367 -0.775169 -0.869367 -0.562769 0.672777 1.437940
55 0.593899 -0.081788 0.972154 -0.097746 -1.273220 0.206763 0.644735 1.449462
55 0.582188 -0.076720 0.987379 0.081565 -1.242824 0.349471 0.646503 1.469228
Hand_White_A.dds
51 0.571902 -0.076148 0.972412 -0.518187 -0.821620 -0.854293 0.686052 1.521716
53 0.545406 -0.069619 0.976636 0.907658 -0.146087 -0.910061 0.652091 1.561671
53 0.544686 -0.061017 0.984315 -0.165804 0.757480 -1.035437 0.707591 1.694649
Hand_White_A.dds
51 0.561990 -0.075594 0.988905 0.112119 -1.279373 -0.155013 0.649205 1.498484
51 0.571902 -0.076148 0.972412 -0.518187 -0.821620 -0.854293 0.686052 1.521716
55 0.582188 -0.076720 0.987379 0.081565 -1.242824 0.349471 0.646503 1.469228
Hand_White_A.dds
53 0.544686 -0.061017 0.984315 -0.165804 0.757480 -1.035437 0.707591 1.694649
52 0.525703 -0.058882 0.992316 -0.792308 0.696915 -0.748300 0.665479 1.804288
52 0.538084 -0.050572 0.990040 -0.399442 0.542658 -1.104248 0.730379 1.752168
Hand_White_A.dds
51 0.553602 -0.053735 1.043341 0.401234 -0.955764 0.773900 0.247891 1.889168
51 0.551136 -0.031719 1.061703 0.884061 -0.367986 0.869722 0.198397 1.940148
51 0.541499 -0.052997 1.049175 -0.065168 -1.018726 0.794572 0.268387 1.941882
Hand_White_A.dds
57 0.577503 -0.076172 0.910408 -0.979511 0.760322 0.368599 0.636620 1.112367
57 0.582939 -0.084181 0.919183 -0.606109 0.042665 1.142019 0.622488 1.166416
57 0.584104 -0.075959 0.916245 -0.227825 1.144605 0.558005 0.648565 1.157108
Hand_White_A.dds
57 0.575391 -0.083597 0.913108 -1.130667 -0.228704 0.585391 0.615727 1.129434
57 0.582939 -0.084181 0.919183 -0.606109 0.042665 1.142019 0.622488 1.166416
57 0.577503 -0.076172 0.910408 -0.979511 0.760322 0.368599 0.636620 1.112367
Hand_White_A.dds
57 0.575999 -0.082195 0.906636 -0.992039 -0.066789 -0.827523 0.617579 1.076948
57 0.576589 -0.088607 0.909404 -0.739843 -0.968305 -0.434066 0.595451 1.106813
57 0.575391 -0.083597 0.913108 -1.130667 -0.228704 0.585391 0.615727 1.129434
Hand_White_A.dds
57 0.584104 -0.075959 0.916245 -0.227825 1.144605 0.558005 0.648565 1.157108
57 0.582939 -0.084181 0.919183 -0.606109 0.042665 1.142019 0.622488 1.166416
57 0.598694 -0.078577 0.920205 0.911218 0.778810 0.486345 0.653307 1.206268
Hand_White_A.dds
57 0.577503 -0.076172 0.910408 -0.979511 0.760322 0.368599 0.636620 1.112367
57 0.584104 -0.075959 0.916245 -0.227825 1.144605 0.558005 0.648565 1.157108
57 0.579633 -0.075629 0.904546 -0.411792 0.956390 -0.767555 0.642918 1.083049
Hand_White_A.dds
57 0.582939 -0.084181 0.919183 -0.606109 0.042665 1.142019 0.622488 1.166416
57 0.575391 -0.083597 0.913108 -1.130667 -0.228704 0.585391 0.615727 1.129434
57 0.584469 -0.091594 0.912220 -0.410559 -1.215766 0.163556 0.603906 1.167652
Hand_White_A.dds
60 0.572033 -0.051745 0.930801 -0.433042 -0.372164 1.160760 0.709732 1.033492
60 0.583429 -0.042372 0.929348 0.269082 0.789420 0.988841 0.741071 1.078805
60 0.573815 -0.042298 0.929397 -0.462465 0.642423 1.023139 0.728273 1.017853
Hand_White_A.dds
60 0.581867 -0.052546 0.930267 0.304908 -0.463641 1.168530 0.711989 1.084214
60 0.583429 -0.042372 0.929348 0.269082 0.789420 0.988841 0.741071 1.078805
60 0.572033 -0.051745 0.930801 -0.433042 -0.372164 1.160760 0.709732 1.033492
Hand_White_A.dds
60 0.568685 -0.046218 0.926584 -1.261979 0.250862 0.133688 0.713792 1.003549
60 0.569144 -0.053749 0.925712 -1.086836 -0.696052 -0.087717 0.703945 1.027417
60 0.572033 -0.051745 0.930801 -0.433042 -0.372164 1.160760 0.709732 1.033492
Hand_White_A.dds
60 0.573815 -0.042298 0.929397 -0.462465 0.642423 1.023139 0.728273 1.017853
60 0.583429 -0.042372 0.929348 0.269082 0.789420 0.988841 0.741071 1.078805
60 0.571772 -0.039775 0.924665 -0.589628 1.143503 -0.134664 0.741184 1.002383
Hand_White_A.dds
60 0.581867 -0.052546 0.930267 0.304908 -0.463641 1.168530 0.711989 1.084214
60 0.572033 -0.051745 0.930801 -0.433042 -0.372164 1.160760 0.709732 1.033492
60 0.580430 -0.058385 0.921245 -0.419882 -1.218466 -0.111514 0.692211 1.092869
Hand_White_A.dds
60 0.583429 -0.042372 0.929348 0.269082 0.789420 0.988841 0.741071 1.078805
60 0.581867 -0.052546 0.930267 0.304908 -0.463641 1.168530 0.711989 1.084214
60 0.595968 -0.045181 0.922345 1.093943 0.690155 -0.019233 0.739431 1.128869
Hand_White_A.dds
63 0.575088 -0.030080 0.925377 -0.481301 -0.570352 1.056619 0.819444 1.050578
63 0.583903 -0.022035 0.925590 0.186797 0.618832 1.120513 0.843949 1.099676
63 0.574886 -0.022152 0.926038 -0.674336 0.407252 1.026066 0.839676 1.046247
Hand_White_A.dds
63 0.583074 -0.031298 0.925137 0.169726 -0.573499 1.147034 0.818752 1.108031
63 0.583903 -0.022035 0.925590 0.186797 0.618832 1.120513 0.843949 1.099676
63 0.575088 -0.030080 0.925377 -0.481301 -0.570352 1.056619 0.819444 1.050578
Hand_White_A.dds
63 0.571559 -0.025590 0.920919 -1.275889 0.098961 0.188967 0.827364 1.029049
63 0.572145 -0.032542 0.919872 -0.997529 -0.820936 0.066299 0.810636 1.049389
63 0.575088 -0.030080 0.925377 -0.481301 -0.570352 1.056619 0.819444 1.050578
Hand_White_A.dds
63 0.574886 -0.022152 0.926038 -0.674336 0.407252 1.026066 0.839676 1.046247
63 0.583903 -0.022035 0.925590 0.186797 0.618832 1.120513 0.843949 1.099676
63 0.573660 -0.018853 0.920747 -0.593817 1.145348 0.094627 0.853283 1.044093
Hand_White_A.dds
63 0.583074 -0.031298 0.925137 0.169726 -0.573499 1.147034 0.818752 1.108031
63 0.575088 -0.030080 0.925377 -0.481301 -0.570352 1.056619 0.819444 1.050578
63 0.582768 -0.034824 0.917580 -0.219345 -1.272954 -0.069800 0.800238 1.112456
Hand_White_A.dds
63 0.583903 -0.022035 0.925590 0.186797 0.618832 1.120513 0.843949 1.099676
63 0.583074 -0.031298 0.925137 0.169726 -0.573499 1.147034 0.818752 1.108031
63 0.596674 -0.023070 0.920848 0.997833 0.760454 0.315331 0.847161 1.153644
Hand_White_A.dds
52 0.527887 -0.049394 1.040357 -0.936126 -0.767919 0.455374 0.561100 1.953192
69 0.534123 -0.044126 1.062679 0.152066 -1.075553 0.702465 0.259435 1.995052
69 0.518530 -0.045062 1.055007 -0.678044 -1.083786 -0.197633 0.556395 1.995052
Hand_White_A.dds
69 0.534123 -0.044126 1.062679 0.152066 -1.075553 0.702465 0.259435 1.995052
52 0.527887 -0.049394 1.040357 -0.936126 -0.767919 0.455374 0.561100 1.953192
51 0.541499 -0.052997 1.049175 -0.065168 -1.018726 0.794572 0.268387 1.941882
Hand_White_A.dds
63 0.581397 -0.020735 0.914284 -0.314643 0.919534 -0.853728 0.151189 1.076664
62 0.597846 -0.022921 0.906879 0.060273 0.833494 -0.987446 0.147098 1.128223
63 0.580247 -0.025616 0.912467 -0.531409 0.227702 -1.157217 0.169540 1.077242
Hand_White_A.dds
63 0.583640 -0.018162 0.918012 -0.006298 1.292402 -0.055258 0.139435 1.070731
63 0.594158 -0.018382 0.913918 -0.187098 1.272485 -0.138458 0.134105 1.124338
62 0.597846 -0.022921 0.906879 0.060273 0.833494 -0.987446 0.147098 1.128223
Hand_White_A.dds
63 0.583640 -0.018162 0.918012 -0.006298 1.292402 -0.055258 0.139435 1.070731
62 0.597846 -0.022921 0.906879 0.060273 0.833494 -0.987446 0.147098 1.128223
63 0.581397 -0.020735 0.914284 -0.314643 0.919534 -0.853728 0.151189 1.076664
Hand_White_A.dds
63 0.581397 -0.020735 0.914284 -0.314643 0.919534 -0.853728 0.151189 1.076664
63 0.573660 -0.018853 0.920747 -0.593817 1.145348 0.094627 0.151565 1.026739
63 0.583640 -0.018162 0.918012 -0.006298 1.292402 -0.055258 0.139435 1.070731
Hand_White_A.dds
63 0.573497 -0.020392 0.917777 -0.883292 0.536627 -0.777960 0.157597 1.041582
63 0.573660 -0.018853 0.920747 -0.593817 1.145348 0.094627 0.151565 1.026739
63 0.581397 -0.020735 0.914284 -0.314643 0.919534 -0.853728 0.151189 1.076664
Hand_White_A.dds
63 0.572145 -0.032542 0.919872 -0.997529 -0.820936 0.066299 0.195942 1.026351
63 0.571559 -0.025590 0.920919 -1.275889 0.098961 0.188967 0.170121 1.022253
63 0.572570 -0.030341 0.917119 -0.926000 -0.353552 -0.831216 0.189038 1.045153
Hand_White_A.dds
63 0.571559 -0.025590 0.920919 -1.275889 0.098961 0.188967 0.170121 1.022253
63 0.573497 -0.020392 0.917777 -0.883292 0.536627 -0.777960 0.157597 1.041582
63 0.572570 -0.030341 0.917119 -0.926000 -0.353552 -0.831216 0.189038 1.045153
Hand_White_A.dds
63 0.572570 -0.030341 0.917119 -0.926000 -0.353552 -0.831216 0.189038 1.045153
63 0.582768 -0.034824 0.917580 -0.219345 -1.272954 -0.069800 0.201644 1.093981
63 0.572145 -0.032542 0.919872 -0.997529 -0.820936 0.066299 0.195942 1.026351
Hand_White_A.dds
63 0.580444 -0.031364 0.912193 -0.512003 -0.624255 -1.010719 0.185251 1.083828
63 0.582768 -0.034824 0.917580 -0.219345 -1.272954 -0.069800 0.201644 1.093981
63 0.572570 -0.030341 0.917119 -0.926000 -0.353552 -0.831216 0.189038 1.045153
Hand_White_A.dds
62 0.598376 -0.030938 0.906054 0.159387 -0.527900 -1.170177 0.181802 1.136858
63 0.582768 -0.034824 0.917580 -0.219345 -1.272954 -0.069800 0.201644 1.093981
63 0.580444 -0.031364 0.912193 -0.512003 -0.624255 -1.010719 0.185251 1.083828
Hand_White_A.dds
60 0.580510 -0.044399 0.915976 -0.435781 0.638923 -1.036951 0.251819 1.060656
59 0.597780 -0.048237 0.909052 0.091680 0.546883 -1.168721 0.245622 1.108734
60 0.579076 -0.048689 0.915762 -0.594239 -0.053898 -1.147767 0.270761 1.054232
Hand_White_A.dds
60 0.584303 -0.040226 0.919107 0.035791 1.245268 -0.348455 0.236119 1.055632
59 0.594712 -0.041870 0.915035 -0.029602 1.265775 -0.265201 0.220868 1.097107
59 0.597780 -0.048237 0.909052 0.091680 0.546883 -1.168721 0.245622 1.108734
Hand_White_A.dds
60 0.584303 -0.040226 0.919107 0.035791 1.245268 -0.348455 0.236119 1.055632
59 0.597780 -0.048237 0.909052 0.091680 0.546883 -1.168721 0.245622 1.108734
60 0.580510 -0.044399 0.915976 -0.435781 0.638923 -1.036951 0.251819 1.060656
Hand_White_A.dds
60 0.580510 -0.044399 0.915976 -0.435781 0.638923 -1.036951 0.251819 1.060656
60 0.571772 -0.039775 0.924665 -0.589628 1.143503 -0.134664 0.251419 1.008011
60 0.584303 -0.040226 0.919107 0.035791 1.245268 -0.348455 0.236119 1.055632
Hand_White_A.dds
60 0.571738 -0.043593 0.921384 -0.889357 0.321930 -0.882497 0.256281 1.023148
60 0.571772 -0.039775 0.924665 -0.589628 1.143503 -0.134664 0.251419 1.008011
60 0.580510 -0.044399 0.915976 -0.435781 0.638923 -1.036951 0.251819 1.060656
Hand_White_A.dds
60 0.568685 -0.046218 0.926584 -1.261979 0.250862 0.133688 0.273684 1.002612
60 0.571772 -0.039775 0.924665 -0.589628 1.143503 -0.134664 0.251419 1.008011
60 0.571738 -0.043593 0.921384 -0.889357 0.321930 -0.882497 0.256281 1.023148
Hand_White_A.dds
60 0.568685 -0.046218 0.926584 -1.261979 0.250862 0.133688 0.273684 1.002612
60 0.571738 -0.043593 0.921384 -0.889357 0.321930 -0.882497 0.256281 1.023148
60 0.571610 -0.050559 0.921331 -0.894171 -0.317540 -0.879217 0.289070 1.026055
Hand_White_A.dds
60 0.571610 -0.050559 0.921331 -0.894171 -0.317540 -0.879217 0.289070 1.026055
60 0.580430 -0.058385 0.921245 -0.419882 -1.218466 -0.111514 0.294460 1.058686
60 0.569144 -0.053749 0.925712 -1.086836 -0.696052 -0.087717 0.294225 1.014102
Hand_White_A.dds
60 0.579985 -0.053883 0.916921 -0.602467 -0.603365 -0.972820 0.286200 1.059802
60 0.580430 -0.058385 0.921245 -0.419882 -1.218466 -0.111514 0.294460 1.058686
60 0.571610 -0.050559 0.921331 -0.894171 -0.317540 -0.879217 0.289070 1.026055
Hand_White_A.dds
59 0.597225 -0.056025 0.910011 0.005361 -0.587433 -1.152514 0.284388 1.120660
60 0.580430 -0.058385 0.921245 -0.419882 -1.218466 -0.111514 0.294460 1.058686
60 0.579985 -0.053883 0.916921 -0.602467 -0.603365 -0.972820 0.286200 1.059802
Hand_White_A.dds
56 0.602668 -0.091502 0.912601 0.596604 -0.808596 -0.814636 0.377292 1.168551
57 0.584469 -0.091594 0.912220 -0.410559 -1.215766 0.163556 0.398291 1.128959
57 0.585700 -0.090057 0.909160 -0.036278 -1.020880 -0.793652 0.379298 1.136210
Hand_White_A.dds
57 0.588291 -0.084630 0.905064 0.154810 -0.432554 -1.209267 0.364482 1.124431
56 0.606745 -0.083455 0.910257 0.796492 0.072479 -1.016731 0.345835 1.158508
56 0.602668 -0.091502 0.912601 0.596604 -0.808596 -0.814636 0.377292 1.168551
Hand_White_A.dds
56 0.602668 -0.091502 0.912601 0.596604 -0.808596 -0.814636 0.377292 1.168551
57 0.585700 -0.090057 0.909160 -0.036278 -1.020880 -0.793652 0.379298 1.136210
57 0.588291 -0.084630 0.905064 0.154810 -0.432554 -1.209267 0.364482 1.124431
Hand_White_A.dds
57 0.580199 -0.087925 0.907174 -0.243139 -0.644846 -1.094739 0.382964 1.099597
57 0.585700 -0.090057 0.909160 -0.036278 -1.020880 -0.793652 0.379298 1.136210
57 0.576589 -0.088607 0.909404 -0.739843 -0.968305 -0.434066 0.389077 1.091165
Hand_White_A.dds
57 0.588291 -0.084630 0.905064 0.154810 -0.432554 -1.209267 0.364482 1.124431
57 0.585700 -0.090057 0.909160 -0.036278 -1.020880 -0.793652 0.379298 1.136210
57 0.580199 -0.087925 0.907174 -0.243139 -0.644846 -1.094739 0.382964 1.099597
Hand_White_A.dds
57 0.575999 -0.082195 0.906636 -0.992039 -0.066789 -0.827523 0.370621 1.071269
57 0.579633 -0.075629 0.904546 -0.411792 0.956390 -0.767555 0.351015 1.075962
57 0.581620 -0.077507 0.904166 -0.057870 0.004941 -1.292293 0.352310 1.086585
Hand_White_A.dds
57 0.580199 -0.087925 0.907174 -0.243139 -0.644846 -1.094739 0.382964 1.099597
57 0.581620 -0.077507 0.904166 -0.057870 0.004941 -1.292293 0.352310 1.086585
57 0.588291 -0.084630 0.905064 0.154810 -0.432554 -1.209267 0.364482 1.124431
Hand_White_A.dds
57 0.589390 -0.077672 0.905238 0.295409 0.194101 -1.244369 0.346736 1.119952
57 0.581620 -0.077507 0.904166 -0.057870 0.004941 -1.292293 0.352310 1.086585
57 0.589544 -0.075837 0.905887 0.292721 0.961904 -0.813911 0.343030 1.115240
Hand_White_A.dds
57 0.588291 -0.084630 0.905064 0.154810 -0.432554 -1.209267 0.364482 1.124431
57 0.581620 -0.077507 0.904166 -0.057870 0.004941 -1.292293 0.352310 1.086585
57 0.589390 -0.077672 0.905238 0.295409 0.194101 -1.244369 0.346736 1.119952
Hand_White_A.dds
57 0.589390 -0.077672 0.905238 0.295409 0.194101 -1.244369 0.346736 1.119952
56 0.606745 -0.083455 0.910257 0.796492 0.072479 -1.016731 0.345835 1.158508
57 0.588291 -0.084630 0.905064 0.154810 -0.432554 -1.209267 0.364482 1.124431
Hand_White_A.dds
51 0.573775 -0.057349 0.970200 -0.830330 0.151277 -0.980338 0.707308 1.467182
53 0.544686 -0.061017 0.984315 -0.165804 0.757480 -1.035437 0.707591 1.694649
52 0.538084 -0.050572 0.990040 -0.399442 0.542658 -1.104248 0.730379 1.752168
Hand_White_A.dds
51 0.571902 -0.076148 0.972412 -0.518187 -0.821620 -0.854293 0.686052 1.521716
53 0.544686 -0.061017 0.984315 -0.165804 0.757480 -1.035437 0.707591 1.694649
51 0.573775 -0.057349 0.970200 -0.830330 0.151277 -0.980338 0.707308 1.467182
Hand_White_A.dds
52 0.538084 -0.050572 0.990040 -0.399442 0.542658 -1.104248 0.730379 1.752168
51 0.552810 -0.040168 0.995374 -0.526284 0.492742 -1.074070 0.777705 1.663933
51 0.573775 -0.057349 0.970200 -0.830330 0.151277 -0.980338 0.707308 1.467182
Hand_White_A.dds
52 0.516138 -0.057417 1.009323 -1.247012 0.294460 -0.177902 0.706486 1.846921
52 0.531616 -0.040450 0.997012 -0.574810 0.593863 -0.995146 0.749023 1.768509
52 0.525703 -0.058882 0.992316 -0.792308 0.696915 -0.748300 0.665479 1.804288
Hand_White_A.dds
52 0.531616 -0.040450 0.997012 -0.574810 0.593863 -0.995146 0.749023 1.768509
51 0.552810 -0.040168 0.995374 -0.526284 0.492742 -1.074070 0.777705 1.663933
52 0.538084 -0.050572 0.990040 -0.399442 0.542658 -1.104248 0.730379 1.752168
Hand_White_A.dds
52 0.531616 -0.040450 0.997012 -0.574810 0.593863 -0.995146 0.749023 1.768509
51 0.548124 -0.025441 1.001625 -0.789005 0.302409 -0.979498 0.811027 1.665222
51 0.552810 -0.040168 0.995374 -0.526284 0.492742 -1.074070 0.777705 1.663933
Hand_White_A.dds
52 0.528756 -0.032482 1.006029 -0.937787 0.737203 -0.500482 0.778167 1.772573
51 0.548124 -0.025441 1.001625 -0.789005 0.302409 -0.979498 0.811027 1.665222
52 0.531616 -0.040450 0.997012 -0.574810 0.593863 -0.995146 0.749023 1.768509
Hand_White_A.dds
51 0.548124 -0.025441 1.001625 -0.789005 0.302409 -0.979498 0.811027 1.665222
52 0.528756 -0.032482 1.006029 -0.937787 0.737203 -0.500482 0.778167 1.772573
51 0.529096 -0.025188 1.023620 -1.173431 0.296099 -0.456926 0.811872 1.816253
Hand_White_A.dds
57 0.575999 -0.082195 0.906636 -0.992039 -0.066789 -0.827523 0.617579 1.076948
57 0.575391 -0.083597 0.913108 -1.130667 -0.228704 0.585391 0.615727 1.129434
57 0.577503 -0.076172 0.910408 -0.979511 0.760322 0.368599 0.636620 1.112367
Hand_White_A.dds
57 0.576589 -0.088607 0.909404 -0.739843 -0.968305 -0.434066 0.389077 1.091165
57 0.575999 -0.082195 0.906636 -0.992039 -0.066789 -0.827523 0.370621 1.071269
57 0.580199 -0.087925 0.907174 -0.243139 -0.644846 -1.094739 0.382964 1.099597
Hand_White_A.dds
60 0.568685 -0.046218 0.926584 -1.261979 0.250862 0.133688 0.713792 1.003549
60 0.572033 -0.051745 0.930801 -0.433042 -0.372164 1.160760 0.709732 1.033492
60 0.573815 -0.042298 0.929397 -0.462465 0.642423 1.023139 0.728273 1.017853
Hand_White_A.dds
60 0.569144 -0.053749 0.925712 -1.086836 -0.696052 -0.087717 0.294225 1.014102
60 0.568685 -0.046218 0.926584 -1.261979 0.250862 0.133688 0.273684 1.002612
60 0.571610 -0.050559 0.921331 -0.894171 -0.317540 -0.879217 0.289070 1.026055
Hand_White_A.dds
63 0.571559 -0.025590 0.920919 -1.275889 0.098961 0.188967 0.170121 1.022253
63 0.573660 -0.018853 0.920747 -0.593817 1.145348 0.094627 0.151565 1.026739
63 0.573497 -0.020392 0.917777 -0.883292 0.536627 -0.777960 0.157597 1.041582
Hand_White_A.dds
63 0.573660 -0.018853 0.920747 -0.593817 1.145348 0.094627 0.853283 1.044093
63 0.571559 -0.025590 0.920919 -1.275889 0.098961 0.188967 0.827364 1.029049
63 0.574886 -0.022152 0.926038 -0.674336 0.407252 1.026066 0.839676 1.046247
Hand_White_A.dds
66 0.582761 -0.009141 0.928155 -0.546417 -0.335491 1.123508 0.939815 1.146989
66 0.582857 -0.001682 0.928045 -0.551697 0.521329 1.047493 0.965319 1.145392
66 0.578101 -0.004277 0.923849 -1.271241 0.112502 0.211385 0.948756 1.093420
Hand_White_A.dds
66 0.578101 -0.004277 0.923849 -1.271241 0.112502 0.211385 0.062042 1.111094
66 0.582392 -0.002936 0.920597 -0.659118 0.214204 -1.092280 0.059605 1.147047
66 0.578480 -0.009858 0.922991 -0.725779 -1.008651 -0.359532 0.076281 1.120672
Hand_White_A.dds
51 0.595379 -0.072989 0.987133 0.622563 -0.871371 0.725619 0.309369 1.509617
55 0.582188 -0.076720 0.987379 0.081565 -1.242824 0.349471 0.310379 1.569563
51 0.601686 -0.076278 0.977509 0.770226 -0.841269 0.610257 0.320651 1.447581
Hand_White_A.dds
51 0.595379 -0.072989 0.987133 0.622563 -0.871371 0.725619 0.309369 1.509617
51 0.571299 -0.058542 1.024114 0.716686 -0.750320 0.772513 0.251389 1.775744
55 0.582188 -0.076720 0.987379 0.081565 -1.242824 0.349471 0.310379 1.569563
Hand_White_A.dds
56 0.596059 -0.078572 0.918210 -1.244074 0.212313 -0.283901 0.655240 1.214495
56 0.593728 -0.086812 0.920814 -0.434894 -0.906678 -0.813755 0.632158 1.228670
56 0.601396 -0.084562 0.941296 -0.847413 0.351351 0.912052 0.647761 1.334869
Hand_White_A.dds
56 0.601396 -0.084562 0.941296 -0.847413 0.351351 0.912052 0.647761 1.334869
55 0.611198 -0.090016 0.946239 -0.067319 -1.129208 0.627497 0.628919 1.341940
56 0.603536 -0.085078 0.941524 -0.901995 -0.210490 0.903047 0.649805 1.348070
Hand_White_A.dds
56 0.601396 -0.084562 0.941296 -0.847413 0.351351 0.912052 0.647761 1.334869
56 0.603536 -0.085078 0.941524 -0.901995 -0.210490 0.903047 0.649805 1.348070
56 0.603989 -0.074116 0.938347 -0.417772 1.021759 0.674441 0.675850 1.291087
Hand_White_A.dds
56 0.596059 -0.078572 0.918210 -1.244074 0.212313 -0.283901 0.655240 1.214495
56 0.604480 -0.078352 0.910561 0.393591 1.045986 -0.651456 0.669769 1.204955
57 0.598694 -0.078577 0.920205 0.911218 0.778810 0.486345 0.653307 1.206268
Hand_White_A.dds
59 0.611918 -0.045786 0.933758 0.395579 0.501453 1.124925 0.754734 1.219310
59 0.592303 -0.044771 0.922739 -1.144659 0.207375 0.565815 0.740879 1.138851
59 0.610954 -0.056622 0.935441 0.039767 0.132758 1.286153 0.732931 1.224654
Hand_White_A.dds
59 0.610954 -0.056622 0.935441 0.039767 0.132758 1.286153 0.732931 1.224654
58 0.618836 -0.062922 0.932862 -0.002668 -1.281781 0.174432 0.709246 1.246790
59 0.613404 -0.057483 0.932480 1.258364 0.135648 0.267421 0.735959 1.244206
Hand_White_A.dds
58 0.619370 -0.041993 0.929963 0.241118 1.206891 -0.398337 0.780514 1.237550
59 0.594712 -0.041870 0.915035 -0.029602 1.265775 -0.265201 0.775657 1.123752
59 0.611918 -0.045786 0.933758 0.395579 0.501453 1.124925 0.754734 1.219310
Hand_White_A.dds
59 0.611918 -0.045786 0.933758 0.395579 0.501453 1.124925 0.754734 1.219310
59 0.613404 -0.057483 0.932480 1.258364 0.135648 0.267421 0.735959 1.244206
59 0.614547 -0.046692 0.930869 -0.505685 -0.201124 -1.173553 0.757661 1.240239
Hand_White_A.dds
62 0.596395 -0.036123 0.913571 0.122974 -1.197696 -0.473071 0.798004 1.160493
62 0.616389 -0.036720 0.930149 0.164538 -1.278667 0.106457 0.799509 1.288425
62 0.591913 -0.032180 0.921585 -0.779746 -0.673860 -0.781860 0.819552 1.169602
Hand_White_A.dds
62 0.591913 -0.032180 0.921585 -0.779746 -0.673860 -0.781860 0.819552 1.169602
63 0.596674 -0.023070 0.920848 0.997833 0.760454 0.315331 0.847161 1.153644
63 0.596201 -0.032286 0.921553 0.444487 -1.120162 0.470175 0.819251 1.160472
Hand_White_A.dds
62 0.609247 -0.033629 0.936429 -0.137743 0.058922 1.284893 0.821136 1.250819
61 0.610761 -0.034570 0.928885 0.978839 -0.834184 -0.139306 0.821728 1.269577
62 0.609909 -0.021318 0.936020 0.550571 0.402840 1.099084 0.851054 1.244785
Hand_White_A.dds
62 0.592489 -0.022724 0.920930 -1.265501 0.041436 0.264926 0.847642 1.163259
63 0.594158 -0.018382 0.913918 -0.187098 1.272485 -0.138458 0.874923 1.167104
63 0.596674 -0.023070 0.920848 0.997833 0.760454 0.315331 0.847161 1.153644
Hand_White_A.dds
65 0.598614 -0.011198 0.919104 -0.026279 -1.245058 -0.350052 0.916301 1.247380
65 0.605294 -0.009445 0.942317 0.824208 -0.908763 0.410154 0.923991 1.321301
65 0.594864 -0.009311 0.924317 -1.290281 -0.091949 -0.010802 0.930426 1.256657
Hand_White_A.dds
65 0.604669 0.000714 0.942551 -0.543186 -0.180527 1.160067 0.959868 1.360894
65 0.594864 -0.009311 0.924317 -1.290281 -0.091949 -0.010802 0.930426 1.256657
65 0.605294 -0.009445 0.942317 0.824208 -0.908763 0.410154 0.923991 1.321301
Hand_White_A.dds
64 0.609091 0.007009 0.942218 0.009634 1.293259 -0.027982 0.996961 1.396153
65 0.604669 0.000714 0.942551 -0.543186 -0.180527 1.160067 0.959868 1.360894
64 0.604339 0.000811 0.938310 0.561934 0.466205 -1.067838 0.959810 1.381300
Hand_White_A.dds
65 0.605294 -0.009445 0.942317 0.824208 -0.908763 0.410154 0.923991 1.321301
64 0.604339 0.000811 0.938310 0.561934 0.466205 -1.067838 0.959810 1.381300
65 0.604669 0.000714 0.942551 -0.543186 -0.180527 1.160067 0.959868 1.360894
Hand_White_A.dds
56 0.596059 -0.078572 0.918210 -1.244074 0.212313 -0.283901 0.655240 1.214495
57 0.598694 -0.078577 0.920205 0.911218 0.778810 0.486345 0.653307 1.206268
56 0.593728 -0.086812 0.920814 -0.434894 -0.906678 -0.813755 0.632158 1.228670
Hand_White_A.dds
56 0.593728 -0.086812 0.920814 -0.434894 -0.906678 -0.813755 0.632158 1.228670
55 0.611198 -0.090016 0.946239 -0.067319 -1.129208 0.627497 0.628919 1.341940
56 0.601396 -0.084562 0.941296 -0.847413 0.351351 0.912052 0.647761 1.334869
Hand_White_A.dds
56 0.603989 -0.074116 0.938347 -0.417772 1.021759 0.674441 0.675850 1.291087
56 0.604480 -0.078352 0.910561 0.393591 1.045986 -0.651456 0.669769 1.204955
56 0.596059 -0.078572 0.918210 -1.244074 0.212313 -0.283901 0.655240 1.214495
Hand_White_A.dds
56 0.603989 -0.074116 0.938347 -0.417772 1.021759 0.674441 0.675850 1.291087
56 0.596059 -0.078572 0.918210 -1.244074 0.212313 -0.283901 0.655240 1.214495
56 0.601396 -0.084562 0.941296 -0.847413 0.351351 0.912052 0.647761 1.334869
Hand_White_A.dds
59 0.592303 -0.044771 0.922739 -1.144659 0.207375 0.565815 0.740879 1.138851
60 0.595968 -0.045181 0.922345 1.093943 0.690155 -0.019233 0.739431 1.128869
59 0.591288 -0.055781 0.924324 -1.079759 -0.565331 -0.433494 0.717381 1.146728
Hand_White_A.dds
59 0.591288 -0.055781 0.924324 -1.079759 -0.565331 -0.433494 0.717381 1.146728
58 0.618836 -0.062922 0.932862 -0.002668 -1.281781 0.174432 0.709246 1.246790
59 0.610954 -0.056622 0.935441 0.039767 0.132758 1.286153 0.732931 1.224654
Hand_White_A.dds
59 0.592303 -0.044771 0.922739 -1.144659 0.207375 0.565815 0.740879 1.138851
59 0.591288 -0.055781 0.924324 -1.079759 -0.565331 -0.433494 0.717381 1.146728
59 0.610954 -0.056622 0.935441 0.039767 0.132758 1.286153 0.732931 1.224654
Hand_White_A.dds
59 0.592303 -0.044771 0.922739 -1.144659 0.207375 0.565815 0.740879 1.138851
59 0.594712 -0.041870 0.915035 -0.029602 1.265775 -0.265201 0.775657 1.123752
60 0.595968 -0.045181 0.922345 1.093943 0.690155 -0.019233 0.739431 1.128869
Hand_White_A.dds
62 0.592489 -0.022724 0.920930 -1.265501 0.041436 0.264926 0.847642 1.163259
63 0.596674 -0.023070 0.920848 0.997833 0.760454 0.315331 0.847161 1.153644
62 0.591913 -0.032180 0.921585 -0.779746 -0.673860 -0.781860 0.819552 1.169602
Hand_White_A.dds
62 0.591913 -0.032180 0.921585 -0.779746 -0.673860 -0.781860 0.819552 1.169602
62 0.616389 -0.036720 0.930149 0.164538 -1.278667 0.106457 0.799509 1.288425
62 0.609247 -0.033629 0.936429 -0.137743 0.058922 1.284893 0.821136 1.250819
Hand_White_A.dds
62 0.609909 -0.021318 0.936020 0.550571 0.402840 1.099084 0.851054 1.244785
63 0.594158 -0.018382 0.913918 -0.187098 1.272485 -0.138458 0.874923 1.167104
62 0.592489 -0.022724 0.920930 -1.265501 0.041436 0.264926 0.847642 1.163259
Hand_White_A.dds
62 0.609909 -0.021318 0.936020 0.550571 0.402840 1.099084 0.851054 1.244785
62 0.592489 -0.022724 0.920930 -1.265501 0.041436 0.264926 0.847642 1.163259
62 0.609247 -0.033629 0.936429 -0.137743 0.058922 1.284893 0.821136 1.250819
Hand_White_A.dds
65 0.598614 -0.011198 0.919104 -0.026279 -1.245058 -0.350052 0.916301 1.247380
65 0.594864 -0.009311 0.924317 -1.290281 -0.091949 -0.010802 0.930426 1.256657
66 0.600176 -0.009315 0.926378 0.930809 -0.711904 -0.547889 0.931031 1.249256
Hand_White_A.dds
65 0.593490 -0.000389 0.924871 -0.847633 0.435209 -0.874932 0.960183 1.249474
66 0.600176 -0.009315 0.926378 0.930809 -0.711904 -0.547889 0.931031 1.249256
65 0.594864 -0.009311 0.924317 -1.290281 -0.091949 -0.010802 0.930426 1.256657
Hand_White_A.dds
66 0.600176 -0.009315 0.926378 0.930809 -0.711904 -0.547889 0.931031 1.249256
65 0.593490 -0.000389 0.924871 -0.847633 0.435209 -0.874932 0.960183 1.249474
66 0.600519 -0.000521 0.927956 0.904226 0.069455 0.922468 0.960215 1.238176
Hand_White_A.dds
65 0.597990 0.004277 0.919483 0.055554 1.263831 -0.270262 0.996961 1.242143
66 0.600519 -0.000521 0.927956 0.904226 0.069455 0.922468 0.960215 1.238176
65 0.593490 -0.000389 0.924871 -0.847633 0.435209 -0.874932 0.960183 1.249474
Hand_White_A.dds
54 0.535857 -0.067111 0.963926 0.336088 0.757693 0.993147 0.610562 1.536891
54 0.535250 -0.068476 0.965540 0.336507 1.249061 0.002385 0.610825 1.537852
54 0.541152 -0.071546 0.961475 1.172016 0.434957 0.332545 0.627937 1.541903
Hand_White_A.dds
54 0.524663 -0.067833 0.962005 -0.531138 1.104838 0.413063 0.582951 1.542098
54 0.535250 -0.068476 0.965540 0.336507 1.249061 0.002385 0.610825 1.537852
54 0.535857 -0.067111 0.963926 0.336088 0.757693 0.993147 0.610562 1.536891
Hand_White_A.dds
26 -0.556291 0.002850 1.052005 -1.052232 0.341691 0.670411 0.106768 1.934003
26 -0.579267 -0.020413 1.022887 -1.096216 0.044503 0.685364 0.138082 1.765212
26 -0.551150 -0.031719 1.061703 -0.884064 -0.367986 0.869720 0.198397 1.940148
Hand_White_A.dds
26 -0.553616 -0.053735 1.043341 -0.401237 -0.955764 0.773899 0.247891 1.889168
26 -0.551150 -0.031719 1.061703 -0.884064 -0.367986 0.869720 0.198397 1.940148
26 -0.571313 -0.058542 1.024114 -0.716686 -0.750319 0.772514 0.251389 1.775744
Hand_White_A.dds
26 -0.551150 -0.031719 1.061703 -0.884064 -0.367986 0.869720 0.198397 1.940148
26 -0.579267 -0.020413 1.022887 -1.096216 0.044503 0.685364 0.138082 1.765212
26 -0.575983 -0.041100 1.024583 -1.077165 -0.100297 0.709261 0.222489 1.789534
Hand_White_A.dds
26 -0.571313 -0.058542 1.024114 -0.716686 -0.750319 0.772514 0.251389 1.775744
26 -0.551150 -0.031719 1.061703 -0.884064 -0.367986 0.869720 0.198397 1.940148
26 -0.575983 -0.041100 1.024583 -1.077165 -0.100297 0.709261 0.222489 1.789534
Hand_White_A.dds
26 -0.600234 -0.055184 0.981055 -1.142485 -0.052077 0.604493 0.255537 1.459860
26 -0.575983 -0.041100 1.024583 -1.077165 -0.100297 0.709261 0.222489 1.789534
26 -0.579267 -0.020413 1.022887 -1.096216 0.044503 0.685364 0.138082 1.765212
Hand_White_A.dds
26 -0.571313 -0.058542 1.024114 -0.716686 -0.750319 0.772514 0.251389 1.775744
26 -0.575983 -0.041100 1.024583 -1.077165 -0.100297 0.709261 0.222489 1.789534
26 -0.602018 -0.066981 0.984124 -1.089763 -0.189672 0.670699 0.295566 1.477866
Hand_White_A.dds
37 -0.596396 -0.036123 0.913557 -0.172951 -1.170417 -0.523074 0.195588 1.145483
37 -0.598381 -0.030939 0.906039 -0.189516 -0.513540 -1.172073 0.181802 1.136858
38 -0.582756 -0.034823 0.917573 0.219380 -1.272946 -0.069824 0.201644 1.093981
Hand_White_A.dds
38 -0.580431 -0.031363 0.912186 0.513162 -0.611590 -1.017850 0.185251 1.083828
37 -0.598381 -0.030939 0.906039 -0.189516 -0.513540 -1.172073 0.181802 1.136858
38 -0.581589 -0.025871 0.911948 0.523361 0.226424 -1.161129 0.169540 1.077242
Hand_White_A.dds
38 -0.573485 -0.020391 0.917770 0.877926 0.529784 -0.788652 0.157597 1.041582
38 -0.572558 -0.030340 0.917112 0.921423 -0.342717 -0.840786 0.189038 1.045153
38 -0.581589 -0.025871 0.911948 0.523361 0.226424 -1.161129 0.169540 1.077242
Hand_White_A.dds
38 -0.580431 -0.031363 0.912186 0.513162 -0.611590 -1.017850 0.185251 1.083828
38 -0.581589 -0.025871 0.911948 0.523361 0.226424 -1.161129 0.169540 1.077242
38 -0.572558 -0.030340 0.917112 0.921423 -0.342717 -0.840786 0.189038 1.045153
Hand_White_A.dds
38 -0.573485 -0.020391 0.917770 0.877926 0.529784 -0.788652 0.157597 1.041582
38 -0.581589 -0.025871 0.911948 0.523361 0.226424 -1.161129 0.169540 1.077242
38 -0.581385 -0.020734 0.914277 0.318830 0.910888 -0.861409 0.151189 1.076664
Hand_White_A.dds
37 -0.597850 -0.022922 0.906864 -0.132938 0.793579 -1.012895 0.147098 1.128223
38 -0.581589 -0.025871 0.911948 0.523361 0.226424 -1.161129 0.169540 1.077242
37 -0.598381 -0.030939 0.906039 -0.189516 -0.513540 -1.172073 0.181802 1.136858
Hand_White_A.dds
34 -0.592708 -0.061505 0.916566 0.026097 -1.161640 -0.568600 0.293797 1.118366
34 -0.597219 -0.056025 0.909998 -0.021124 -0.631716 -1.128665 0.284388 1.120660
35 -0.580418 -0.058383 0.921240 0.420091 -1.218377 -0.111702 0.294460 1.058686
Hand_White_A.dds
35 -0.579973 -0.053881 0.916916 0.595025 -0.719376 -0.895454 0.286200 1.059802
34 -0.597219 -0.056025 0.909998 -0.021124 -0.631716 -1.128665 0.284388 1.120660
35 -0.579704 -0.049251 0.914233 0.604012 -0.063849 -1.142142 0.270761 1.054232
Hand_White_A.dds
35 -0.571725 -0.043592 0.921378 0.895477 0.364948 -0.859260 0.256281 1.023148
35 -0.571597 -0.050558 0.921325 0.911358 -0.356168 -0.846148 0.289070 1.026055
35 -0.579704 -0.049251 0.914233 0.604012 -0.063849 -1.142142 0.270761 1.054232
Hand_White_A.dds
35 -0.579973 -0.053881 0.916916 0.595025 -0.719376 -0.895454 0.286200 1.059802
35 -0.579704 -0.049251 0.914233 0.604012 -0.063849 -1.142142 0.270761 1.054232
35 -0.571597 -0.050558 0.921325 0.911358 -0.356168 -0.846148 0.289070 1.026055
Hand_White_A.dds
35 -0.571725 -0.043592 0.921378 0.895477 0.364948 -0.859260 0.256281 1.023148
35 -0.579704 -0.049251 0.914233 0.604012 -0.063849 -1.142142 0.270761 1.054232
35 -0.580497 -0.044397 0.915970 0.401144 0.720953 -0.996346 0.251819 1.060656
Hand_White_A.dds
34 -0.597811 -0.048241 0.909041 -0.117285 0.581885 -1.149369 0.245622 1.108734
35 -0.579704 -0.049251 0.914233 0.604012 -0.063849 -1.142142 0.270761 1.054232
34 -0.597219 -0.056025 0.909998 -0.021124 -0.631716 -1.128665 0.284388 1.120660
Hand_White_A.dds
31 -0.599870 -0.094920 0.914005 -0.340626 -1.195649 -0.357480 0.394423 1.177672
31 -0.603598 -0.091541 0.913125 -0.617394 -0.792422 -0.815039 0.377292 1.168551
32 -0.584464 -0.091594 0.912207 0.409228 -1.216825 0.158951 0.398291 1.128959
Hand_White_A.dds
31 -0.605014 -0.078413 0.910723 -0.394218 1.044992 -0.652671 0.331339 1.136873
32 -0.589539 -0.075837 0.905874 -0.293551 0.958821 -0.817243 0.343030 1.115240
31 -0.607540 -0.083504 0.910649 -0.801539 0.076088 -1.012492 0.345835 1.158508
Hand_White_A.dds
32 -0.581615 -0.077507 0.904153 0.057887 0.004952 -1.292292 0.352310 1.086585
32 -0.575994 -0.082195 0.906623 0.992056 -0.066788 -0.827502 0.370621 1.071269
32 -0.580194 -0.087925 0.907161 0.243148 -0.644861 -1.094727 0.382964 1.099597
Hand_White_A.dds
31 -0.607540 -0.083504 0.910649 -0.801539 0.076088 -1.012492 0.345835 1.158508
32 -0.589539 -0.075837 0.905874 -0.293551 0.958821 -0.817243 0.343030 1.115240
32 -0.589385 -0.077672 0.905225 -0.299627 0.193402 -1.243469 0.346736 1.119952
Hand_White_A.dds
32 -0.584464 -0.091594 0.912207 0.409228 -1.216825 0.158951 0.398291 1.128959
32 -0.585694 -0.090057 0.909148 0.029741 -1.022544 -0.791779 0.379298 1.136210
32 -0.576583 -0.088607 0.909391 0.739849 -0.968312 -0.434040 0.389077 1.091165
Hand_White_A.dds
32 -0.579627 -0.075629 0.904534 0.411813 0.956400 -0.767531 0.351015 1.075962
32 -0.581615 -0.077507 0.904153 0.057887 0.004952 -1.292292 0.352310 1.086585
32 -0.589539 -0.075837 0.905874 -0.293551 0.958821 -0.817243 0.343030 1.115240
Hand_White_A.dds
31 -0.599870 -0.094920 0.914005 -0.340626 -1.195649 -0.357480 0.615124 1.225159
32 -0.584464 -0.091594 0.912207 0.409228 -1.216825 0.158951 0.603906 1.167652
32 -0.596646 -0.086517 0.923113 -0.242227 -0.779844 1.003277 0.630657 1.218974
Hand_White_A.dds
31 -0.605014 -0.078413 0.910723 -0.394218 1.044992 -0.652671 0.669769 1.204955
32 -0.598688 -0.078576 0.920192 -0.908309 0.777736 0.493454 0.653307 1.206268
32 -0.589539 -0.075837 0.905874 -0.293551 0.958821 -0.817243 0.663105 1.145699
Hand_White_A.dds
32 -0.596646 -0.086517 0.923113 -0.242227 -0.779844 1.003277 0.630657 1.218974
32 -0.584464 -0.091594 0.912207 0.409228 -1.216825 0.158951 0.603906 1.167652
32 -0.582934 -0.084181 0.919170 0.606106 0.042669 1.142020 0.622488 1.166416
Hand_White_A.dds
32 -0.589539 -0.075837 0.905874 -0.293551 0.958821 -0.817243 0.663105 1.145699
32 -0.598688 -0.078576 0.920192 -0.908309 0.777736 0.493454 0.653307 1.206268
32 -0.584099 -0.075959 0.916233 0.227825 1.144608 0.557999 0.648565 1.157108
Hand_White_A.dds
32 -0.575994 -0.082195 0.906623 0.992056 -0.066788 -0.827502 0.617579 1.076948
32 -0.579627 -0.075629 0.904534 0.411813 0.956400 -0.767531 0.642918 1.083049
32 -0.577498 -0.076172 0.910396 0.979513 0.760319 0.368598 0.636620 1.112367
Hand_White_A.dds
32 -0.596646 -0.086517 0.923113 -0.242227 -0.779844 1.003277 0.630657 1.218974
32 -0.582934 -0.084181 0.919170 0.606106 0.042669 1.142020 0.622488 1.166416
32 -0.598688 -0.078576 0.920192 -0.908309 0.777736 0.493454 0.653307 1.206268
Hand_White_A.dds
32 -0.589539 -0.075837 0.905874 -0.293551 0.958821 -0.817243 0.663105 1.145699
32 -0.584099 -0.075959 0.916233 0.227825 1.144608 0.557999 0.648565 1.157108
32 -0.579627 -0.075629 0.904534 0.411813 0.956400 -0.767531 0.642918 1.083049
Hand_White_A.dds
32 -0.576583 -0.088607 0.909391 0.739849 -0.968312 -0.434040 0.595451 1.106813
32 -0.575385 -0.083597 0.913096 1.130663 -0.228709 0.585395 0.615727 1.129434
32 -0.584464 -0.091594 0.912207 0.409228 -1.216825 0.158951 0.603906 1.167652
Hand_White_A.dds
35 -0.594704 -0.041869 0.915025 0.029661 1.265793 -0.265111 0.775657 1.123752
35 -0.595955 -0.045179 0.922339 -1.095553 0.687582 -0.019751 0.739431 1.128869
35 -0.584290 -0.040224 0.919102 -0.035718 1.245184 -0.348765 0.758154 1.084376
Hand_White_A.dds
34 -0.592708 -0.061505 0.916566 0.026097 -1.161640 -0.568600 0.697951 1.132998
35 -0.580418 -0.058383 0.921240 0.420091 -1.218377 -0.111702 0.692211 1.092869
35 -0.594710 -0.056187 0.923854 -0.461621 -1.086313 0.529363 0.715710 1.136524
Hand_White_A.dds
35 -0.584290 -0.040224 0.919102 -0.035718 1.245184 -0.348765 0.758154 1.084376
35 -0.595955 -0.045179 0.922339 -1.095553 0.687582 -0.019751 0.739431 1.128869
35 -0.583416 -0.042370 0.929343 -0.269080 0.789421 0.988840 0.741071 1.078805
Hand_White_A.dds
35 -0.568672 -0.046216 0.926579 1.261978 0.250858 0.133706 0.713792 1.003549
35 -0.571760 -0.039773 0.924660 0.589635 1.143501 -0.134654 0.741184 1.002383
35 -0.573803 -0.042297 0.929392 0.462462 0.642414 1.023147 0.728273 1.017853
Hand_White_A.dds
35 -0.594710 -0.056187 0.923854 -0.461621 -1.086313 0.529363 0.715710 1.136524
35 -0.580418 -0.058383 0.921240 0.420091 -1.218377 -0.111702 0.692211 1.092869
35 -0.581854 -0.052544 0.930262 -0.304907 -0.463636 1.168533 0.711989 1.084214
Hand_White_A.dds
35 -0.584290 -0.040224 0.919102 -0.035718 1.245184 -0.348765 0.758154 1.084376
35 -0.583416 -0.042370 0.929343 -0.269080 0.789421 0.988840 0.741071 1.078805
35 -0.571760 -0.039773 0.924660 0.589635 1.143501 -0.134654 0.741184 1.002383
Hand_White_A.dds
35 -0.569131 -0.053747 0.925706 1.086831 -0.696063 -0.087697 0.703945 1.027417
35 -0.572020 -0.051743 0.930796 0.433033 -0.372173 1.160761 0.709732 1.033492
35 -0.580418 -0.058383 0.921240 0.420091 -1.218377 -0.111702 0.692211 1.092869
Hand_White_A.dds
35 -0.594710 -0.056187 0.923854 -0.461621 -1.086313 0.529363 0.715710 1.136524
35 -0.581854 -0.052544 0.930262 -0.304907 -0.463636 1.168533 0.711989 1.084214
35 -0.595955 -0.045179 0.922339 -1.095553 0.687582 -0.019751 0.739431 1.128869
Hand_White_A.dds
37 -0.595794 -0.018482 0.913793 0.141910 1.276745 -0.152243 0.874923 1.167104
38 -0.596662 -0.023070 0.920841 -0.996681 0.750213 0.342348 0.847161 1.153644
38 -0.583627 -0.018161 0.918005 -0.002871 1.293003 -0.039119 0.863801 1.098759
Hand_White_A.dds
37 -0.596396 -0.036123 0.913557 -0.172951 -1.170417 -0.523074 0.798004 1.160493
38 -0.582756 -0.034823 0.917573 0.219380 -1.272946 -0.069824 0.800238 1.112456
38 -0.596189 -0.032285 0.921546 -0.446803 -1.119349 0.469915 0.819251 1.160472
Hand_White_A.dds
38 -0.583627 -0.018161 0.918005 -0.002871 1.293003 -0.039119 0.863801 1.098759
38 -0.596662 -0.023070 0.920841 -0.996681 0.750213 0.342348 0.847161 1.153644
38 -0.583891 -0.022034 0.925583 -0.186785 0.618836 1.120512 0.843949 1.099676
Hand_White_A.dds
38 -0.575076 -0.030079 0.925370 0.481297 -0.570350 1.056622 0.819444 1.050578
38 -0.571547 -0.025590 0.920912 1.275889 0.098946 0.188977 0.827364 1.029049
38 -0.574874 -0.022151 0.926031 0.674334 0.407245 1.026070 0.839676 1.046247
Hand_White_A.dds
38 -0.596189 -0.032285 0.921546 -0.446803 -1.119349 0.469915 0.819251 1.160472
38 -0.582756 -0.034823 0.917573 0.219380 -1.272946 -0.069824 0.800238 1.112456
38 -0.583062 -0.031297 0.925130 -0.169728 -0.573496 1.147035 0.818752 1.108031
Hand_White_A.dds
38 -0.583627 -0.018161 0.918005 -0.002871 1.293003 -0.039119 0.863801 1.098759
38 -0.583891 -0.022034 0.925583 -0.186785 0.618836 1.120512 0.843949 1.099676
38 -0.573648 -0.018852 0.920740 0.593825 1.145343 0.094632 0.853283 1.044093
Hand_White_A.dds
38 -0.572133 -0.032541 0.919865 0.997520 -0.820946 0.066300 0.810636 1.049389
38 -0.575076 -0.030079 0.925370 0.481297 -0.570350 1.056622 0.819444 1.050578
38 -0.582756 -0.034823 0.917573 0.219380 -1.272946 -0.069824 0.800238 1.112456
Hand_White_A.dds
38 -0.596189 -0.032285 0.921546 -0.446803 -1.119349 0.469915 0.819251 1.160472
38 -0.583062 -0.031297 0.925130 -0.169728 -0.573496 1.147035 0.818752 1.108031
38 -0.596662 -0.023070 0.920841 -0.996681 0.750213 0.342348 0.847161 1.153644
Hand_White_A.dds
29 -0.521743 -0.070883 0.953627 1.279181 0.062955 -0.182009 0.558439 1.526448
29 -0.525589 -0.075199 0.951301 0.622578 -0.930784 -0.647636 0.525123 1.504192
29 -0.523261 -0.063578 0.947038 1.101513 -0.200760 -0.647889 0.542262 1.439154
Hand_White_A.dds
29 -0.534864 -0.053111 0.934063 0.095006 0.375456 -1.234262 0.495609 1.346675
29 -0.532642 -0.066943 0.942673 0.256343 -0.708935 -1.051235 0.493679 1.428185
29 -0.542238 -0.055698 0.935420 -0.882795 0.097900 -0.940470 0.455111 1.358734
Hand_White_A.dds
29 -0.539774 -0.075379 0.954270 -1.141990 -0.600065 -0.095799 0.422042 1.453184
29 -0.543946 -0.068235 0.944984 -0.866147 -0.733113 -0.621072 0.439213 1.434937
29 -0.534955 -0.077289 0.951156 -0.267332 -1.123123 -0.583543 0.451891 1.509051
Hand_White_A.dds
29 -0.523261 -0.063578 0.947038 1.101513 -0.200760 -0.647889 0.542262 1.439154
29 -0.525589 -0.075199 0.951301 0.622578 -0.930784 -0.647636 0.525123 1.504192
29 -0.532642 -0.066943 0.942673 0.256343 -0.708935 -1.051235 0.493679 1.428185
Hand_White_A.dds
29 -0.534864 -0.053111 0.934063 0.095006 0.375456 -1.234262 0.495609 1.346675
29 -0.527976 -0.053460 0.937060 0.947543 0.457421 -0.752545 0.540322 1.386898
29 -0.532642 -0.066943 0.942673 0.256343 -0.708935 -1.051235 0.493679 1.428185
Hand_White_A.dds
29 -0.534955 -0.077289 0.951156 -0.267332 -1.123123 -0.583543 0.451891 1.509051
29 -0.543946 -0.068235 0.944984 -0.866147 -0.733113 -0.621072 0.439213 1.434937
29 -0.532642 -0.066943 0.942673 0.256343 -0.708935 -1.051235 0.493679 1.428185
Hand_White_A.dds
29 -0.523261 -0.063578 0.947038 1.101513 -0.200760 -0.647889 0.542262 1.439154
29 -0.532642 -0.066943 0.942673 0.256343 -0.708935 -1.051235 0.493679 1.428185
29 -0.527976 -0.053460 0.937060 0.947543 0.457421 -0.752545 0.540322 1.386898
Hand_White_A.dds
29 -0.542238 -0.055698 0.935420 -0.882795 0.097900 -0.940470 0.455111 1.358734
29 -0.532642 -0.066943 0.942673 0.256343 -0.708935 -1.051235 0.493679 1.428185
29 -0.543946 -0.068235 0.944984 -0.866147 -0.733113 -0.621072 0.439213 1.434937
Hand_White_A.dds
29 -0.534955 -0.077289 0.951156 -0.267332 -1.123123 -0.583543 0.451891 1.509051
29 -0.532642 -0.066943 0.942673 0.256343 -0.708935 -1.051235 0.493679 1.428185
29 -0.525589 -0.075199 0.951301 0.622578 -0.930784 -0.647636 0.525123 1.504192
Hand_White_A.dds
29 -0.521743 -0.070883 0.953627 1.279181 0.062955 -0.182009 0.558439 1.526448
29 -0.525222 -0.055958 0.951888 0.954422 0.794283 0.362749 0.572138 1.438858
29 -0.524677 -0.067834 0.962007 0.400074 1.160542 0.408018 0.582951 1.542098
Hand_White_A.dds
29 -0.535870 -0.067112 0.963928 -0.336092 0.757692 0.993147 0.610562 1.536891
29 -0.524677 -0.067834 0.962007 0.400074 1.160542 0.408018 0.582951 1.542098
29 -0.538188 -0.056207 0.957017 -0.358650 0.834666 0.920922 0.592234 1.431336
Hand_White_A.dds
29 -0.534864 -0.053111 0.934063 0.095006 0.375456 -1.234262 0.495609 1.346675
29 -0.537636 -0.048728 0.944274 -0.267263 1.265490 0.022370 0.557676 1.364961
29 -0.527976 -0.053460 0.937060 0.947543 0.457421 -0.752545 0.540322 1.386898
Hand_White_A.dds
29 -0.521743 -0.070883 0.953627 1.279181 0.062955 -0.182009 0.558439 1.526448
29 -0.523261 -0.063578 0.947038 1.101513 -0.200760 -0.647889 0.542262 1.439154
29 -0.525222 -0.055958 0.951888 0.954422 0.794283 0.362749 0.572138 1.438858
Hand_White_A.dds
29 -0.538188 -0.056207 0.957017 -0.358650 0.834666 0.920922 0.592234 1.431336
29 -0.524677 -0.067834 0.962007 0.400074 1.160542 0.408018 0.582951 1.542098
29 -0.525222 -0.055958 0.951888 0.954422 0.794283 0.362749 0.572138 1.438858
Hand_White_A.dds
29 -0.527976 -0.053460 0.937060 0.947543 0.457421 -0.752545 0.540322 1.386898
29 -0.537636 -0.048728 0.944274 -0.267263 1.265490 0.022370 0.557676 1.364961
29 -0.525222 -0.055958 0.951888 0.954422 0.794283 0.362749 0.572138 1.438858
Hand_White_A.dds
29 -0.538188 -0.056207 0.957017 -0.358650 0.834666 0.920922 0.592234 1.431336
29 -0.525222 -0.055958 0.951888 0.954422 0.794283 0.362749 0.572138 1.438858
29 -0.537636 -0.048728 0.944274 -0.267263 1.265490 0.022370 0.557676 1.364961
Hand_White_A.dds
29 -0.527976 -0.053460 0.937060 0.947543 0.457421 -0.752545 0.540322 1.386898
29 -0.525222 -0.055958 0.951888 0.954422 0.794283 0.362749 0.572138 1.438858
29 -0.523261 -0.063578 0.947038 1.101513 -0.200760 -0.647889 0.542262 1.439154
Hand_White_A.dds
29 -0.534864 -0.053111 0.934063 0.095006 0.375456 -1.234262 0.441264 1.348444
29 -0.542238 -0.055698 0.935420 -0.882795 0.097900 -0.940470 0.455111 1.358734
29 -0.537636 -0.048728 0.944274 -0.267263 1.265490 0.022370 0.430413 1.365913
Hand_White_A.dds
29 -0.535870 -0.067112 0.963928 -0.336092 0.757692 0.993147 0.610562 1.536891
29 -0.538188 -0.056207 0.957017 -0.358650 0.834666 0.920922 0.592234 1.431336
29 -0.541166 -0.071547 0.961477 -1.141205 0.454637 0.405402 0.627937 1.541903
Hand_White_A.dds
29 -0.539774 -0.075379 0.954270 -1.141990 -0.600065 -0.095799 0.422042 1.453184
29 -0.545090 -0.058646 0.948469 -1.252261 0.243840 0.213962 0.411837 1.402192
29 -0.543946 -0.068235 0.944984 -0.866147 -0.733113 -0.621072 0.439213 1.434937
Hand_White_A.dds
29 -0.537636 -0.048728 0.944274 -0.267263 1.265490 0.022370 0.430413 1.365913
29 -0.542238 -0.055698 0.935420 -0.882795 0.097900 -0.940470 0.455111 1.358734
29 -0.545090 -0.058646 0.948469 -1.252261 0.243840 0.213962 0.411837 1.402192
Hand_White_A.dds
29 -0.541166 -0.071547 0.961477 -1.141205 0.454637 0.405402 0.627937 1.541903
29 -0.538188 -0.056207 0.957017 -0.358650 0.834666 0.920922 0.592234 1.431336
29 -0.545090 -0.058646 0.948469 -1.252261 0.243840 0.213962 0.618821 1.440135
Hand_White_A.dds
29 -0.539774 -0.075379 0.954270 -1.141990 -0.600065 -0.095799 0.422042 1.453184
29 -0.541166 -0.071547 0.961477 -1.141205 0.454637 0.405402 0.404708 1.460433
29 -0.545090 -0.058646 0.948469 -1.252261 0.243840 0.213962 0.411837 1.402192
Hand_White_A.dds
29 -0.537636 -0.048728 0.944274 -0.267263 1.265490 0.022370 0.557676 1.364961
29 -0.545090 -0.058646 0.948469 -1.252261 0.243840 0.213962 0.618821 1.440135
29 -0.538188 -0.056207 0.957017 -0.358650 0.834666 0.920922 0.592234 1.431336
Hand_White_A.dds
29 -0.543946 -0.068235 0.944984 -0.866147 -0.733113 -0.621072 0.439213 1.434937
29 -0.545090 -0.058646 0.948469 -1.252261 0.243840 0.213962 0.411837 1.402192
29 -0.542238 -0.055698 0.935420 -0.882795 0.097900 -0.940470 0.455111 1.358734
Hand_White_A.dds
26 -0.552607 0.016841 1.044616 -0.729399 0.990794 0.399624 0.049989 1.924075
44 -0.545495 0.006386 1.067547 -1.066210 0.268461 0.681556 0.100895 1.995052
44 -0.540856 0.020338 1.066260 -0.653757 1.106918 0.143981 0.051771 1.995052
Hand_White_A.dds
44 -0.545495 0.006386 1.067547 -1.066210 0.268461 0.681556 0.100895 1.995052
26 -0.552607 0.016841 1.044616 -0.729399 0.990794 0.399624 0.049989 1.924075
26 -0.556291 0.002850 1.052005 -1.052232 0.341691 0.670411 0.106768 1.934003
Hand_White_A.dds
26 -0.531032 0.012649 1.027304 0.698934 0.922126 -0.578420 0.950258 1.833506
44 -0.527537 0.024055 1.057687 -0.003982 1.245943 -0.347858 0.999008 1.995052
44 -0.514994 0.018368 1.045283 0.530321 0.902433 -0.760112 0.953643 1.995052
Hand_White_A.dds
44 -0.527537 0.024055 1.057687 -0.003982 1.245943 -0.347858 0.999008 1.995052
26 -0.531032 0.012649 1.027304 0.698934 0.922126 -0.578420 0.950258 1.833506
26 -0.542025 0.018086 1.034028 0.131147 1.283302 -0.096601 0.999008 1.846238
Hand_White_A.dds
26 -0.542025 0.018086 1.034028 0.131147 1.283302 -0.096601 0.000700 1.846083
44 -0.540856 0.020338 1.066260 -0.653757 1.106918 0.143981 0.051771 1.995052
44 -0.527537 0.024055 1.057687 -0.003982 1.245943 -0.347858 0.000700 1.995052
Hand_White_A.dds
44 -0.540856 0.020338 1.066260 -0.653757 1.106918 0.143981 0.051771 1.995052
26 -0.542025 0.018086 1.034028 0.131147 1.283302 -0.096601 0.000700 1.846083
26 -0.552607 0.016841 1.044616 -0.729399 0.990794 0.399624 0.049989 1.924075
Hand_White_A.dds
26 -0.571465 0.015033 1.014183 -0.890108 0.795635 0.498064 0.051808 1.756280
26 -0.589452 0.012201 0.985878 -0.753099 1.006430 0.305511 0.060978 1.530251
26 -0.604578 -0.003387 0.976376 -1.141153 0.264079 0.549025 0.093906 1.466220
Hand_White_A.dds
26 -0.589452 0.012201 0.985878 -0.753099 1.006430 0.305511 0.060978 1.530251
26 -0.571465 0.015033 1.014183 -0.890108 0.795635 0.498064 0.051808 1.756280
26 -0.558189 0.023190 1.008406 -0.158179 1.281522 0.077947 0.000700 1.762334
Hand_White_A.dds
26 -0.556291 0.002850 1.052005 -1.052232 0.341691 0.670411 0.106768 1.934003
26 -0.571465 0.015033 1.014183 -0.890108 0.795635 0.498064 0.051808 1.756280
26 -0.578407 -0.002387 1.019408 -1.089812 0.260866 0.646261 0.096774 1.755119
Hand_White_A.dds
26 -0.571465 0.015033 1.014183 -0.890108 0.795635 0.498064 0.051808 1.756280
26 -0.556291 0.002850 1.052005 -1.052232 0.341691 0.670411 0.106768 1.934003
26 -0.552607 0.016841 1.044616 -0.729399 0.990794 0.399624 0.049989 1.924075
Hand_White_A.dds
26 -0.605954 -0.006515 0.971150 -1.175295 -0.231192 0.488494 0.095795 1.446528
26 -0.599343 -0.011487 0.982014 -1.181252 0.126993 0.511773 0.115857 1.483787
26 -0.604578 -0.003387 0.976376 -1.141153 0.264079 0.549025 0.093906 1.466220
Hand_White_A.dds
26 -0.599343 -0.011487 0.982014 -1.181252 0.126993 0.511773 0.115857 1.483787
26 -0.605954 -0.006515 0.971150 -1.175295 -0.231192 0.488494 0.095795 1.446528
26 -0.601014 -0.011599 0.969388 -1.287760 0.113251 0.047358 0.104588 1.410136
Hand_White_A.dds
26 -0.594021 0.010764 0.963919 -0.027089 1.245558 -0.348207 0.000700 1.552688
26 -0.589452 0.012201 0.985878 -0.753099 1.006430 0.305511 0.060978 1.530251
26 -0.581498 0.017227 0.979171 0.109743 1.199989 -0.470508 0.000700 1.626360
Hand_White_A.dds
26 -0.589452 0.012201 0.985878 -0.753099 1.006430 0.305511 0.060978 1.530251
26 -0.594021 0.010764 0.963919 -0.027089 1.245558 -0.348207 0.000700 1.552688
26 -0.602612 0.006522 0.970250 -0.885993 0.888081 0.315790 0.060105 1.456786
Hand_White_A.dds
26 -0.542025 0.018086 1.034028 0.131147 1.283302 -0.096601 0.999008 1.846238
26 -0.548392 0.019039 1.004069 0.619497 1.032679 -0.472433 0.961909 1.705672
26 -0.558189 0.023190 1.008406 -0.158179 1.281522 0.077947 0.999008 1.695880
Hand_White_A.dds
26 -0.548392 0.019039 1.004069 0.619497 1.032679 -0.472433 0.961909 1.705672
26 -0.542025 0.018086 1.034028 0.131147 1.283302 -0.096601 0.999008 1.846238
26 -0.531032 0.012649 1.027304 0.698934 0.922126 -0.578420 0.950258 1.833506
Hand_White_A.dds
26 -0.578407 -0.002387 1.019408 -1.089812 0.260866 0.646261 0.096774 1.755119
26 -0.604578 -0.003387 0.976376 -1.141153 0.264079 0.549025 0.093906 1.466220
26 -0.599343 -0.011487 0.982014 -1.181252 0.126993 0.511773 0.115857 1.483787
Hand_White_A.dds
26 -0.604578 -0.003387 0.976376 -1.141153 0.264079 0.549025 0.093906 1.466220
26 -0.578407 -0.002387 1.019408 -1.089812 0.260866 0.646261 0.096774 1.755119
26 -0.571465 0.015033 1.014183 -0.890108 0.795635 0.498064 0.051808 1.756280
Hand_White_A.dds
26 -0.602612 0.006522 0.970250 -0.885993 0.888081 0.315790 0.060105 1.456786
26 -0.604578 -0.003387 0.976376 -1.141153 0.264079 0.549025 0.093906 1.466220
26 -0.589452 0.012201 0.985878 -0.753099 1.006430 0.305511 0.060978 1.530251
Hand_White_A.dds
26 -0.604578 -0.003387 0.976376 -1.141153 0.264079 0.549025 0.093906 1.466220
26 -0.602612 0.006522 0.970250 -0.885993 0.888081 0.315790 0.060105 1.456786
26 -0.605954 -0.006515 0.971150 -1.175295 -0.231192 0.488494 0.095795 1.446528
Hand_White_A.dds
26 -0.581498 0.017227 0.979171 0.109743 1.199989 -0.470508 0.999008 1.582915
26 -0.558189 0.023190 1.008406 -0.158179 1.281522 0.077947 0.999008 1.695880
26 -0.548392 0.019039 1.004069 0.619497 1.032679 -0.472433 0.961909 1.705672
Hand_White_A.dds
26 -0.558189 0.023190 1.008406 -0.158179 1.281522 0.077947 0.000700 1.762334
26 -0.581498 0.017227 0.979171 0.109743 1.199989 -0.470508 0.000700 1.626360
26 -0.589452 0.012201 0.985878 -0.753099 1.006430 0.305511 0.060978 1.530251
Hand_White_A.dds
26 -0.552607 0.016841 1.044616 -0.729399 0.990794 0.399624 0.049989 1.924075
26 -0.558189 0.023190 1.008406 -0.158179 1.281522 0.077947 0.000700 1.762334
26 -0.571465 0.015033 1.014183 -0.890108 0.795635 0.498064 0.051808 1.756280
Hand_White_A.dds
26 -0.558189 0.023190 1.008406 -0.158179 1.281522 0.077947 0.000700 1.762334
26 -0.552607 0.016841 1.044616 -0.729399 0.990794 0.399624 0.049989 1.924075
26 -0.542025 0.018086 1.034028 0.131147 1.283302 -0.096601 0.000700 1.846083
Hand_White_A.dds
26 -0.613745 -0.006350 0.958726 -1.094385 -0.506668 0.467978 0.079962 1.384245
39 -0.617322 0.003860 0.943112 -0.986396 0.830949 -0.099708 0.046648 1.307575
39 -0.618814 -0.006422 0.942006 -1.146968 -0.577290 -0.156831 0.077683 1.306498
Hand_White_A.dds
39 -0.617322 0.003860 0.943112 -0.986396 0.830949 -0.099708 0.046648 1.307575
26 -0.613745 -0.006350 0.958726 -1.094385 -0.506668 0.467978 0.079962 1.384245
26 -0.610725 0.005277 0.957488 -0.862231 0.875789 0.403666 0.058764 1.390351
Hand_White_A.dds
26 -0.601014 -0.011599 0.969388 -1.287760 0.113251 0.047358 0.104588 1.410136
26 -0.613745 -0.006350 0.958726 -1.094385 -0.506668 0.467978 0.079962 1.384245
39 -0.605492 -0.010910 0.950478 -0.470452 -1.200733 -0.101544 0.097488 1.374354
Hand_White_A.dds
26 -0.613745 -0.006350 0.958726 -1.094385 -0.506668 0.467978 0.079962 1.384245
26 -0.601014 -0.011599 0.969388 -1.287760 0.113251 0.047358 0.104588 1.410136
26 -0.605954 -0.006515 0.971150 -1.175295 -0.231192 0.488494 0.095795 1.446528
Hand_White_A.dds
40 -0.602615 -0.007939 0.915979 -0.413999 -0.552162 -1.094128 0.075893 1.225428
39 -0.612334 -0.011023 0.941213 -0.385817 -1.229779 -0.110383 0.105416 1.303461
39 -0.618814 -0.006422 0.942006 -1.146968 -0.577290 -0.156831 0.077683 1.306498
Hand_White_A.dds
39 -0.612334 -0.011023 0.941213 -0.385817 -1.229779 -0.110383 0.105416 1.303461
40 -0.602615 -0.007939 0.915979 -0.413999 -0.552162 -1.094128 0.075893 1.225428
40 -0.598599 -0.011198 0.919105 0.034217 -1.248149 -0.338154 0.100481 1.242768
Hand_White_A.dds
40 -0.597998 0.004277 0.919480 -0.074350 1.265419 -0.258037 0.000700 1.265634
39 -0.617322 0.003860 0.943112 -0.986396 0.830949 -0.099708 0.046648 1.307575
39 -0.609105 0.007009 0.942218 -0.007351 1.293304 -0.026584 0.000700 1.420912
Hand_White_A.dds
39 -0.617322 0.003860 0.943112 -0.986396 0.830949 -0.099708 0.046648 1.307575
40 -0.597998 0.004277 0.919480 -0.074350 1.265419 -0.258037 0.000700 1.265634
40 -0.601813 0.001180 0.916380 -0.371508 0.663837 -1.046278 0.046692 1.224892
Hand_White_A.dds
26 -0.602612 0.006522 0.970250 -0.885993 0.888081 0.315790 0.060105 1.456786
26 -0.597206 0.009883 0.958986 0.114869 1.254516 -0.293922 0.000700 1.518988
26 -0.610725 0.005277 0.957488 -0.862231 0.875789 0.403666 0.058764 1.390351
Hand_White_A.dds
26 -0.597206 0.009883 0.958986 0.114869 1.254516 -0.293922 0.000700 1.518988
26 -0.602612 0.006522 0.970250 -0.885993 0.888081 0.315790 0.060105 1.456786
26 -0.594021 0.010764 0.963919 -0.027089 1.245558 -0.348207 0.000700 1.552688
Hand_White_A.dds
39 -0.605492 -0.010910 0.950478 -0.470452 -1.200733 -0.101544 0.097488 1.374354
39 -0.618814 -0.006422 0.942006 -1.146968 -0.577290 -0.156831 0.077683 1.306498
39 -0.612334 -0.011023 0.941213 -0.385817 -1.229779 -0.110383 0.105416 1.303461
Hand_White_A.dds
39 -0.618814 -0.006422 0.942006 -1.146968 -0.577290 -0.156831 0.077683 1.306498
39 -0.605492 -0.010910 0.950478 -0.470452 -1.200733 -0.101544 0.097488 1.374354
26 -0.613745 -0.006350 0.958726 -1.094385 -0.506668 0.467978 0.079962 1.384245
Hand_White_A.dds
40 -0.601813 0.001180 0.916380 -0.371508 0.663837 -1.046278 0.046692 1.224892
39 -0.618814 -0.006422 0.942006 -1.146968 -0.577290 -0.156831 0.077683 1.306498
39 -0.617322 0.003860 0.943112 -0.986396 0.830949 -0.099708 0.046648 1.307575
Hand_White_A.dds
39 -0.618814 -0.006422 0.942006 -1.146968 -0.577290 -0.156831 0.077683 1.306498
40 -0.601813 0.001180 0.916380 -0.371508 0.663837 -1.046278 0.046692 1.224892
40 -0.602615 -0.007939 0.915979 -0.413999 -0.552162 -1.094128 0.075893 1.225428
Hand_White_A.dds
39 -0.609105 0.007009 0.942218 -0.007351 1.293304 -0.026584 0.000700 1.420912
26 -0.610725 0.005277 0.957488 -0.862231 0.875789 0.403666 0.058764 1.390351
26 -0.597206 0.009883 0.958986 0.114869 1.254516 -0.293922 0.000700 1.518988
Hand_White_A.dds
26 -0.610725 0.005277 0.957488 -0.862231 0.875789 0.403666 0.058764 1.390351
39 -0.609105 0.007009 0.942218 -0.007351 1.293304 -0.026584 0.000700 1.420912
39 -0.617322 0.003860 0.943112 -0.986396 0.830949 -0.099708 0.046648 1.307575
Hand_White_A.dds
26 -0.605954 -0.006515 0.971150 -1.175295 -0.231192 0.488494 0.095795 1.446528
26 -0.610725 0.005277 0.957488 -0.862231 0.875789 0.403666 0.058764 1.390351
26 -0.613745 -0.006350 0.958726 -1.094385 -0.506668 0.467978 0.079962 1.384245
Hand_White_A.dds
26 -0.610725 0.005277 0.957488 -0.862231 0.875789 0.403666 0.058764 1.390351
26 -0.605954 -0.006515 0.971150 -1.175295 -0.231192 0.488494 0.095795 1.446528
26 -0.602612 0.006522 0.970250 -0.885993 0.888081 0.315790 0.060105 1.456786
Hand_White_A.dds
41 -0.582381 -0.002936 0.920589 0.659111 0.214200 -1.092285 0.059605 1.147047
41 -0.587123 -0.008657 0.918019 0.331242 -0.538694 -1.128487 0.076124 1.187063
41 -0.586659 0.000520 0.919821 0.343003 0.596609 -1.095355 0.048552 1.180577
Hand_White_A.dds
40 -0.598599 -0.011198 0.919105 0.034217 -1.248149 -0.338154 0.100481 1.242768
41 -0.587123 -0.008657 0.918019 0.331242 -0.538694 -1.128487 0.076124 1.187063
41 -0.588800 -0.010829 0.922009 0.052224 -1.292109 -0.033508 0.096217 1.203695
Hand_White_A.dds
41 -0.587123 -0.008657 0.918019 0.331242 -0.538694 -1.128487 0.076124 1.187063
40 -0.598599 -0.011198 0.919105 0.034217 -1.248149 -0.338154 0.100481 1.242768
40 -0.602615 -0.007939 0.915979 -0.413999 -0.552162 -1.094128 0.075893 1.225428
Hand_White_A.dds
40 -0.601813 0.001180 0.916380 -0.371508 0.663837 -1.046278 0.046692 1.224892
41 -0.589198 0.002975 0.923638 0.291961 1.259824 -0.031587 0.000700 1.200974
41 -0.586659 0.000520 0.919821 0.343003 0.596609 -1.095355 0.048552 1.180577
Hand_White_A.dds
41 -0.589198 0.002975 0.923638 0.291961 1.259824 -0.031587 0.000700 1.200974
40 -0.601813 0.001180 0.916380 -0.371508 0.663837 -1.046278 0.046692 1.224892
40 -0.597998 0.004277 0.919480 -0.074350 1.265419 -0.258037 0.000700 1.265634
Hand_White_A.dds
41 -0.587123 -0.008657 0.918019 0.331242 -0.538694 -1.128487 0.076124 1.187063
41 -0.582381 -0.002936 0.920589 0.659111 0.214200 -1.092285 0.059605 1.147047
41 -0.578469 -0.009858 0.922982 0.725777 -1.008656 -0.359522 0.076281 1.120672
Hand_White_A.dds
41 -0.578469 -0.009858 0.922982 0.725777 -1.008656 -0.359522 0.076281 1.120672
41 -0.588800 -0.010829 0.922009 0.052224 -1.292109 -0.033508 0.096217 1.203695
41 -0.587123 -0.008657 0.918019 0.331242 -0.538694 -1.128487 0.076124 1.187063
Hand_White_A.dds
41 -0.582381 -0.002936 0.920589 0.659111 0.214200 -1.092285 0.059605 1.147047
41 -0.579528 0.001227 0.924144 0.834168 0.953585 -0.261216 0.047616 1.120648
41 -0.578090 -0.004277 0.923840 1.271243 0.112489 0.211384 0.062042 1.111094
Hand_White_A.dds
41 -0.579528 0.001227 0.924144 0.834168 0.953585 -0.261216 0.047616 1.120648
41 -0.586659 0.000520 0.919821 0.343003 0.596609 -1.095355 0.048552 1.180577
41 -0.589198 0.002975 0.923638 0.291961 1.259824 -0.031587 0.000700 1.200974
Hand_White_A.dds
41 -0.586659 0.000520 0.919821 0.343003 0.596609 -1.095355 0.048552 1.180577
41 -0.579528 0.001227 0.924144 0.834168 0.953585 -0.261216 0.047616 1.120648
41 -0.582381 -0.002936 0.920589 0.659111 0.214200 -1.092285 0.059605 1.147047
Hand_White_A.dds
40 -0.602615 -0.007939 0.915979 -0.413999 -0.552162 -1.094128 0.075893 1.225428
41 -0.586659 0.000520 0.919821 0.343003 0.596609 -1.095355 0.048552 1.180577
41 -0.587123 -0.008657 0.918019 0.331242 -0.538694 -1.128487 0.076124 1.187063
Hand_White_A.dds
41 -0.586659 0.000520 0.919821 0.343003 0.596609 -1.095355 0.048552 1.180577
40 -0.602615 -0.007939 0.915979 -0.413999 -0.552162 -1.094128 0.075893 1.225428
40 -0.601813 0.001180 0.916380 -0.371508 0.663837 -1.046278 0.046692 1.224892
Hand_White_A.dds
44 -0.534137 -0.044126 1.062679 -0.152069 -1.075554 0.702462 0.259435 1.995052
44 -0.543934 -0.026435 1.070176 -0.824321 -0.363030 0.928493 0.193959 1.995052
26 -0.551150 -0.031719 1.061703 -0.884064 -0.367986 0.869720 0.198397 1.940148
Hand_White_A.dds
26 -0.551150 -0.031719 1.061703 -0.884064 -0.367986 0.869720 0.198397 1.940148
26 -0.541513 -0.052997 1.049175 0.063812 -1.015495 0.798807 0.268387 1.941882
44 -0.534137 -0.044126 1.062679 -0.152069 -1.075554 0.702462 0.259435 1.995052
Hand_White_A.dds
44 -0.545495 0.006386 1.067547 -1.066210 0.268461 0.681556 0.100895 1.995052
26 -0.551150 -0.031719 1.061703 -0.884064 -0.367986 0.869720 0.198397 1.940148
44 -0.543934 -0.026435 1.070176 -0.824321 -0.363030 0.928493 0.193959 1.995052
Hand_White_A.dds
26 -0.551150 -0.031719 1.061703 -0.884064 -0.367986 0.869720 0.198397 1.940148
44 -0.545495 0.006386 1.067547 -1.066210 0.268461 0.681556 0.100895 1.995052
26 -0.556291 0.002850 1.052005 -1.052232 0.341691 0.670411 0.106768 1.934003
Hand_White_A.dds
44 -0.511540 -0.036416 1.047424 0.974280 -0.406263 -0.747746 0.850601 1.995052
26 -0.525119 -0.006279 1.028445 1.061778 -0.072993 -0.735320 0.912031 1.837202
44 -0.512570 0.009152 1.043481 0.953326 0.220403 -0.846161 0.929399 1.995052
Hand_White_A.dds
44 -0.518544 -0.045062 1.055007 0.678046 -1.083785 -0.197632 0.556395 1.995052
26 -0.524636 -0.040486 1.033528 1.232519 -0.258671 -0.295605 0.813456 1.925211
44 -0.511540 -0.036416 1.047424 0.974280 -0.406263 -0.747746 0.850601 1.995052
Hand_White_A.dds
26 -0.524636 -0.040486 1.033528 1.232519 -0.258671 -0.295605 0.813456 1.925211
44 -0.518544 -0.045062 1.055007 0.678046 -1.083785 -0.197632 0.556395 1.995052
26 -0.527901 -0.049394 1.040357 0.933201 -0.757587 0.478114 0.561100 1.953192
Hand_White_A.dds
26 -0.525119 -0.006279 1.028445 1.061778 -0.072993 -0.735320 0.912031 1.837202
44 -0.511540 -0.036416 1.047424 0.974280 -0.406263 -0.747746 0.850601 1.995052
26 -0.524636 -0.040486 1.033528 1.232519 -0.258671 -0.295605 0.813456 1.925211
Hand_White_A.dds
26 -0.531032 0.012649 1.027304 0.698934 0.922126 -0.578420 0.950258 1.833506
44 -0.512570 0.009152 1.043481 0.953326 0.220403 -0.846161 0.929399 1.995052
26 -0.525108 0.004518 1.027640 1.040999 0.262100 -0.721817 0.929410 1.835566
Hand_White_A.dds
44 -0.512570 0.009152 1.043481 0.953326 0.220403 -0.846161 0.929399 1.995052
26 -0.531032 0.012649 1.027304 0.698934 0.922126 -0.578420 0.950258 1.833506
44 -0.514994 0.018368 1.045283 0.530321 0.902433 -0.760112 0.953643 1.995052
Hand_White_A.dds
26 -0.525108 0.004518 1.027640 1.040999 0.262100 -0.721817 0.929410 1.835566
44 -0.512570 0.009152 1.043481 0.953326 0.220403 -0.846161 0.929399 1.995052
26 -0.525119 -0.006279 1.028445 1.061778 -0.072993 -0.735320 0.912031 1.837202
Hand_White_A.dds
26 -0.542439 0.010339 1.002417 0.977810 0.360962 -0.766152 0.926731 1.709772
26 -0.577200 -0.017199 0.970205 0.969242 0.028656 -0.856238 0.866160 1.518050
26 -0.571024 0.004658 0.971337 0.847002 0.388264 -0.897348 0.939665 1.577249
Hand_White_A.dds
26 -0.577200 -0.017199 0.970205 0.969242 0.028656 -0.856238 0.866160 1.518050
26 -0.542439 0.010339 1.002417 0.977810 0.360962 -0.766152 0.926731 1.709772
26 -0.539449 -0.008827 1.003772 1.012376 -0.104834 -0.798436 0.857830 1.701395
Hand_White_A.dds
26 -0.531032 0.012649 1.027304 0.698934 0.922126 -0.578420 0.950258 1.833506
26 -0.542439 0.010339 1.002417 0.977810 0.360962 -0.766152 0.926731 1.709772
26 -0.548392 0.019039 1.004069 0.619497 1.032679 -0.472433 0.961909 1.705672
Hand_White_A.dds
26 -0.542439 0.010339 1.002417 0.977810 0.360962 -0.766152 0.926731 1.709772
26 -0.531032 0.012649 1.027304 0.698934 0.922126 -0.578420 0.950258 1.833506
26 -0.525108 0.004518 1.027640 1.040999 0.262100 -0.721817 0.929410 1.835566
Hand_White_A.dds
26 -0.584386 0.002742 0.958899 0.633748 0.639351 -0.928972 0.955580 1.525321
26 -0.581498 0.017227 0.979171 0.109743 1.199989 -0.470508 0.999008 1.582915
26 -0.571024 0.004658 0.971337 0.847002 0.388264 -0.897348 0.939665 1.577249
Hand_White_A.dds
26 -0.581498 0.017227 0.979171 0.109743 1.199989 -0.470508 0.999008 1.582915
26 -0.584386 0.002742 0.958899 0.633748 0.639351 -0.928972 0.955580 1.525321
26 -0.594021 0.010764 0.963919 -0.027089 1.245558 -0.348207 0.996961 1.526872
Hand_White_A.dds
26 -0.539449 -0.008827 1.003772 1.012376 -0.104834 -0.798436 0.857830 1.701395
26 -0.525108 0.004518 1.027640 1.040999 0.262100 -0.721817 0.929410 1.835566
26 -0.525119 -0.006279 1.028445 1.061778 -0.072993 -0.735320 0.912031 1.837202
Hand_White_A.dds
26 -0.548392 0.019039 1.004069 0.619497 1.032679 -0.472433 0.961909 1.705672
26 -0.571024 0.004658 0.971337 0.847002 0.388264 -0.897348 0.939665 1.577249
26 -0.581498 0.017227 0.979171 0.109743 1.199989 -0.470508 0.999008 1.582915
Hand_White_A.dds
26 -0.571024 0.004658 0.971337 0.847002 0.388264 -0.897348 0.939665 1.577249
26 -0.548392 0.019039 1.004069 0.619497 1.032679 -0.472433 0.961909 1.705672
26 -0.542439 0.010339 1.002417 0.977810 0.360962 -0.766152 0.926731 1.709772
Hand_White_A.dds
39 -0.595018 -0.013229 0.947575 0.361297 0.069831 -1.240155 0.906818 1.420637
26 -0.571024 0.004658 0.971337 0.847002 0.388264 -0.897348 0.939665 1.577249
26 -0.577200 -0.017199 0.970205 0.969242 0.028656 -0.856238 0.866160 1.518050
Hand_White_A.dds
26 -0.571024 0.004658 0.971337 0.847002 0.388264 -0.897348 0.939665 1.577249
39 -0.595018 -0.013229 0.947575 0.361297 0.069831 -1.240155 0.906818 1.420637
26 -0.584386 0.002742 0.958899 0.633748 0.639351 -0.928972 0.955580 1.525321
Hand_White_A.dds
26 -0.525108 0.004518 1.027640 1.040999 0.262100 -0.721817 0.929410 1.835566
26 -0.539449 -0.008827 1.003772 1.012376 -0.104834 -0.798436 0.857830 1.701395
26 -0.542439 0.010339 1.002417 0.977810 0.360962 -0.766152 0.926731 1.709772
Hand_White_A.dds
39 -0.592638 0.002194 0.951836 0.827333 0.525148 -0.844473 0.954547 1.477366
39 -0.604660 -0.009568 0.939151 0.292845 -0.031650 -1.259617 0.922668 1.337466
39 -0.604403 0.000813 0.938462 -0.564564 0.468314 -1.065525 0.959810 1.381300
Hand_White_A.dds
39 -0.604660 -0.009568 0.939151 0.292845 -0.031650 -1.259617 0.922668 1.337466
39 -0.592638 0.002194 0.951836 0.827333 0.525148 -0.844473 0.954547 1.477366
39 -0.595403 -0.010274 0.948891 0.544226 -0.365172 -1.115286 0.914307 1.408653
Hand_White_A.dds
26 -0.594021 0.010764 0.963919 -0.027089 1.245558 -0.348207 0.996961 1.526872
39 -0.592638 0.002194 0.951836 0.827333 0.525148 -0.844473 0.954547 1.477366
26 -0.597206 0.009883 0.958986 0.114869 1.254516 -0.293922 0.996961 1.492262
Hand_White_A.dds
39 -0.592638 0.002194 0.951836 0.827333 0.525148 -0.844473 0.954547 1.477366
26 -0.594021 0.010764 0.963919 -0.027089 1.245558 -0.348207 0.996961 1.526872
26 -0.584386 0.002742 0.958899 0.633748 0.639351 -0.928972 0.955580 1.525321
Hand_White_A.dds
40 -0.593496 -0.000389 0.924858 0.913729 0.383438 -0.831546 0.960183 1.249474
39 -0.609105 0.007009 0.942218 -0.007351 1.293304 -0.026584 0.996961 1.396153
40 -0.604675 0.000714 0.942538 0.535981 -0.179176 1.163622 0.959868 1.360894
Hand_White_A.dds
39 -0.609105 0.007009 0.942218 -0.007351 1.293304 -0.026584 0.996961 1.396153
40 -0.593496 -0.000389 0.924858 0.913729 0.383438 -0.831546 0.960183 1.249474
40 -0.597998 0.004277 0.919480 -0.074350 1.265419 -0.258037 0.996961 1.242143
Hand_White_A.dds
40 -0.598599 -0.011198 0.919105 0.034217 -1.248149 -0.338154 0.916301 1.247380
40 -0.605300 -0.009445 0.942304 -0.820926 -0.906318 0.421976 0.923991 1.321301
39 -0.612334 -0.011023 0.941213 -0.385817 -1.229779 -0.110383 0.913446 1.323559
Hand_White_A.dds
39 -0.604660 -0.009568 0.939151 0.292845 -0.031650 -1.259617 0.922668 1.337466
39 -0.612334 -0.011023 0.941213 -0.385817 -1.229779 -0.110383 0.913446 1.323559
40 -0.605300 -0.009445 0.942304 -0.820926 -0.906318 0.421976 0.923991 1.321301
Hand_White_A.dds
39 -0.595018 -0.013229 0.947575 0.361297 0.069831 -1.240155 0.906818 1.420637
39 -0.605492 -0.010910 0.950478 -0.470452 -1.200733 -0.101544 0.905559 1.373499
39 -0.595403 -0.010274 0.948891 0.544226 -0.365172 -1.115286 0.914307 1.408653
Hand_White_A.dds
39 -0.605492 -0.010910 0.950478 -0.470452 -1.200733 -0.101544 0.905559 1.373499
39 -0.595018 -0.013229 0.947575 0.361297 0.069831 -1.240155 0.906818 1.420637
26 -0.601014 -0.011599 0.969388 -1.287760 0.113251 0.047358 0.898632 1.373499
Hand_White_A.dds
26 -0.597206 0.009883 0.958986 0.114869 1.254516 -0.293922 0.996961 1.492262
39 -0.604403 0.000813 0.938462 -0.564564 0.468314 -1.065525 0.959810 1.381300
39 -0.609105 0.007009 0.942218 -0.007351 1.293304 -0.026584 0.996961 1.396153
Hand_White_A.dds
39 -0.604403 0.000813 0.938462 -0.564564 0.468314 -1.065525 0.959810 1.381300
26 -0.597206 0.009883 0.958986 0.114869 1.254516 -0.293922 0.996961 1.492262
39 -0.592638 0.002194 0.951836 0.827333 0.525148 -0.844473 0.954547 1.477366
Hand_White_A.dds
40 -0.605300 -0.009445 0.942304 -0.820926 -0.906318 0.421976 0.923991 1.321301
39 -0.604403 0.000813 0.938462 -0.564564 0.468314 -1.065525 0.959810 1.381300
39 -0.604660 -0.009568 0.939151 0.292845 -0.031650 -1.259617 0.922668 1.337466
Hand_White_A.dds
40 -0.604675 0.000714 0.942538 0.535981 -0.179176 1.163622 0.959868 1.360894
40 -0.594869 -0.009312 0.924304 1.287508 -0.101671 -0.073359 0.930426 1.256657
40 -0.593496 -0.000389 0.924858 0.913729 0.383438 -0.831546 0.960183 1.249474
Hand_White_A.dds
39 -0.612334 -0.011023 0.941213 -0.385817 -1.229779 -0.110383 0.913446 1.323559
39 -0.595403 -0.010274 0.948891 0.544226 -0.365172 -1.115286 0.914307 1.408653
39 -0.605492 -0.010910 0.950478 -0.470452 -1.200733 -0.101544 0.905559 1.373499
Hand_White_A.dds
39 -0.595403 -0.010274 0.948891 0.544226 -0.365172 -1.115286 0.914307 1.408653
39 -0.612334 -0.011023 0.941213 -0.385817 -1.229779 -0.110383 0.913446 1.323559
39 -0.604660 -0.009568 0.939151 0.292845 -0.031650 -1.259617 0.922668 1.337466
Hand_White_A.dds
26 -0.584386 0.002742 0.958899 0.633748 0.639351 -0.928972 0.955580 1.525321
39 -0.595403 -0.010274 0.948891 0.544226 -0.365172 -1.115286 0.914307 1.408653
39 -0.592638 0.002194 0.951836 0.827333 0.525148 -0.844473 0.954547 1.477366
Hand_White_A.dds
39 -0.595403 -0.010274 0.948891 0.544226 -0.365172 -1.115286 0.914307 1.408653
26 -0.584386 0.002742 0.958899 0.633748 0.639351 -0.928972 0.955580 1.525321
39 -0.595018 -0.013229 0.947575 0.361297 0.069831 -1.240155 0.906818 1.420637
Hand_White_A.dds
41 -0.588450 -0.000060 0.928643 0.018881 0.650695 1.117871 0.962262 1.212918
41 -0.582750 -0.009141 0.928146 0.546414 -0.335480 1.123512 0.939815 1.146989
41 -0.582846 -0.001682 0.928036 0.551700 0.521321 1.047495 0.965319 1.145392
Hand_White_A.dds
41 -0.582750 -0.009141 0.928146 0.546414 -0.335480 1.123512 0.939815 1.146989
41 -0.588450 -0.000060 0.928643 0.018881 0.650695 1.117871 0.962262 1.212918
41 -0.589261 -0.009337 0.929085 -0.134583 -0.856143 0.960365 0.936152 1.205637
Hand_White_A.dds
40 -0.597998 0.004277 0.919480 -0.074350 1.265419 -0.258037 0.996961 1.242143
41 -0.588450 -0.000060 0.928643 0.018881 0.650695 1.117871 0.962262 1.212918
41 -0.589198 0.002975 0.923638 0.291961 1.259824 -0.031587 0.999008 1.202685
Hand_White_A.dds
41 -0.588450 -0.000060 0.928643 0.018881 0.650695 1.117871 0.962262 1.212918
40 -0.597998 0.004277 0.919480 -0.074350 1.265419 -0.258037 0.996961 1.242143
41 -0.598362 -0.000515 0.926662 -1.064063 0.014288 0.735501 0.960215 1.238176
Hand_White_A.dds
41 -0.597574 -0.009308 0.924817 -0.898268 -0.701562 -0.611817 0.931031 1.249256
41 -0.588800 -0.010829 0.922009 0.052224 -1.292109 -0.033508 0.922853 1.194435
41 -0.589261 -0.009337 0.929085 -0.134583 -0.856143 0.960365 0.936152 1.205637
Hand_White_A.dds
41 -0.588800 -0.010829 0.922009 0.052224 -1.292109 -0.033508 0.922853 1.194435
41 -0.597574 -0.009308 0.924817 -0.898268 -0.701562 -0.611817 0.931031 1.249256
40 -0.598599 -0.011198 0.919105 0.034217 -1.248149 -0.338154 0.916301 1.247380
Hand_White_A.dds
41 -0.589198 0.002975 0.923638 0.291961 1.259824 -0.031587 0.999008 1.202685
41 -0.582846 -0.001682 0.928036 0.551700 0.521321 1.047495 0.965319 1.145392
41 -0.579528 0.001227 0.924144 0.834168 0.953585 -0.261216 0.967777 1.111524
Hand_White_A.dds
41 -0.582846 -0.001682 0.928036 0.551700 0.521321 1.047495 0.965319 1.145392
41 -0.589198 0.002975 0.923638 0.291961 1.259824 -0.031587 0.999008 1.202685
41 -0.588450 -0.000060 0.928643 0.018881 0.650695 1.117871 0.962262 1.212918
Hand_White_A.dds
41 -0.578469 -0.009858 0.922982 0.725777 -1.008656 -0.359522 0.926862 1.104682
41 -0.578090 -0.004277 0.923840 1.271243 0.112489 0.211384 0.948756 1.093420
41 -0.582750 -0.009141 0.928146 0.546414 -0.335480 1.123512 0.939815 1.146989
Hand_White_A.dds
41 -0.582846 -0.001682 0.928036 0.551700 0.521321 1.047495 0.965319 1.145392
41 -0.578090 -0.004277 0.923840 1.271243 0.112489 0.211384 0.948756 1.093420
41 -0.579528 0.001227 0.924144 0.834168 0.953585 -0.261216 0.967777 1.111524
Hand_White_A.dds
41 -0.578469 -0.009858 0.922982 0.725777 -1.008656 -0.359522 0.926862 1.104682
41 -0.589261 -0.009337 0.929085 -0.134583 -0.856143 0.960365 0.936152 1.205637
41 -0.588800 -0.010829 0.922009 0.052224 -1.292109 -0.033508 0.922853 1.194435
Hand_White_A.dds
41 -0.589261 -0.009337 0.929085 -0.134583 -0.856143 0.960365 0.936152 1.205637
41 -0.578469 -0.009858 0.922982 0.725777 -1.008656 -0.359522 0.926862 1.104682
41 -0.582750 -0.009141 0.928146 0.546414 -0.335480 1.123512 0.939815 1.146989
Hand_White_A.dds
41 -0.598362 -0.000515 0.926662 -1.064063 0.014288 0.735501 0.960215 1.238176
41 -0.589261 -0.009337 0.929085 -0.134583 -0.856143 0.960365 0.936152 1.205637
41 -0.588450 -0.000060 0.928643 0.018881 0.650695 1.117871 0.962262 1.212918
Hand_White_A.dds
41 -0.589261 -0.009337 0.929085 -0.134583 -0.856143 0.960365 0.936152 1.205637
41 -0.598362 -0.000515 0.926662 -1.064063 0.014288 0.735501 0.960215 1.238176
41 -0.597574 -0.009308 0.924817 -0.898268 -0.701562 -0.611817 0.931031 1.249256
Hand_White_A.dds
26 -0.579267 -0.020413 1.022887 -1.096216 0.044503 0.685364 0.138082 1.765212
26 -0.602183 -0.032961 0.978876 -1.225910 0.048546 0.410102 0.173049 1.462346
26 -0.608527 -0.044291 0.977181 -1.188591 0.014690 0.510324 0.211357 1.448818
Hand_White_A.dds
26 -0.602183 -0.032961 0.978876 -1.225910 0.048546 0.410102 0.173049 1.462346
26 -0.579267 -0.020413 1.022887 -1.096216 0.044503 0.685364 0.138082 1.765212
26 -0.607662 -0.022747 0.976534 -1.195850 0.047359 0.491016 0.135760 1.442248
Hand_White_A.dds
26 -0.579267 -0.020413 1.022887 -1.096216 0.044503 0.685364 0.138082 1.765212
26 -0.556291 0.002850 1.052005 -1.052232 0.341691 0.670411 0.106768 1.934003
26 -0.578407 -0.002387 1.019408 -1.089812 0.260866 0.646261 0.096774 1.755119
Hand_White_A.dds
26 -0.608003 -0.053190 0.970776 -1.078504 -0.515062 0.494910 0.245034 1.410054
26 -0.600234 -0.055184 0.981055 -1.142485 -0.052077 0.604493 0.255537 1.459860
26 -0.608527 -0.044291 0.977181 -1.188591 0.014690 0.510324 0.211357 1.448818
Hand_White_A.dds
26 -0.600234 -0.055184 0.981055 -1.142485 -0.052077 0.604493 0.255537 1.459860
26 -0.608003 -0.053190 0.970776 -1.078504 -0.515062 0.494910 0.245034 1.410054
33 -0.605815 -0.060642 0.963378 -1.269339 0.130624 -0.212391 0.271844 1.367044
Hand_White_A.dds
36 -0.600607 -0.035317 0.955006 -1.235752 -0.118208 -0.363785 0.182496 1.348029
26 -0.602183 -0.032961 0.978876 -1.225910 0.048546 0.410102 0.173049 1.462346
26 -0.608330 -0.029731 0.968341 -0.997033 -0.750362 0.340995 0.161258 1.394087
Hand_White_A.dds
26 -0.602183 -0.032961 0.978876 -1.225910 0.048546 0.410102 0.173049 1.462346
36 -0.600607 -0.035317 0.955006 -1.235752 -0.118208 -0.363785 0.182496 1.348029
26 -0.609126 -0.038598 0.968213 -1.107300 0.551766 0.377938 0.197512 1.405715
Hand_White_A.dds
26 -0.599343 -0.011487 0.982014 -1.181252 0.126993 0.511773 0.115857 1.483787
26 -0.607643 -0.015828 0.968034 -1.091864 0.553248 0.418504 0.120138 1.402901
26 -0.607662 -0.022747 0.976534 -1.195850 0.047359 0.491016 0.135760 1.442248
Hand_White_A.dds
26 -0.607643 -0.015828 0.968034 -1.091864 0.553248 0.418504 0.120138 1.402901
26 -0.599343 -0.011487 0.982014 -1.181252 0.126993 0.511773 0.115857 1.483787
26 -0.601014 -0.011599 0.969388 -1.287760 0.113251 0.047358 0.104588 1.410136
Hand_White_A.dds
26 -0.579267 -0.020413 1.022887 -1.096216 0.044503 0.685364 0.138082 1.765212
26 -0.608527 -0.044291 0.977181 -1.188591 0.014690 0.510324 0.211357 1.448818
26 -0.600234 -0.055184 0.981055 -1.142485 -0.052077 0.604493 0.255537 1.459860
Hand_White_A.dds
26 -0.609126 -0.038598 0.968213 -1.107300 0.551766 0.377938 0.197512 1.405715
26 -0.608527 -0.044291 0.977181 -1.188591 0.014690 0.510324 0.211357 1.448818
26 -0.602183 -0.032961 0.978876 -1.225910 0.048546 0.410102 0.173049 1.462346
Hand_White_A.dds
26 -0.608527 -0.044291 0.977181 -1.188591 0.014690 0.510324 0.211357 1.448818
26 -0.609126 -0.038598 0.968213 -1.107300 0.551766 0.377938 0.197512 1.405715
26 -0.608003 -0.053190 0.970776 -1.078504 -0.515062 0.494910 0.245034 1.410054
Hand_White_A.dds
26 -0.608330 -0.029731 0.968341 -0.997033 -0.750362 0.340995 0.161258 1.394087
26 -0.607662 -0.022747 0.976534 -1.195850 0.047359 0.491016 0.135760 1.442248
26 -0.607643 -0.015828 0.968034 -1.091864 0.553248 0.418504 0.120138 1.402901
Hand_White_A.dds
26 -0.607662 -0.022747 0.976534 -1.195850 0.047359 0.491016 0.135760 1.442248
26 -0.608330 -0.029731 0.968341 -0.997033 -0.750362 0.340995 0.161258 1.394087
26 -0.602183 -0.032961 0.978876 -1.225910 0.048546 0.410102 0.173049 1.462346
Hand_White_A.dds
26 -0.599343 -0.011487 0.982014 -1.181252 0.126993 0.511773 0.115857 1.483787
26 -0.607662 -0.022747 0.976534 -1.195850 0.047359 0.491016 0.135760 1.442248
26 -0.579267 -0.020413 1.022887 -1.096216 0.044503 0.685364 0.138082 1.765212
Hand_White_A.dds
26 -0.579267 -0.020413 1.022887 -1.096216 0.044503 0.685364 0.138082 1.765212
26 -0.578407 -0.002387 1.019408 -1.089812 0.260866 0.646261 0.096774 1.755119
26 -0.599343 -0.011487 0.982014 -1.181252 0.126993 0.511773 0.115857 1.483787
Hand_White_A.dds
36 -0.614866 -0.018812 0.957606 -0.995809 0.735853 0.374539 0.127145 1.348838
36 -0.625893 -0.032167 0.933512 -1.107583 -0.633563 -0.212727 0.169798 1.258606
36 -0.616333 -0.029302 0.957544 -0.931051 -0.679173 0.587591 0.157749 1.343539
Hand_White_A.dds
36 -0.625893 -0.032167 0.933512 -1.107583 -0.633563 -0.212727 0.169798 1.258606
36 -0.614866 -0.018812 0.957606 -0.995809 0.735853 0.374539 0.127145 1.348838
36 -0.626142 -0.020450 0.935183 -0.986982 0.740892 -0.387739 0.127576 1.245794
Hand_White_A.dds
26 -0.601014 -0.011599 0.969388 -1.287760 0.113251 0.047358 0.104588 1.410136
36 -0.614866 -0.018812 0.957606 -0.995809 0.735853 0.374539 0.127145 1.348838
26 -0.607643 -0.015828 0.968034 -1.091864 0.553248 0.418504 0.120138 1.402901
Hand_White_A.dds
36 -0.614866 -0.018812 0.957606 -0.995809 0.735853 0.374539 0.127145 1.348838
26 -0.601014 -0.011599 0.969388 -1.287760 0.113251 0.047358 0.104588 1.410136
36 -0.604253 -0.015226 0.951689 -0.177812 1.262687 -0.217717 0.113001 1.350260
Hand_White_A.dds
36 -0.604593 -0.033450 0.953341 -0.229415 -1.269223 0.099183 0.165398 1.347408
26 -0.608330 -0.029731 0.968341 -0.997033 -0.750362 0.340995 0.161258 1.394087
36 -0.616333 -0.029302 0.957544 -0.931051 -0.679173 0.587591 0.157749 1.343539
Hand_White_A.dds
26 -0.608330 -0.029731 0.968341 -0.997033 -0.750362 0.340995 0.161258 1.394087
36 -0.604593 -0.033450 0.953341 -0.229415 -1.269223 0.099183 0.165398 1.347408
36 -0.600607 -0.035317 0.955006 -1.235752 -0.118208 -0.363785 0.182496 1.348029
Hand_White_A.dds
37 -0.596396 -0.036123 0.913557 -0.172951 -1.170417 -0.523074 0.195588 1.145483
36 -0.625893 -0.032167 0.933512 -1.107583 -0.633563 -0.212727 0.169798 1.258606
37 -0.598381 -0.030939 0.906039 -0.189516 -0.513540 -1.172073 0.181802 1.136858
Hand_White_A.dds
36 -0.625893 -0.032167 0.933512 -1.107583 -0.633563 -0.212727 0.169798 1.258606
37 -0.596396 -0.036123 0.913557 -0.172951 -1.170417 -0.523074 0.195588 1.145483
37 -0.616390 -0.036721 0.930135 -0.176187 -1.279034 0.080155 0.183707 1.267606
Hand_White_A.dds
36 -0.618778 -0.017370 0.931369 -0.206573 1.218757 -0.381254 0.115031 1.216778
37 -0.597850 -0.022922 0.906864 -0.132938 0.793579 -1.012895 0.147098 1.128223
36 -0.626142 -0.020450 0.935183 -0.986982 0.740892 -0.387739 0.127576 1.245794
Hand_White_A.dds
37 -0.597850 -0.022922 0.906864 -0.132938 0.793579 -1.012895 0.147098 1.128223
36 -0.618778 -0.017370 0.931369 -0.206573 1.218757 -0.381254 0.115031 1.216778
37 -0.595794 -0.018482 0.913793 0.141910 1.276745 -0.152243 0.134105 1.124338
Hand_White_A.dds
26 -0.607643 -0.015828 0.968034 -1.091864 0.553248 0.418504 0.120138 1.402901
36 -0.616333 -0.029302 0.957544 -0.931051 -0.679173 0.587591 0.157749 1.343539
26 -0.608330 -0.029731 0.968341 -0.997033 -0.750362 0.340995 0.161258 1.394087
Hand_White_A.dds
36 -0.616333 -0.029302 0.957544 -0.931051 -0.679173 0.587591 0.157749 1.343539
26 -0.607643 -0.015828 0.968034 -1.091864 0.553248 0.418504 0.120138 1.402901
36 -0.614866 -0.018812 0.957606 -0.995809 0.735853 0.374539 0.127145 1.348838
Hand_White_A.dds
37 -0.616390 -0.036721 0.930135 -0.176187 -1.279034 0.080155 0.183707 1.267606
36 -0.616333 -0.029302 0.957544 -0.931051 -0.679173 0.587591 0.157749 1.343539
36 -0.625893 -0.032167 0.933512 -1.107583 -0.633563 -0.212727 0.169798 1.258606
Hand_White_A.dds
36 -0.616333 -0.029302 0.957544 -0.931051 -0.679173 0.587591 0.157749 1.343539
37 -0.616390 -0.036721 0.930135 -0.176187 -1.279034 0.080155 0.183707 1.267606
36 -0.604593 -0.033450 0.953341 -0.229415 -1.269223 0.099183 0.165398 1.347408
Hand_White_A.dds
37 -0.598381 -0.030939 0.906039 -0.189516 -0.513540 -1.172073 0.181802 1.136858
36 -0.626142 -0.020450 0.935183 -0.986982 0.740892 -0.387739 0.127576 1.245794
37 -0.597850 -0.022922 0.906864 -0.132938 0.793579 -1.012895 0.147098 1.128223
Hand_White_A.dds
36 -0.626142 -0.020450 0.935183 -0.986982 0.740892 -0.387739 0.127576 1.245794
37 -0.598381 -0.030939 0.906039 -0.189516 -0.513540 -1.172073 0.181802 1.136858
36 -0.625893 -0.032167 0.933512 -1.107583 -0.633563 -0.212727 0.169798 1.258606
Hand_White_A.dds
36 -0.604253 -0.015226 0.951689 -0.177812 1.262687 -0.217717 0.113001 1.350260
36 -0.626142 -0.020450 0.935183 -0.986982 0.740892 -0.387739 0.127576 1.245794
36 -0.614866 -0.018812 0.957606 -0.995809 0.735853 0.374539 0.127145 1.348838
Hand_White_A.dds
36 -0.626142 -0.020450 0.935183 -0.986982 0.740892 -0.387739 0.127576 1.245794
36 -0.604253 -0.015226 0.951689 -0.177812 1.262687 -0.217717 0.113001 1.350260
36 -0.618778 -0.017370 0.931369 -0.206573 1.218757 -0.381254 0.115031 1.216778
Hand_White_A.dds
33 -0.615461 -0.042315 0.961593 -1.033098 0.674820 0.388229 0.209621 1.355485
33 -0.626189 -0.058626 0.932813 -1.001040 -0.813717 -0.095803 0.264736 1.230521
33 -0.613626 -0.051657 0.963583 -1.017185 -0.409504 0.686321 0.250639 1.353962
Hand_White_A.dds
33 -0.626189 -0.058626 0.932813 -1.001040 -0.813717 -0.095803 0.264736 1.230521
33 -0.615461 -0.042315 0.961593 -1.033098 0.674820 0.388229 0.209621 1.355485
33 -0.628150 -0.046876 0.931973 -1.036381 0.588510 -0.502957 0.238406 1.215469
Hand_White_A.dds
36 -0.600607 -0.035317 0.955006 -1.235752 -0.118208 -0.363785 0.182496 1.348029
33 -0.615461 -0.042315 0.961593 -1.033098 0.674820 0.388229 0.209621 1.355485
26 -0.609126 -0.038598 0.968213 -1.107300 0.551766 0.377938 0.197512 1.405715
Hand_White_A.dds
33 -0.615461 -0.042315 0.961593 -1.033098 0.674820 0.388229 0.209621 1.355485
36 -0.600607 -0.035317 0.955006 -1.235752 -0.118208 -0.363785 0.182496 1.348029
33 -0.604365 -0.037177 0.951227 -0.198970 1.238300 -0.316889 0.188700 1.331665
Hand_White_A.dds
33 -0.608694 -0.059077 0.957368 -0.515759 -1.169588 0.198624 0.266216 1.354169
26 -0.608003 -0.053190 0.970776 -1.078504 -0.515062 0.494910 0.245034 1.410054
33 -0.613626 -0.051657 0.963583 -1.017185 -0.409504 0.686321 0.250639 1.353962
Hand_White_A.dds
26 -0.608003 -0.053190 0.970776 -1.078504 -0.515062 0.494910 0.245034 1.410054
33 -0.608694 -0.059077 0.957368 -0.515759 -1.169588 0.198624 0.266216 1.354169
33 -0.605815 -0.060642 0.963378 -1.269339 0.130624 -0.212391 0.271844 1.367044
Hand_White_A.dds
34 -0.592708 -0.061505 0.916566 0.026097 -1.161640 -0.568600 0.293797 1.118366
33 -0.618844 -0.062922 0.932855 0.003282 -1.281494 0.176516 0.277330 1.240070
33 -0.626189 -0.058626 0.932813 -1.001040 -0.813717 -0.095803 0.264736 1.230521
Hand_White_A.dds
33 -0.626189 -0.058626 0.932813 -1.001040 -0.813717 -0.095803 0.264736 1.230521
34 -0.597219 -0.056025 0.909998 -0.021124 -0.631716 -1.128665 0.284388 1.120660
34 -0.592708 -0.061505 0.916566 0.026097 -1.161640 -0.568600 0.293797 1.118366
Hand_White_A.dds
33 -0.619381 -0.041993 0.929958 -0.240131 1.207772 -0.396256 0.206573 1.212608
34 -0.597811 -0.048241 0.909041 -0.117285 0.581885 -1.149369 0.245622 1.108734
33 -0.628150 -0.046876 0.931973 -1.036381 0.588510 -0.502957 0.238406 1.215469
Hand_White_A.dds
34 -0.597811 -0.048241 0.909041 -0.117285 0.581885 -1.149369 0.245622 1.108734
33 -0.619381 -0.041993 0.929958 -0.240131 1.207772 -0.396256 0.206573 1.212608
35 -0.594704 -0.041869 0.915025 0.029661 1.265793 -0.265111 0.220868 1.097107
Hand_White_A.dds
26 -0.609126 -0.038598 0.968213 -1.107300 0.551766 0.377938 0.197512 1.405715
33 -0.613626 -0.051657 0.963583 -1.017185 -0.409504 0.686321 0.250639 1.353962
26 -0.608003 -0.053190 0.970776 -1.078504 -0.515062 0.494910 0.245034 1.410054
Hand_White_A.dds
33 -0.613626 -0.051657 0.963583 -1.017185 -0.409504 0.686321 0.250639 1.353962
26 -0.609126 -0.038598 0.968213 -1.107300 0.551766 0.377938 0.197512 1.405715
33 -0.615461 -0.042315 0.961593 -1.033098 0.674820 0.388229 0.209621 1.355485
Hand_White_A.dds
33 -0.618844 -0.062922 0.932855 0.003282 -1.281494 0.176516 0.277330 1.240070
33 -0.608694 -0.059077 0.957368 -0.515759 -1.169588 0.198624 0.266216 1.354169
33 -0.626189 -0.058626 0.932813 -1.001040 -0.813717 -0.095803 0.264736 1.230521
Hand_White_A.dds
33 -0.613626 -0.051657 0.963583 -1.017185 -0.409504 0.686321 0.250639 1.353962
33 -0.626189 -0.058626 0.932813 -1.001040 -0.813717 -0.095803 0.264736 1.230521
33 -0.608694 -0.059077 0.957368 -0.515759 -1.169588 0.198624 0.266216 1.354169
Hand_White_A.dds
34 -0.597219 -0.056025 0.909998 -0.021124 -0.631716 -1.128665 0.284388 1.120660
33 -0.628150 -0.046876 0.931973 -1.036381 0.588510 -0.502957 0.238406 1.215469
34 -0.597811 -0.048241 0.909041 -0.117285 0.581885 -1.149369 0.245622 1.108734
Hand_White_A.dds
33 -0.628150 -0.046876 0.931973 -1.036381 0.588510 -0.502957 0.238406 1.215469
34 -0.597219 -0.056025 0.909998 -0.021124 -0.631716 -1.128665 0.284388 1.120660
33 -0.626189 -0.058626 0.932813 -1.001040 -0.813717 -0.095803 0.264736 1.230521
Hand_White_A.dds
33 -0.604365 -0.037177 0.951227 -0.198970 1.238300 -0.316889 0.188700 1.331665
33 -0.628150 -0.046876 0.931973 -1.036381 0.588510 -0.502957 0.238406 1.215469
33 -0.615461 -0.042315 0.961593 -1.033098 0.674820 0.388229 0.209621 1.355485
Hand_White_A.dds
33 -0.628150 -0.046876 0.931973 -1.036381 0.588510 -0.502957 0.238406 1.215469
33 -0.604365 -0.037177 0.951227 -0.198970 1.238300 -0.316889 0.188700 1.331665
33 -0.619381 -0.041993 0.929958 -0.240131 1.207772 -0.396256 0.206573 1.212608
Hand_White_A.dds
27 -0.551385 -0.074242 1.010766 -0.220533 -1.182484 0.475911 0.319797 1.774856
26 -0.582202 -0.076721 0.987379 -0.081561 -1.242825 0.349469 0.310379 1.569563
26 -0.562004 -0.075594 0.988904 -0.135491 -1.285178 -0.057918 0.331719 1.633311
Hand_White_A.dds
27 -0.551385 -0.074242 1.010766 -0.220533 -1.182484 0.475911 0.319797 1.774856
26 -0.553616 -0.053735 1.043341 -0.401237 -0.955764 0.773899 0.247891 1.889168
26 -0.571313 -0.058542 1.024114 -0.716686 -0.750319 0.772514 0.251389 1.775744
Hand_White_A.dds
26 -0.600234 -0.055184 0.981055 -1.142485 -0.052077 0.604493 0.255537 1.459860
26 -0.606602 -0.061697 0.972223 -1.192082 0.254962 0.432817 0.276371 1.415302
26 -0.602018 -0.066981 0.984124 -1.089763 -0.189672 0.670699 0.295566 1.477866
Hand_White_A.dds
26 -0.606602 -0.061697 0.972223 -1.192082 0.254962 0.432817 0.276371 1.415302
26 -0.600234 -0.055184 0.981055 -1.142485 -0.052077 0.604493 0.255537 1.459860
33 -0.605815 -0.060642 0.963378 -1.269339 0.130624 -0.212391 0.271844 1.367044
Hand_White_A.dds
26 -0.583145 -0.078110 0.962367 0.775164 -0.869370 -0.562772 0.672777 1.437940
26 -0.573789 -0.057350 0.970200 0.801396 0.203473 -0.994866 0.707308 1.467182
26 -0.571917 -0.076148 0.972412 0.412623 -0.890075 -0.843151 0.686052 1.521716
Hand_White_A.dds
26 -0.573789 -0.057350 0.970200 0.801396 0.203473 -0.994866 0.707308 1.467182
26 -0.583145 -0.078110 0.962367 0.775164 -0.869370 -0.562772 0.672777 1.437940
30 -0.592103 -0.063908 0.949623 0.475219 0.361261 -1.147629 0.701194 1.370684
Hand_White_A.dds
26 -0.601701 -0.076278 0.977509 -0.770229 -0.841268 0.610255 0.320651 1.447581
26 -0.602018 -0.066981 0.984124 -1.089763 -0.189672 0.670699 0.295566 1.477866
26 -0.606602 -0.061697 0.972223 -1.192082 0.254962 0.432817 0.276371 1.415302
Hand_White_A.dds
26 -0.571313 -0.058542 1.024114 -0.716686 -0.750319 0.772514 0.251389 1.775744
26 -0.602018 -0.066981 0.984124 -1.089763 -0.189672 0.670699 0.295566 1.477866
26 -0.595394 -0.072989 0.987133 -0.622566 -0.871370 0.725619 0.309369 1.509617
Hand_White_A.dds
26 -0.602018 -0.066981 0.984124 -1.089763 -0.189672 0.670699 0.295566 1.477866
26 -0.575983 -0.041100 1.024583 -1.077165 -0.100297 0.709261 0.222489 1.789534
26 -0.600234 -0.055184 0.981055 -1.142485 -0.052077 0.604493 0.255537 1.459860
Hand_White_A.dds
30 -0.610553 -0.068113 0.965566 -1.194322 0.354789 0.348016 0.290355 1.374567
30 -0.618634 -0.085293 0.945471 -1.053362 -0.715631 0.227365 0.350060 1.299315
30 -0.606708 -0.076329 0.969829 -0.898577 -0.624906 0.689527 0.331235 1.388841
Hand_White_A.dds
30 -0.618634 -0.085293 0.945471 -1.053362 -0.715631 0.227365 0.350060 1.299315
30 -0.610553 -0.068113 0.965566 -1.194322 0.354789 0.348016 0.290355 1.374567
30 -0.621250 -0.074839 0.946048 -1.238741 0.336454 -0.160362 0.318225 1.273006
Hand_White_A.dds
33 -0.605815 -0.060642 0.963378 -1.269339 0.130624 -0.212391 0.271844 1.367044
30 -0.610553 -0.068113 0.965566 -1.194322 0.354789 0.348016 0.290355 1.374567
26 -0.606602 -0.061697 0.972223 -1.192082 0.254962 0.432817 0.276371 1.415302
Hand_White_A.dds
30 -0.610553 -0.068113 0.965566 -1.194322 0.354789 0.348016 0.290355 1.374567
33 -0.605815 -0.060642 0.963378 -1.269339 0.130624 -0.212391 0.271844 1.367044
30 -0.606587 -0.065867 0.952900 -0.550429 1.116493 -0.351948 0.272163 1.357799
Hand_White_A.dds
30 -0.597646 -0.082798 0.965860 0.039213 -1.267154 0.257249 0.360484 1.388027
26 -0.601701 -0.076278 0.977509 -0.770229 -0.841268 0.610255 0.320651 1.447581
30 -0.606708 -0.076329 0.969829 -0.898577 -0.624906 0.689527 0.331235 1.388841
Hand_White_A.dds
26 -0.601701 -0.076278 0.977509 -0.770229 -0.841268 0.610255 0.320651 1.447581
30 -0.597646 -0.082798 0.965860 0.039213 -1.267154 0.257249 0.360484 1.388027
30 -0.593913 -0.081788 0.972154 0.097747 -1.273220 0.206764 0.346212 1.461619
Hand_White_A.dds
31 -0.599870 -0.094920 0.914005 -0.340626 -1.195649 -0.357480 0.394423 1.177672
30 -0.618634 -0.085293 0.945471 -1.053362 -0.715631 0.227365 0.350060 1.299315
31 -0.603598 -0.091541 0.913125 -0.617394 -0.792422 -0.815039 0.377292 1.168551
Hand_White_A.dds
30 -0.618634 -0.085293 0.945471 -1.053362 -0.715631 0.227365 0.350060 1.299315
31 -0.599870 -0.094920 0.914005 -0.340626 -1.195649 -0.357480 0.394423 1.177672
30 -0.611212 -0.090021 0.946224 0.062571 -1.130291 0.626037 0.369298 1.319574
Hand_White_A.dds
31 -0.615337 -0.072363 0.936685 -0.402870 1.158972 -0.409726 0.308876 1.242780
31 -0.607540 -0.083504 0.910649 -0.801539 0.076088 -1.012492 0.345835 1.158508
30 -0.621250 -0.074839 0.946048 -1.238741 0.336454 -0.160362 0.318225 1.273006
Hand_White_A.dds
31 -0.607540 -0.083504 0.910649 -0.801539 0.076088 -1.012492 0.345835 1.158508
31 -0.615337 -0.072363 0.936685 -0.402870 1.158972 -0.409726 0.308876 1.242780
31 -0.605014 -0.078413 0.910723 -0.394218 1.044992 -0.652671 0.331339 1.136873
Hand_White_A.dds
26 -0.606602 -0.061697 0.972223 -1.192082 0.254962 0.432817 0.276371 1.415302
30 -0.606708 -0.076329 0.969829 -0.898577 -0.624906 0.689527 0.331235 1.388841
26 -0.601701 -0.076278 0.977509 -0.770229 -0.841268 0.610255 0.320651 1.447581
Hand_White_A.dds
30 -0.606708 -0.076329 0.969829 -0.898577 -0.624906 0.689527 0.331235 1.388841
26 -0.606602 -0.061697 0.972223 -1.192082 0.254962 0.432817 0.276371 1.415302
30 -0.610553 -0.068113 0.965566 -1.194322 0.354789 0.348016 0.290355 1.374567
Hand_White_A.dds
30 -0.611212 -0.090021 0.946224 0.062571 -1.130291 0.626037 0.369298 1.319574
30 -0.606708 -0.076329 0.969829 -0.898577 -0.624906 0.689527 0.331235 1.388841
30 -0.618634 -0.085293 0.945471 -1.053362 -0.715631 0.227365 0.350060 1.299315
Hand_White_A.dds
30 -0.606708 -0.076329 0.969829 -0.898577 -0.624906 0.689527 0.331235 1.388841
30 -0.611212 -0.090021 0.946224 0.062571 -1.130291 0.626037 0.369298 1.319574
30 -0.597646 -0.082798 0.965860 0.039213 -1.267154 0.257249 0.360484 1.388027
Hand_White_A.dds
31 -0.603598 -0.091541 0.913125 -0.617394 -0.792422 -0.815039 0.377292 1.168551
30 -0.621250 -0.074839 0.946048 -1.238741 0.336454 -0.160362 0.318225 1.273006
31 -0.607540 -0.083504 0.910649 -0.801539 0.076088 -1.012492 0.345835 1.158508
Hand_White_A.dds
30 -0.621250 -0.074839 0.946048 -1.238741 0.336454 -0.160362 0.318225 1.273006
31 -0.603598 -0.091541 0.913125 -0.617394 -0.792422 -0.815039 0.377292 1.168551
30 -0.618634 -0.085293 0.945471 -1.053362 -0.715631 0.227365 0.350060 1.299315
Hand_White_A.dds
30 -0.606587 -0.065867 0.952900 -0.550429 1.116493 -0.351948 0.272163 1.357799
30 -0.621250 -0.074839 0.946048 -1.238741 0.336454 -0.160362 0.318225 1.273006
30 -0.610553 -0.068113 0.965566 -1.194322 0.354789 0.348016 0.290355 1.374567
Hand_White_A.dds
30 -0.621250 -0.074839 0.946048 -1.238741 0.336454 -0.160362 0.318225 1.273006
30 -0.606587 -0.065867 0.952900 -0.550429 1.116493 -0.351948 0.272163 1.357799
31 -0.615337 -0.072363 0.936685 -0.402870 1.158972 -0.409726 0.308876 1.242780
Hand_White_A.dds
30 -0.592475 -0.079972 0.953759 0.853648 -0.745628 -0.623474 0.670908 1.412980
31 -0.606019 -0.074221 0.938744 1.007620 0.706909 -0.397968 0.678881 1.303991
30 -0.596073 -0.067330 0.945808 0.476109 0.618989 -1.031295 0.692072 1.360787
Hand_White_A.dds
31 -0.606019 -0.074221 0.938744 1.007620 0.706909 -0.397968 0.678881 1.303991
30 -0.592475 -0.079972 0.953759 0.853648 -0.745628 -0.623474 0.670908 1.412980
31 -0.603545 -0.085079 0.941520 0.905894 -0.210000 0.899251 0.649805 1.348070
Hand_White_A.dds
30 -0.593913 -0.081788 0.972154 0.097747 -1.273220 0.206764 0.644735 1.449462
30 -0.592475 -0.079972 0.953759 0.853648 -0.745628 -0.623474 0.670908 1.412980
26 -0.583145 -0.078110 0.962367 0.775164 -0.869370 -0.562772 0.672777 1.437940
Hand_White_A.dds
30 -0.592475 -0.079972 0.953759 0.853648 -0.745628 -0.623474 0.670908 1.412980
30 -0.593913 -0.081788 0.972154 0.097747 -1.273220 0.206764 0.644735 1.449462
30 -0.597646 -0.082798 0.965860 0.039213 -1.267154 0.257249 0.643393 1.429982
Hand_White_A.dds
30 -0.606587 -0.065867 0.952900 -0.550429 1.116493 -0.351948 0.712044 1.341485
30 -0.592103 -0.063908 0.949623 0.475219 0.361261 -1.147629 0.701194 1.370684
30 -0.596073 -0.067330 0.945808 0.476109 0.618989 -1.031295 0.692072 1.360787
Hand_White_A.dds
30 -0.592103 -0.063908 0.949623 0.475219 0.361261 -1.147629 0.701194 1.370684
30 -0.606587 -0.065867 0.952900 -0.550429 1.116493 -0.351948 0.712044 1.341485
33 -0.605815 -0.060642 0.963378 -1.269339 0.130624 -0.212391 0.717137 1.340381
Hand_White_A.dds
31 -0.605014 -0.078413 0.910723 -0.394218 1.044992 -0.652671 0.669769 1.204955
31 -0.615337 -0.072363 0.936685 -0.402870 1.158972 -0.409726 0.691179 1.293434
31 -0.603997 -0.074118 0.938335 0.419555 1.026512 0.666065 0.675850 1.291087
Hand_White_A.dds
31 -0.606019 -0.074221 0.938744 1.007620 0.706909 -0.397968 0.678881 1.303991
31 -0.603997 -0.074118 0.938335 0.419555 1.026512 0.666065 0.675850 1.291087
31 -0.615337 -0.072363 0.936685 -0.402870 1.158972 -0.409726 0.691179 1.293434
Hand_White_A.dds
30 -0.611212 -0.090021 0.946224 0.062571 -1.130291 0.626037 0.628919 1.341940
31 -0.599870 -0.094920 0.914005 -0.340626 -1.195649 -0.357480 0.615124 1.225159
31 -0.593735 -0.086814 0.920803 0.421230 -0.913016 -0.813857 0.632158 1.228670
Hand_White_A.dds
32 -0.596646 -0.086517 0.923113 -0.242227 -0.779844 1.003277 0.630657 1.218974
31 -0.593735 -0.086814 0.920803 0.421230 -0.913016 -0.813857 0.632158 1.228670
31 -0.599870 -0.094920 0.914005 -0.340626 -1.195649 -0.357480 0.615124 1.225159
Hand_White_A.dds
30 -0.592475 -0.079972 0.953759 0.853648 -0.745628 -0.623474 0.670908 1.412980
30 -0.596073 -0.067330 0.945808 0.476109 0.618989 -1.031295 0.692072 1.360787
30 -0.592103 -0.063908 0.949623 0.475219 0.361261 -1.147629 0.701194 1.370684
Hand_White_A.dds
30 -0.592103 -0.063908 0.949623 0.475219 0.361261 -1.147629 0.701194 1.370684
26 -0.583145 -0.078110 0.962367 0.775164 -0.869370 -0.562772 0.672777 1.437940
30 -0.592475 -0.079972 0.953759 0.853648 -0.745628 -0.623474 0.670908 1.412980
Hand_White_A.dds
31 -0.615337 -0.072363 0.936685 -0.402870 1.158972 -0.409726 0.691179 1.293434
30 -0.596073 -0.067330 0.945808 0.476109 0.618989 -1.031295 0.692072 1.360787
31 -0.606019 -0.074221 0.938744 1.007620 0.706909 -0.397968 0.678881 1.303991
Hand_White_A.dds
30 -0.596073 -0.067330 0.945808 0.476109 0.618989 -1.031295 0.692072 1.360787
31 -0.615337 -0.072363 0.936685 -0.402870 1.158972 -0.409726 0.691179 1.293434
30 -0.606587 -0.065867 0.952900 -0.550429 1.116493 -0.351948 0.712044 1.341485
Hand_White_A.dds
32 -0.598688 -0.078576 0.920192 -0.908309 0.777736 0.493454 0.653307 1.206268
31 -0.593735 -0.086814 0.920803 0.421230 -0.913016 -0.813857 0.632158 1.228670
32 -0.596646 -0.086517 0.923113 -0.242227 -0.779844 1.003277 0.630657 1.218974
Hand_White_A.dds
31 -0.603545 -0.085079 0.941520 0.905894 -0.210000 0.899251 0.649805 1.348070
31 -0.603997 -0.074118 0.938335 0.419555 1.026512 0.666065 0.675850 1.291087
31 -0.606019 -0.074221 0.938744 1.007620 0.706909 -0.397968 0.678881 1.303991
Hand_White_A.dds
30 -0.597646 -0.082798 0.965860 0.039213 -1.267154 0.257249 0.643393 1.429982
31 -0.603545 -0.085079 0.941520 0.905894 -0.210000 0.899251 0.649805 1.348070
30 -0.592475 -0.079972 0.953759 0.853648 -0.745628 -0.623474 0.670908 1.412980
Hand_White_A.dds
31 -0.603545 -0.085079 0.941520 0.905894 -0.210000 0.899251 0.649805 1.348070
30 -0.597646 -0.082798 0.965860 0.039213 -1.267154 0.257249 0.643393 1.429982
30 -0.611212 -0.090021 0.946224 0.062571 -1.130291 0.626037 0.628919 1.341940
Hand_White_A.dds
27 -0.516740 -0.057417 1.009323 1.227391 0.340199 -0.226213 0.706486 1.846921
26 -0.529211 -0.025188 1.023791 1.161386 0.362014 -0.439912 0.811872 1.816253
26 -0.518476 -0.048348 1.023096 1.236384 0.188637 0.330403 0.758499 1.888890
Hand_White_A.dds
26 -0.576652 -0.036634 0.969879 0.991912 -0.049949 -0.828861 0.786507 1.476472
26 -0.552824 -0.040168 0.995374 0.515387 0.530883 -1.061101 0.777705 1.663933
26 -0.573789 -0.057350 0.970200 0.801396 0.203473 -0.994866 0.707308 1.467182
Hand_White_A.dds
27 -0.516740 -0.057417 1.009323 1.227391 0.340199 -0.226213 0.706486 1.846921
26 -0.530250 -0.030596 1.007434 0.821667 0.781243 -0.622831 0.778167 1.772573
26 -0.529211 -0.025188 1.023791 1.161386 0.362014 -0.439912 0.811872 1.816253
Hand_White_A.dds
33 -0.595180 -0.040265 0.946980 0.593433 0.335733 -1.099325 0.794543 1.326585
26 -0.573789 -0.057350 0.970200 0.801396 0.203473 -0.994866 0.707308 1.467182
33 -0.592437 -0.059599 0.949974 0.509428 -0.513304 -1.072566 0.724850 1.346712
Hand_White_A.dds
26 -0.573789 -0.057350 0.970200 0.801396 0.203473 -0.994866 0.707308 1.467182
33 -0.595180 -0.040265 0.946980 0.593433 0.335733 -1.099325 0.794543 1.326585
26 -0.576652 -0.036634 0.969879 0.991912 -0.049949 -0.828861 0.786507 1.476472
Hand_White_A.dds
26 -0.576652 -0.036634 0.969879 0.991912 -0.049949 -0.828861 0.786507 1.476472
26 -0.539449 -0.008827 1.003772 1.012376 -0.104834 -0.798436 0.857830 1.701395
26 -0.548138 -0.025441 1.001625 0.789608 0.329093 -0.970367 0.811027 1.665222
Hand_White_A.dds
26 -0.539449 -0.008827 1.003772 1.012376 -0.104834 -0.798436 0.857830 1.701395
26 -0.576652 -0.036634 0.969879 0.991912 -0.049949 -0.828861 0.786507 1.476472
26 -0.577200 -0.017199 0.970205 0.969242 0.028656 -0.856238 0.866160 1.518050
Hand_White_A.dds
33 -0.595180 -0.040265 0.946980 0.593433 0.335733 -1.099325 0.794543 1.326585
36 -0.600607 -0.035317 0.955006 -1.235752 -0.118208 -0.363785 0.804535 1.328178
33 -0.595441 -0.035801 0.944551 0.448788 -0.476002 -1.115978 0.819593 1.329971
Hand_White_A.dds
26 -0.529211 -0.025188 1.023791 1.161386 0.362014 -0.439912 0.811872 1.816253
26 -0.524636 -0.040486 1.033528 1.232519 -0.258671 -0.295605 0.813456 1.925211
26 -0.518476 -0.048348 1.023096 1.236384 0.188637 0.330403 0.758499 1.888890
Hand_White_A.dds
26 -0.577200 -0.017199 0.970205 0.969242 0.028656 -0.856238 0.866160 1.518050
36 -0.594824 -0.017463 0.944881 0.482572 0.651082 -1.008272 0.891784 1.392150
39 -0.595018 -0.013229 0.947575 0.361297 0.069831 -1.240155 0.906818 1.420637
Hand_White_A.dds
26 -0.525119 -0.006279 1.028445 1.061778 -0.072993 -0.735320 0.912031 1.837202
26 -0.529211 -0.025188 1.023791 1.161386 0.362014 -0.439912 0.811872 1.816253
26 -0.539449 -0.008827 1.003772 1.012376 -0.104834 -0.798436 0.857830 1.701395
Hand_White_A.dds
26 -0.529211 -0.025188 1.023791 1.161386 0.362014 -0.439912 0.811872 1.816253
26 -0.525119 -0.006279 1.028445 1.061778 -0.072993 -0.735320 0.912031 1.837202
26 -0.524636 -0.040486 1.033528 1.232519 -0.258671 -0.295605 0.813456 1.925211
Hand_White_A.dds
34 -0.614556 -0.046689 0.930885 0.515957 -0.197641 -1.169668 0.757661 1.240239
33 -0.599644 -0.057177 0.943348 0.685845 -0.707843 -0.837837 0.732882 1.310650
34 -0.613413 -0.057480 0.932496 -1.253498 0.139349 0.287613 0.735959 1.244206
Hand_White_A.dds
33 -0.599644 -0.057177 0.943348 0.685845 -0.707843 -0.837837 0.732882 1.310650
34 -0.614556 -0.046689 0.930885 0.515957 -0.197641 -1.169668 0.757661 1.240239
33 -0.601262 -0.043894 0.941127 0.704106 0.470740 -0.977770 0.775623 1.296509
Hand_White_A.dds
35 -0.594704 -0.041869 0.915025 0.029661 1.265793 -0.265111 0.775657 1.123752
34 -0.611915 -0.045786 0.933744 -0.390748 0.502177 1.126290 0.754734 1.219310
34 -0.592301 -0.044772 0.922725 1.144160 0.207279 0.566858 0.740879 1.138851
Hand_White_A.dds
34 -0.614556 -0.046689 0.930885 0.515957 -0.197641 -1.169668 0.757661 1.240239
34 -0.611915 -0.045786 0.933744 -0.390748 0.502177 1.126290 0.754734 1.219310
33 -0.619381 -0.041993 0.929958 -0.240131 1.207772 -0.396256 0.780514 1.237550
Hand_White_A.dds
33 -0.618844 -0.062922 0.932855 0.003282 -1.281494 0.176516 0.709246 1.246790
34 -0.592708 -0.061505 0.916566 0.026097 -1.161640 -0.568600 0.697951 1.132998
34 -0.591285 -0.055782 0.924310 1.078815 -0.566581 -0.434211 0.717381 1.146728
Hand_White_A.dds
35 -0.594710 -0.056187 0.923854 -0.461621 -1.086313 0.529363 0.715710 1.136524
34 -0.591285 -0.055782 0.924310 1.078815 -0.566581 -0.434211 0.717381 1.146728
34 -0.592708 -0.061505 0.916566 0.026097 -1.161640 -0.568600 0.697951 1.132998
Hand_White_A.dds
33 -0.592437 -0.059599 0.949974 0.509428 -0.513304 -1.072566 0.724850 1.346712
33 -0.605815 -0.060642 0.963378 -1.269339 0.130624 -0.212391 0.717137 1.340381
33 -0.608694 -0.059077 0.957368 -0.515759 -1.169588 0.198624 0.719923 1.316925
Hand_White_A.dds
33 -0.604365 -0.037177 0.951227 -0.198970 1.238300 -0.316889 0.795908 1.292313
33 -0.595180 -0.040265 0.946980 0.593433 0.335733 -1.099325 0.794543 1.326585
33 -0.601262 -0.043894 0.941127 0.704106 0.470740 -0.977770 0.775623 1.296509
Hand_White_A.dds
33 -0.595180 -0.040265 0.946980 0.593433 0.335733 -1.099325 0.794543 1.326585
33 -0.604365 -0.037177 0.951227 -0.198970 1.238300 -0.316889 0.795908 1.292313
36 -0.600607 -0.035317 0.955006 -1.235752 -0.118208 -0.363785 0.804535 1.328178
Hand_White_A.dds
35 -0.595955 -0.045179 0.922339 -1.095553 0.687582 -0.019751 0.739431 1.128869
34 -0.591285 -0.055782 0.924310 1.078815 -0.566581 -0.434211 0.717381 1.146728
35 -0.594710 -0.056187 0.923854 -0.461621 -1.086313 0.529363 0.715710 1.136524
Hand_White_A.dds
34 -0.613413 -0.057480 0.932496 -1.253498 0.139349 0.287613 0.735959 1.244206
34 -0.610952 -0.056623 0.935427 -0.037511 0.131840 1.286315 0.732931 1.224654
34 -0.611915 -0.045786 0.933744 -0.390748 0.502177 1.126290 0.754734 1.219310
Hand_White_A.dds
33 -0.608694 -0.059077 0.957368 -0.515759 -1.169588 0.198624 0.719923 1.316925
33 -0.618844 -0.062922 0.932855 0.003282 -1.281494 0.176516 0.709246 1.246790
33 -0.599644 -0.057177 0.943348 0.685845 -0.707843 -0.837837 0.732882 1.310650
Hand_White_A.dds
34 -0.613413 -0.057480 0.932496 -1.253498 0.139349 0.287613 0.735959 1.244206
33 -0.599644 -0.057177 0.943348 0.685845 -0.707843 -0.837837 0.732882 1.310650
33 -0.618844 -0.062922 0.932855 0.003282 -1.281494 0.176516 0.709246 1.246790
Hand_White_A.dds
33 -0.592437 -0.059599 0.949974 0.509428 -0.513304 -1.072566 0.724850 1.346712
33 -0.601262 -0.043894 0.941127 0.704106 0.470740 -0.977770 0.775623 1.296509
33 -0.595180 -0.040265 0.946980 0.593433 0.335733 -1.099325 0.794543 1.326585
Hand_White_A.dds
33 -0.601262 -0.043894 0.941127 0.704106 0.470740 -0.977770 0.775623 1.296509
33 -0.592437 -0.059599 0.949974 0.509428 -0.513304 -1.072566 0.724850 1.346712
33 -0.599644 -0.057177 0.943348 0.685845 -0.707843 -0.837837 0.732882 1.310650
Hand_White_A.dds
33 -0.619381 -0.041993 0.929958 -0.240131 1.207772 -0.396256 0.780514 1.237550
33 -0.601262 -0.043894 0.941127 0.704106 0.470740 -0.977770 0.775623 1.296509
34 -0.614556 -0.046689 0.930885 0.515957 -0.197641 -1.169668 0.757661 1.240239
Hand_White_A.dds
33 -0.601262 -0.043894 0.941127 0.704106 0.470740 -0.977770 0.775623 1.296509
33 -0.619381 -0.041993 0.929958 -0.240131 1.207772 -0.396256 0.780514 1.237550
33 -0.604365 -0.037177 0.951227 -0.198970 1.238300 -0.316889 0.795908 1.292313
Hand_White_A.dds
36 -0.600656 -0.033995 0.941223 0.463529 -0.907492 -0.796866 0.822696 1.314717
36 -0.611487 -0.021598 0.931203 0.401678 -0.030923 -1.229266 0.851896 1.261245
36 -0.599767 -0.019799 0.942728 0.555150 0.650798 -0.970394 0.873907 1.361089
Hand_White_A.dds
36 -0.611487 -0.021598 0.931203 0.401678 -0.030923 -1.229266 0.851896 1.261245
36 -0.600656 -0.033995 0.941223 0.463529 -0.907492 -0.796866 0.822696 1.314717
36 -0.610775 -0.034570 0.928885 -0.978619 -0.836360 -0.127283 0.821728 1.269577
Hand_White_A.dds
36 -0.600607 -0.035317 0.955006 -1.235752 -0.118208 -0.363785 0.804535 1.328178
36 -0.600656 -0.033995 0.941223 0.463529 -0.907492 -0.796866 0.822696 1.314717
33 -0.595441 -0.035801 0.944551 0.448788 -0.476002 -1.115978 0.819593 1.329971
Hand_White_A.dds
36 -0.600656 -0.033995 0.941223 0.463529 -0.907492 -0.796866 0.822696 1.314717
36 -0.600607 -0.035317 0.955006 -1.235752 -0.118208 -0.363785 0.804535 1.328178
36 -0.604593 -0.033450 0.953341 -0.229415 -1.269223 0.099183 0.803884 1.304775
Hand_White_A.dds
36 -0.604253 -0.015226 0.951689 -0.177812 1.262687 -0.217717 0.894052 1.318139
36 -0.594824 -0.017463 0.944881 0.482572 0.651082 -1.008272 0.891784 1.392150
36 -0.599767 -0.019799 0.942728 0.555150 0.650798 -0.970394 0.873907 1.361089
Hand_White_A.dds
36 -0.594824 -0.017463 0.944881 0.482572 0.651082 -1.008272 0.891784 1.392150
36 -0.604253 -0.015226 0.951689 -0.177812 1.262687 -0.217717 0.894052 1.318139
26 -0.601014 -0.011599 0.969388 -1.287760 0.113251 0.047358 0.898632 1.373499
Hand_White_A.dds
37 -0.595794 -0.018482 0.913793 0.141910 1.276745 -0.152243 0.874923 1.167104
36 -0.618778 -0.017370 0.931369 -0.206573 1.218757 -0.381254 0.898550 1.255362
37 -0.609909 -0.021319 0.936006 -0.572489 0.431162 1.076918 0.851054 1.244785
Hand_White_A.dds
36 -0.611487 -0.021598 0.931203 0.401678 -0.030923 -1.229266 0.851896 1.261245
37 -0.609909 -0.021319 0.936006 -0.572489 0.431162 1.076918 0.851054 1.244785
36 -0.618778 -0.017370 0.931369 -0.206573 1.218757 -0.381254 0.898550 1.255362
Hand_White_A.dds
37 -0.616390 -0.036721 0.930135 -0.176187 -1.279034 0.080155 0.799509 1.288425
37 -0.609248 -0.033629 0.936415 0.137432 0.058766 1.284934 0.821136 1.250819
36 -0.610775 -0.034570 0.928885 -0.978619 -0.836360 -0.127283 0.821728 1.269577
Hand_White_A.dds
38 -0.596189 -0.032285 0.921546 -0.446803 -1.119349 0.469915 0.819251 1.160472
37 -0.591914 -0.032180 0.921571 0.778190 -0.674728 -0.782661 0.819552 1.169602
37 -0.596396 -0.036123 0.913557 -0.172951 -1.170417 -0.523074 0.798004 1.160493
Hand_White_A.dds
33 -0.595441 -0.035801 0.944551 0.448788 -0.476002 -1.115978 0.819593 1.329971
36 -0.599767 -0.019799 0.942728 0.555150 0.650798 -0.970394 0.873907 1.361089
36 -0.594824 -0.017463 0.944881 0.482572 0.651082 -1.008272 0.891784 1.392150
Hand_White_A.dds
36 -0.599767 -0.019799 0.942728 0.555150 0.650798 -0.970394 0.873907 1.361089
33 -0.595441 -0.035801 0.944551 0.448788 -0.476002 -1.115978 0.819593 1.329971
36 -0.600656 -0.033995 0.941223 0.463529 -0.907492 -0.796866 0.822696 1.314717
Hand_White_A.dds
36 -0.618778 -0.017370 0.931369 -0.206573 1.218757 -0.381254 0.898550 1.255362
36 -0.599767 -0.019799 0.942728 0.555150 0.650798 -0.970394 0.873907 1.361089
36 -0.611487 -0.021598 0.931203 0.401678 -0.030923 -1.229266 0.851896 1.261245
Hand_White_A.dds
36 -0.599767 -0.019799 0.942728 0.555150 0.650798 -0.970394 0.873907 1.361089
36 -0.618778 -0.017370 0.931369 -0.206573 1.218757 -0.381254 0.898550 1.255362
36 -0.604253 -0.015226 0.951689 -0.177812 1.262687 -0.217717 0.894052 1.318139
Hand_White_A.dds
37 -0.591914 -0.032180 0.921571 0.778190 -0.674728 -0.782661 0.819552 1.169602
37 -0.592490 -0.022725 0.920916 1.270421 0.077830 0.231016 0.847642 1.163259
37 -0.609248 -0.033629 0.936415 0.137432 0.058766 1.284934 0.821136 1.250819
Hand_White_A.dds
36 -0.610775 -0.034570 0.928885 -0.978619 -0.836360 -0.127283 0.821728 1.269577
37 -0.609909 -0.021319 0.936006 -0.572489 0.431162 1.076918 0.851054 1.244785
36 -0.611487 -0.021598 0.931203 0.401678 -0.030923 -1.229266 0.851896 1.261245
Hand_White_A.dds
36 -0.604593 -0.033450 0.953341 -0.229415 -1.269223 0.099183 0.803884 1.304775
36 -0.610775 -0.034570 0.928885 -0.978619 -0.836360 -0.127283 0.821728 1.269577
36 -0.600656 -0.033995 0.941223 0.463529 -0.907492 -0.796866 0.822696 1.314717
Hand_White_A.dds
36 -0.610775 -0.034570 0.928885 -0.978619 -0.836360 -0.127283 0.821728 1.269577
36 -0.604593 -0.033450 0.953341 -0.229415 -1.269223 0.099183 0.803884 1.304775
37 -0.616390 -0.036721 0.930135 -0.176187 -1.279034 0.080155 0.799509 1.288425
Hand_White_A.dds
27 -0.518121 -0.067593 1.013380 0.937049 -0.714680 0.533449 0.554892 1.857627
27 -0.540300 -0.068340 1.022493 0.083097 -1.093991 0.685327 0.372250 1.874444
27 -0.537582 -0.074921 1.012221 0.167290 -1.088890 0.678033 0.407798 1.844049
Hand_White_A.dds
27 -0.540300 -0.068340 1.022493 0.083097 -1.093991 0.685327 0.372250 1.874444
27 -0.518121 -0.067593 1.013380 0.937049 -0.714680 0.533449 0.554892 1.857627
27 -0.520081 -0.061251 1.023997 0.961481 -0.593998 0.629378 0.558230 1.894657
Hand_White_A.dds
27 -0.515846 -0.066844 0.999285 1.281687 0.108302 -0.137638 0.616031 1.823345
27 -0.518121 -0.067593 1.013380 0.937049 -0.714680 0.533449 0.554892 1.857627
27 -0.518443 -0.072279 1.005902 0.884390 -0.859957 0.389517 0.546729 1.834774
Hand_White_A.dds
27 -0.518121 -0.067593 1.013380 0.937049 -0.714680 0.533449 0.554892 1.857627
27 -0.515846 -0.066844 0.999285 1.281687 0.108302 -0.137638 0.616031 1.823345
27 -0.516740 -0.057417 1.009323 1.227391 0.340199 -0.226213 0.706486 1.846921
Hand_White_A.dds
27 -0.551385 -0.074242 1.010766 -0.220533 -1.182484 0.475911 0.319797 1.774856
27 -0.535050 -0.079427 1.004020 0.073201 -1.201436 0.473908 0.431206 1.815650
27 -0.537582 -0.074921 1.012221 0.167290 -1.088890 0.678033 0.407798 1.844049
Hand_White_A.dds
27 -0.535050 -0.079427 1.004020 0.073201 -1.201436 0.473908 0.431206 1.815650
27 -0.551385 -0.074242 1.010766 -0.220533 -1.182484 0.475911 0.319797 1.774856
27 -0.543770 -0.078197 0.999018 -0.374262 -1.226662 0.169184 0.373700 1.752251
Hand_White_A.dds
26 -0.553616 -0.053735 1.043341 -0.401237 -0.955764 0.773899 0.247891 1.889168
27 -0.540300 -0.068340 1.022493 0.083097 -1.093991 0.685327 0.372250 1.874444
26 -0.541513 -0.052997 1.049175 0.063812 -1.015495 0.798807 0.268387 1.941882
Hand_White_A.dds
27 -0.540300 -0.068340 1.022493 0.083097 -1.093991 0.685327 0.372250 1.874444
26 -0.553616 -0.053735 1.043341 -0.401237 -0.955764 0.773899 0.247891 1.889168
27 -0.551385 -0.074242 1.010766 -0.220533 -1.182484 0.475911 0.319797 1.774856
Hand_White_A.dds
26 -0.518476 -0.048348 1.023096 1.236384 0.188637 0.330403 0.758499 1.888890
26 -0.527901 -0.049394 1.040357 0.933201 -0.757587 0.478114 0.561100 1.953192
27 -0.520081 -0.061251 1.023997 0.961481 -0.593998 0.629378 0.558230 1.894657
Hand_White_A.dds
26 -0.527901 -0.049394 1.040357 0.933201 -0.757587 0.478114 0.561100 1.953192
26 -0.518476 -0.048348 1.023096 1.236384 0.188637 0.330403 0.758499 1.888890
26 -0.524636 -0.040486 1.033528 1.232519 -0.258671 -0.295605 0.813456 1.925211
Hand_White_A.dds
27 -0.518443 -0.072279 1.005902 0.884390 -0.859957 0.389517 0.546729 1.834774
27 -0.537582 -0.074921 1.012221 0.167290 -1.088890 0.678033 0.407798 1.844049
27 -0.535050 -0.079427 1.004020 0.073201 -1.201436 0.473908 0.431206 1.815650
Hand_White_A.dds
27 -0.537582 -0.074921 1.012221 0.167290 -1.088890 0.678033 0.407798 1.844049
27 -0.518443 -0.072279 1.005902 0.884390 -0.859957 0.389517 0.546729 1.834774
27 -0.518121 -0.067593 1.013380 0.937049 -0.714680 0.533449 0.554892 1.857627
Hand_White_A.dds
27 -0.551385 -0.074242 1.010766 -0.220533 -1.182484 0.475911 0.319797 1.774856
27 -0.537582 -0.074921 1.012221 0.167290 -1.088890 0.678033 0.407798 1.844049
27 -0.540300 -0.068340 1.022493 0.083097 -1.093991 0.685327 0.372250 1.874444
Hand_White_A.dds
26 -0.541513 -0.052997 1.049175 0.063812 -1.015495 0.798807 0.268387 1.941882
27 -0.520081 -0.061251 1.023997 0.961481 -0.593998 0.629378 0.558230 1.894657
26 -0.527901 -0.049394 1.040357 0.933201 -0.757587 0.478114 0.561100 1.953192
Hand_White_A.dds
27 -0.520081 -0.061251 1.023997 0.961481 -0.593998 0.629378 0.558230 1.894657
26 -0.541513 -0.052997 1.049175 0.063812 -1.015495 0.798807 0.268387 1.941882
27 -0.540300 -0.068340 1.022493 0.083097 -1.093991 0.685327 0.372250 1.874444
Hand_White_A.dds
27 -0.516740 -0.057417 1.009323 1.227391 0.340199 -0.226213 0.706486 1.846921
27 -0.520081 -0.061251 1.023997 0.961481 -0.593998 0.629378 0.558230 1.894657
27 -0.518121 -0.067593 1.013380 0.937049 -0.714680 0.533449 0.554892 1.857627
Hand_White_A.dds
27 -0.520081 -0.061251 1.023997 0.961481 -0.593998 0.629378 0.558230 1.894657
27 -0.516740 -0.057417 1.009323 1.227391 0.340199 -0.226213 0.706486 1.846921
26 -0.518476 -0.048348 1.023096 1.236384 0.188637 0.330403 0.758499 1.888890
Hand_White_A.dds
28 -0.524976 -0.080822 0.975178 0.685530 -1.075700 -0.215205 0.519270 1.658778
28 -0.532972 -0.084400 0.988691 -0.086362 -1.288838 0.069519 0.447061 1.752878
28 -0.533338 -0.082842 0.975788 -0.145897 -1.265857 -0.222972 0.447384 1.663453
Hand_White_A.dds
28 -0.532972 -0.084400 0.988691 -0.086362 -1.288838 0.069519 0.447061 1.752878
28 -0.524976 -0.080822 0.975178 0.685530 -1.075700 -0.215205 0.519270 1.658778
28 -0.521198 -0.080397 0.988461 0.817926 -0.998580 0.085038 0.526140 1.750096
Hand_White_A.dds
29 -0.521743 -0.070883 0.953627 1.279181 0.062955 -0.182009 0.558439 1.526448
28 -0.524976 -0.080822 0.975178 0.685530 -1.075700 -0.215205 0.519270 1.658778
29 -0.525589 -0.075199 0.951301 0.622578 -0.930784 -0.647636 0.525123 1.504192
Hand_White_A.dds
28 -0.524976 -0.080822 0.975178 0.685530 -1.075700 -0.215205 0.519270 1.658778
29 -0.521743 -0.070883 0.953627 1.279181 0.062955 -0.182009 0.558439 1.526448
28 -0.520001 -0.074389 0.972981 1.271222 -0.044738 -0.235348 0.573352 1.656718
Hand_White_A.dds
28 -0.540375 -0.078701 0.971396 -0.904160 -0.877119 -0.294196 0.403480 1.561813
29 -0.534955 -0.077289 0.951156 -0.267332 -1.123123 -0.583543 0.451891 1.509051
28 -0.533338 -0.082842 0.975788 -0.145897 -1.265857 -0.222972 0.447384 1.663453
Hand_White_A.dds
29 -0.534955 -0.077289 0.951156 -0.267332 -1.123123 -0.583543 0.451891 1.509051
28 -0.540375 -0.078701 0.971396 -0.904160 -0.877119 -0.294196 0.403480 1.561813
29 -0.539774 -0.075379 0.954270 -1.141990 -0.600065 -0.095799 0.422042 1.453184
Hand_White_A.dds
27 -0.543770 -0.078197 0.999018 -0.374262 -1.226662 0.169184 0.373700 1.752251
28 -0.532972 -0.084400 0.988691 -0.086362 -1.288838 0.069519 0.447061 1.752878
27 -0.535050 -0.079427 1.004020 0.073201 -1.201436 0.473908 0.431206 1.815650
Hand_White_A.dds
28 -0.532972 -0.084400 0.988691 -0.086362 -1.288838 0.069519 0.447061 1.752878
27 -0.543770 -0.078197 0.999018 -0.374262 -1.226662 0.169184 0.373700 1.752251
28 -0.540093 -0.079993 0.979506 -0.607481 -1.128957 -0.172679 0.400042 1.686871
Hand_White_A.dds
28 -0.517877 -0.073593 0.984967 1.277610 0.083852 -0.184601 0.599468 1.786530
27 -0.518443 -0.072279 1.005902 0.884390 -0.859957 0.389517 0.546729 1.834774
28 -0.521198 -0.080397 0.988461 0.817926 -0.998580 0.085038 0.526140 1.750096
Hand_White_A.dds
27 -0.518443 -0.072279 1.005902 0.884390 -0.859957 0.389517 0.546729 1.834774
28 -0.517877 -0.073593 0.984967 1.277610 0.083852 -0.184601 0.599468 1.786530
27 -0.515846 -0.066844 0.999285 1.281687 0.108302 -0.137638 0.616031 1.823345
Hand_White_A.dds
29 -0.525589 -0.075199 0.951301 0.622578 -0.930784 -0.647636 0.525123 1.504192
28 -0.533338 -0.082842 0.975788 -0.145897 -1.265857 -0.222972 0.447384 1.663453
29 -0.534955 -0.077289 0.951156 -0.267332 -1.123123 -0.583543 0.451891 1.509051
Hand_White_A.dds
28 -0.533338 -0.082842 0.975788 -0.145897 -1.265857 -0.222972 0.447384 1.663453
29 -0.525589 -0.075199 0.951301 0.622578 -0.930784 -0.647636 0.525123 1.504192
28 -0.524976 -0.080822 0.975178 0.685530 -1.075700 -0.215205 0.519270 1.658778
Hand_White_A.dds
28 -0.540093 -0.079993 0.979506 -0.607481 -1.128957 -0.172679 0.400042 1.686871
28 -0.533338 -0.082842 0.975788 -0.145897 -1.265857 -0.222972 0.447384 1.663453
28 -0.532972 -0.084400 0.988691 -0.086362 -1.288838 0.069519 0.447061 1.752878
Hand_White_A.dds
28 -0.533338 -0.082842 0.975788 -0.145897 -1.265857 -0.222972 0.447384 1.663453
28 -0.540093 -0.079993 0.979506 -0.607481 -1.128957 -0.172679 0.400042 1.686871
28 -0.540375 -0.078701 0.971396 -0.904160 -0.877119 -0.294196 0.403480 1.561813
Hand_White_A.dds
27 -0.535050 -0.079427 1.004020 0.073201 -1.201436 0.473908 0.431206 1.815650
28 -0.521198 -0.080397 0.988461 0.817926 -0.998580 0.085038 0.526140 1.750096
27 -0.518443 -0.072279 1.005902 0.884390 -0.859957 0.389517 0.546729 1.834774
Hand_White_A.dds
28 -0.521198 -0.080397 0.988461 0.817926 -0.998580 0.085038 0.526140 1.750096
27 -0.535050 -0.079427 1.004020 0.073201 -1.201436 0.473908 0.431206 1.815650
28 -0.532972 -0.084400 0.988691 -0.086362 -1.288838 0.069519 0.447061 1.752878
Hand_White_A.dds
28 -0.520001 -0.074389 0.972981 1.271222 -0.044738 -0.235348 0.573352 1.656718
28 -0.521198 -0.080397 0.988461 0.817926 -0.998580 0.085038 0.526140 1.750096
28 -0.524976 -0.080822 0.975178 0.685530 -1.075700 -0.215205 0.519270 1.658778
Hand_White_A.dds
28 -0.521198 -0.080397 0.988461 0.817926 -0.998580 0.085038 0.526140 1.750096
28 -0.520001 -0.074389 0.972981 1.271222 -0.044738 -0.235348 0.573352 1.656718
28 -0.517877 -0.073593 0.984967 1.277610 0.083852 -0.184601 0.599468 1.786530
Hand_White_A.dds
27 -0.546991 -0.060214 0.979346 0.302646 0.677925 -1.059348 0.707591 1.694649
28 -0.524190 -0.064190 0.982783 0.715958 1.025370 -0.330781 0.633348 1.743763
28 -0.541182 -0.061818 0.978213 -0.210181 0.988320 -0.807739 0.646526 1.651486
Hand_White_A.dds
28 -0.524190 -0.064190 0.982783 0.715958 1.025370 -0.330781 0.633348 1.743763
27 -0.546991 -0.060214 0.979346 0.302646 0.677925 -1.059348 0.707591 1.694649
27 -0.525717 -0.058882 0.992316 0.831866 0.732176 -0.667318 0.665479 1.804288
Hand_White_A.dds
29 -0.524677 -0.067834 0.962007 0.400074 1.160542 0.408018 0.582951 1.542098
28 -0.535381 -0.067228 0.970887 -0.436275 1.140609 -0.426697 0.620328 1.610357
28 -0.525964 -0.064725 0.975541 0.530089 1.138450 -0.310376 0.601381 1.641170
Hand_White_A.dds
28 -0.535381 -0.067228 0.970887 -0.436275 1.140609 -0.426697 0.620328 1.610357
29 -0.524677 -0.067834 0.962007 0.400074 1.160542 0.408018 0.582951 1.542098
29 -0.535264 -0.068477 0.965542 -0.371573 1.202655 0.298242 0.610825 1.537852
Hand_White_A.dds
29 -0.521743 -0.070883 0.953627 1.279181 0.062955 -0.182009 0.558439 1.526448
28 -0.525964 -0.064725 0.975541 0.530089 1.138450 -0.310376 0.601381 1.641170
28 -0.520001 -0.074389 0.972981 1.271222 -0.044738 -0.235348 0.573352 1.656718
Hand_White_A.dds
28 -0.525964 -0.064725 0.975541 0.530089 1.138450 -0.310376 0.601381 1.641170
29 -0.521743 -0.070883 0.953627 1.279181 0.062955 -0.182009 0.558439 1.526448
29 -0.524677 -0.067834 0.962007 0.400074 1.160542 0.408018 0.582951 1.542098
Hand_White_A.dds
27 -0.525717 -0.058882 0.992316 0.831866 0.732176 -0.667318 0.665479 1.804288
28 -0.517877 -0.073593 0.984967 1.277610 0.083852 -0.184601 0.599468 1.786530
28 -0.524190 -0.064190 0.982783 0.715958 1.025370 -0.330781 0.633348 1.743763
Hand_White_A.dds
28 -0.517877 -0.073593 0.984967 1.277610 0.083852 -0.184601 0.599468 1.786530
27 -0.525717 -0.058882 0.992316 0.831866 0.732176 -0.667318 0.665479 1.804288
27 -0.515846 -0.066844 0.999285 1.281687 0.108302 -0.137638 0.616031 1.823345
Hand_White_A.dds
28 -0.541182 -0.061818 0.978213 -0.210181 0.988320 -0.807739 0.646526 1.651486
28 -0.525964 -0.064725 0.975541 0.530089 1.138450 -0.310376 0.601381 1.641170
28 -0.535381 -0.067228 0.970887 -0.436275 1.140609 -0.426697 0.620328 1.610357
Hand_White_A.dds
28 -0.525964 -0.064725 0.975541 0.530089 1.138450 -0.310376 0.601381 1.641170
28 -0.541182 -0.061818 0.978213 -0.210181 0.988320 -0.807739 0.646526 1.651486
28 -0.524190 -0.064190 0.982783 0.715958 1.025370 -0.330781 0.633348 1.743763
Hand_White_A.dds
28 -0.520001 -0.074389 0.972981 1.271222 -0.044738 -0.235348 0.573352 1.656718
28 -0.524190 -0.064190 0.982783 0.715958 1.025370 -0.330781 0.633348 1.743763
28 -0.517877 -0.073593 0.984967 1.277610 0.083852 -0.184601 0.599468 1.786530
Hand_White_A.dds
28 -0.524190 -0.064190 0.982783 0.715958 1.025370 -0.330781 0.633348 1.743763
28 -0.520001 -0.074389 0.972981 1.271222 -0.044738 -0.235348 0.573352 1.656718
28 -0.525964 -0.064725 0.975541 0.530089 1.138450 -0.310376 0.601381 1.641170
Hand_White_A.dds
29 -0.539774 -0.075379 0.954270 -1.141990 -0.600065 -0.095799 0.422042 1.453184
29 -0.540903 -0.074279 0.969988 -1.187086 0.195694 -0.475318 0.394114 1.549442
29 -0.541166 -0.071547 0.961477 -1.141205 0.454637 0.405402 0.404708 1.460433
Hand_White_A.dds
29 -0.540903 -0.074279 0.969988 -1.187086 0.195694 -0.475318 0.394114 1.549442
29 -0.539774 -0.075379 0.954270 -1.141990 -0.600065 -0.095799 0.422042 1.453184
28 -0.540375 -0.078701 0.971396 -0.904160 -0.877119 -0.294196 0.403480 1.561813
Hand_White_A.dds
28 -0.535381 -0.067228 0.970887 -0.436275 1.140609 -0.426697 0.620328 1.610357
29 -0.541166 -0.071547 0.961477 -1.141205 0.454637 0.405402 0.627937 1.541903
29 -0.540903 -0.074279 0.969988 -1.187086 0.195694 -0.475318 0.643782 1.622100
Hand_White_A.dds
29 -0.541166 -0.071547 0.961477 -1.141205 0.454637 0.405402 0.627937 1.541903
28 -0.535381 -0.067228 0.970887 -0.436275 1.140609 -0.426697 0.620328 1.610357
29 -0.535264 -0.068477 0.965542 -0.371573 1.202655 0.298242 0.610825 1.537852
Hand_White_A.dds
26 -0.571917 -0.076148 0.972412 0.412623 -0.890075 -0.843151 0.686052 1.521716
27 -0.544267 -0.074222 0.973908 -0.696979 -0.431128 -1.000872 0.652091 1.561671
26 -0.562004 -0.075594 0.988904 -0.135491 -1.285178 -0.057918 0.649205 1.498484
Hand_White_A.dds
27 -0.544267 -0.074222 0.973908 -0.696979 -0.431128 -1.000872 0.652091 1.561671
27 -0.546991 -0.060214 0.979346 0.302646 0.677925 -1.059348 0.707591 1.694649
28 -0.541182 -0.061818 0.978213 -0.210181 0.988320 -0.807739 0.646526 1.651486
Hand_White_A.dds
28 -0.540093 -0.079993 0.979506 -0.607481 -1.128957 -0.172679 0.400042 1.686871
26 -0.562004 -0.075594 0.988904 -0.135491 -1.285178 -0.057918 0.331719 1.633311
27 -0.544267 -0.074222 0.973908 -0.696979 -0.431128 -1.000872 0.382713 1.586571
Hand_White_A.dds
26 -0.562004 -0.075594 0.988904 -0.135491 -1.285178 -0.057918 0.331719 1.633311
28 -0.540093 -0.079993 0.979506 -0.607481 -1.128957 -0.172679 0.400042 1.686871
27 -0.543770 -0.078197 0.999018 -0.374262 -1.226662 0.169184 0.373700 1.752251
Hand_White_A.dds
28 -0.541182 -0.061818 0.978213 -0.210181 0.988320 -0.807739 0.646526 1.651486
29 -0.540903 -0.074279 0.969988 -1.187086 0.195694 -0.475318 0.643782 1.622100
27 -0.544267 -0.074222 0.973908 -0.696979 -0.431128 -1.000872 0.652091 1.561671
Hand_White_A.dds
29 -0.540903 -0.074279 0.969988 -1.187086 0.195694 -0.475318 0.643782 1.622100
28 -0.541182 -0.061818 0.978213 -0.210181 0.988320 -0.807739 0.646526 1.651486
28 -0.535381 -0.067228 0.970887 -0.436275 1.140609 -0.426697 0.620328 1.610357
Hand_White_A.dds
28 -0.540375 -0.078701 0.971396 -0.904160 -0.877119 -0.294196 0.403480 1.561813
27 -0.544267 -0.074222 0.973908 -0.696979 -0.431128 -1.000872 0.382713 1.586571
29 -0.540903 -0.074279 0.969988 -1.187086 0.195694 -0.475318 0.394114 1.549442
Hand_White_A.dds
27 -0.544267 -0.074222 0.973908 -0.696979 -0.431128 -1.000872 0.382713 1.586571
28 -0.540375 -0.078701 0.971396 -0.904160 -0.877119 -0.294196 0.403480 1.561813
28 -0.540093 -0.079993 0.979506 -0.607481 -1.128957 -0.172679 0.400042 1.686871
Hand_White_A.dds
39 -0.595018 -0.013229 0.947575 0.361297 0.069831 -1.240155 0.906818 1.420637
36 -0.594824 -0.017463 0.944881 0.482572 0.651082 -1.008272 0.891784 1.392150
26 -0.601014 -0.011599 0.969388 -1.287760 0.113251 0.047358 0.898632 1.373499
Hand_White_A.dds
26 -0.576652 -0.036634 0.969879 0.991912 -0.049949 -0.828861 0.786507 1.476472
33 -0.595180 -0.040265 0.946980 0.593433 0.335733 -1.099325 0.794543 1.326585
33 -0.595441 -0.035801 0.944551 0.448788 -0.476002 -1.115978 0.819593 1.329971
Hand_White_A.dds
36 -0.594824 -0.017463 0.944881 0.482572 0.651082 -1.008272 0.891784 1.392150
26 -0.577200 -0.017199 0.970205 0.969242 0.028656 -0.856238 0.866160 1.518050
26 -0.576652 -0.036634 0.969879 0.991912 -0.049949 -0.828861 0.786507 1.476472
Hand_White_A.dds
26 -0.576652 -0.036634 0.969879 0.991912 -0.049949 -0.828861 0.786507 1.476472
33 -0.595441 -0.035801 0.944551 0.448788 -0.476002 -1.115978 0.819593 1.329971
36 -0.594824 -0.017463 0.944881 0.482572 0.651082 -1.008272 0.891784 1.392150
Hand_White_A.dds
33 -0.592437 -0.059599 0.949974 0.509428 -0.513304 -1.072566 0.724850 1.346712
26 -0.573789 -0.057350 0.970200 0.801396 0.203473 -0.994866 0.707308 1.467182
30 -0.592103 -0.063908 0.949623 0.475219 0.361261 -1.147629 0.701194 1.370684
Hand_White_A.dds
33 -0.608694 -0.059077 0.957368 -0.515759 -1.169588 0.198624 0.719923 1.316925
33 -0.599644 -0.057177 0.943348 0.685845 -0.707843 -0.837837 0.732882 1.310650
33 -0.592437 -0.059599 0.949974 0.509428 -0.513304 -1.072566 0.724850 1.346712
Hand_White_A.dds
33 -0.592437 -0.059599 0.949974 0.509428 -0.513304 -1.072566 0.724850 1.346712
30 -0.592103 -0.063908 0.949623 0.475219 0.361261 -1.147629 0.701194 1.370684
33 -0.605815 -0.060642 0.963378 -1.269339 0.130624 -0.212391 0.717137 1.340381
Hand_White_A.dds
26 -0.576652 -0.036634 0.969879 0.991912 -0.049949 -0.828861 0.786507 1.476472
26 -0.548138 -0.025441 1.001625 0.789608 0.329093 -0.970367 0.811027 1.665222
26 -0.552824 -0.040168 0.995374 0.515387 0.530883 -1.061101 0.777705 1.663933
Hand_White_A.dds
26 -0.530250 -0.030596 1.007434 0.821667 0.781243 -0.622831 0.778167 1.772573
27 -0.516740 -0.057417 1.009323 1.227391 0.340199 -0.226213 0.706486 1.846921
26 -0.534390 -0.038010 0.998353 0.587370 0.638220 -0.959722 0.749023 1.768509
Hand_White_A.dds
26 -0.548138 -0.025441 1.001625 0.789608 0.329093 -0.970367 0.811027 1.665222
26 -0.539449 -0.008827 1.003772 1.012376 -0.104834 -0.798436 0.857830 1.701395
26 -0.529211 -0.025188 1.023791 1.161386 0.362014 -0.439912 0.811872 1.816253
Hand_White_A.dds
27 -0.515846 -0.066844 0.999285 1.281687 0.108302 -0.137638 0.616031 1.823345
27 -0.525717 -0.058882 0.992316 0.831866 0.732176 -0.667318 0.665479 1.804288
27 -0.516740 -0.057417 1.009323 1.227391 0.340199 -0.226213 0.706486 1.846921
Hand_White_A.dds
26 -0.534390 -0.038010 0.998353 0.587370 0.638220 -0.959722 0.749023 1.768509
27 -0.516740 -0.057417 1.009323 1.227391 0.340199 -0.226213 0.706486 1.846921
27 -0.525717 -0.058882 0.992316 0.831866 0.732176 -0.667318 0.665479 1.804288
Hand_White_A.dds
26 -0.571313 -0.058542 1.024114 -0.716686 -0.750319 0.772514 0.251389 1.775744
26 -0.582202 -0.076721 0.987379 -0.081561 -1.242825 0.349469 0.310379 1.569563
27 -0.551385 -0.074242 1.010766 -0.220533 -1.182484 0.475911 0.319797 1.774856
Hand_White_A.dds
27 -0.551385 -0.074242 1.010766 -0.220533 -1.182484 0.475911 0.319797 1.774856
26 -0.562004 -0.075594 0.988904 -0.135491 -1.285178 -0.057918 0.331719 1.633311
27 -0.543770 -0.078197 0.999018 -0.374262 -1.226662 0.169184 0.373700 1.752251
Hand_White_A.dds
26 -0.595394 -0.072989 0.987133 -0.622566 -0.871370 0.725619 0.309369 1.509617
26 -0.602018 -0.066981 0.984124 -1.089763 -0.189672 0.670699 0.295566 1.477866
26 -0.601701 -0.076278 0.977509 -0.770229 -0.841268 0.610255 0.320651 1.447581
Hand_White_A.dds
26 -0.582202 -0.076721 0.987379 -0.081561 -1.242825 0.349469 0.310379 1.569563
26 -0.601701 -0.076278 0.977509 -0.770229 -0.841268 0.610255 0.320651 1.447581
30 -0.593913 -0.081788 0.972154 0.097747 -1.273220 0.206764 0.346212 1.461619
Hand_White_A.dds
26 -0.582202 -0.076721 0.987379 -0.081561 -1.242825 0.349469 0.646503 1.469228
26 -0.583145 -0.078110 0.962367 0.775164 -0.869370 -0.562772 0.672777 1.437940
26 -0.571917 -0.076148 0.972412 0.412623 -0.890075 -0.843151 0.686052 1.521716
Hand_White_A.dds
30 -0.593913 -0.081788 0.972154 0.097747 -1.273220 0.206764 0.644735 1.449462
26 -0.583145 -0.078110 0.962367 0.775164 -0.869370 -0.562772 0.672777 1.437940
26 -0.582202 -0.076721 0.987379 -0.081561 -1.242825 0.349469 0.646503 1.469228
Hand_White_A.dds
27 -0.544267 -0.074222 0.973908 -0.696979 -0.431128 -1.000872 0.652091 1.561671
26 -0.571917 -0.076148 0.972412 0.412623 -0.890075 -0.843151 0.686052 1.521716
27 -0.546991 -0.060214 0.979346 0.302646 0.677925 -1.059348 0.707591 1.694649
Hand_White_A.dds
26 -0.571917 -0.076148 0.972412 0.412623 -0.890075 -0.843151 0.686052 1.521716
26 -0.562004 -0.075594 0.988904 -0.135491 -1.285178 -0.057918 0.649205 1.498484
26 -0.582202 -0.076721 0.987379 -0.081561 -1.242825 0.349469 0.646503 1.469228
Hand_White_A.dds
27 -0.525717 -0.058882 0.992316 0.831866 0.732176 -0.667318 0.665479 1.804288
27 -0.546991 -0.060214 0.979346 0.302646 0.677925 -1.059348 0.707591 1.694649
26 -0.538098 -0.048338 0.990028 0.405124 0.700011 -1.009582 0.730379 1.752168
Hand_White_A.dds
26 -0.551150 -0.031719 1.061703 -0.884064 -0.367986 0.869720 0.198397 1.940148
26 -0.553616 -0.053735 1.043341 -0.401237 -0.955764 0.773899 0.247891 1.889168
26 -0.541513 -0.052997 1.049175 0.063812 -1.015495 0.798807 0.268387 1.941882
Hand_White_A.dds
32 -0.582934 -0.084181 0.919170 0.606106 0.042669 1.142020 0.622488 1.166416
32 -0.577498 -0.076172 0.910396 0.979513 0.760319 0.368598 0.636620 1.112367
32 -0.584099 -0.075959 0.916233 0.227825 1.144608 0.557999 0.648565 1.157108
Hand_White_A.dds
32 -0.582934 -0.084181 0.919170 0.606106 0.042669 1.142020 0.622488 1.166416
32 -0.575385 -0.083597 0.913096 1.130663 -0.228709 0.585395 0.615727 1.129434
32 -0.577498 -0.076172 0.910396 0.979513 0.760319 0.368598 0.636620 1.112367
Hand_White_A.dds
32 -0.576583 -0.088607 0.909391 0.739849 -0.968312 -0.434040 0.595451 1.106813
32 -0.575994 -0.082195 0.906623 0.992056 -0.066788 -0.827502 0.617579 1.076948
32 -0.575385 -0.083597 0.913096 1.130663 -0.228709 0.585395 0.615727 1.129434
Hand_White_A.dds
32 -0.582934 -0.084181 0.919170 0.606106 0.042669 1.142020 0.622488 1.166416
32 -0.584099 -0.075959 0.916233 0.227825 1.144608 0.557999 0.648565 1.157108
32 -0.598688 -0.078576 0.920192 -0.908309 0.777736 0.493454 0.653307 1.206268
Hand_White_A.dds
32 -0.584099 -0.075959 0.916233 0.227825 1.144608 0.557999 0.648565 1.157108
32 -0.577498 -0.076172 0.910396 0.979513 0.760319 0.368598 0.636620 1.112367
32 -0.579627 -0.075629 0.904534 0.411813 0.956400 -0.767531 0.642918 1.083049
Hand_White_A.dds
32 -0.575385 -0.083597 0.913096 1.130663 -0.228709 0.585395 0.615727 1.129434
32 -0.582934 -0.084181 0.919170 0.606106 0.042669 1.142020 0.622488 1.166416
32 -0.584464 -0.091594 0.912207 0.409228 -1.216825 0.158951 0.603906 1.167652
Hand_White_A.dds
35 -0.583416 -0.042370 0.929343 -0.269080 0.789421 0.988840 0.741071 1.078805
35 -0.572020 -0.051743 0.930796 0.433033 -0.372173 1.160761 0.709732 1.033492
35 -0.573803 -0.042297 0.929392 0.462462 0.642414 1.023147 0.728273 1.017853
Hand_White_A.dds
35 -0.583416 -0.042370 0.929343 -0.269080 0.789421 0.988840 0.741071 1.078805
35 -0.581854 -0.052544 0.930262 -0.304907 -0.463636 1.168533 0.711989 1.084214
35 -0.572020 -0.051743 0.930796 0.433033 -0.372173 1.160761 0.709732 1.033492
Hand_White_A.dds
35 -0.569131 -0.053747 0.925706 1.086831 -0.696063 -0.087697 0.703945 1.027417
35 -0.568672 -0.046216 0.926579 1.261978 0.250858 0.133706 0.713792 1.003549
35 -0.572020 -0.051743 0.930796 0.433033 -0.372173 1.160761 0.709732 1.033492
Hand_White_A.dds
35 -0.583416 -0.042370 0.929343 -0.269080 0.789421 0.988840 0.741071 1.078805
35 -0.573803 -0.042297 0.929392 0.462462 0.642414 1.023147 0.728273 1.017853
35 -0.571760 -0.039773 0.924660 0.589635 1.143501 -0.134654 0.741184 1.002383
Hand_White_A.dds
35 -0.572020 -0.051743 0.930796 0.433033 -0.372173 1.160761 0.709732 1.033492
35 -0.581854 -0.052544 0.930262 -0.304907 -0.463636 1.168533 0.711989 1.084214
35 -0.580418 -0.058383 0.921240 0.420091 -1.218377 -0.111702 0.692211 1.092869
Hand_White_A.dds
35 -0.581854 -0.052544 0.930262 -0.304907 -0.463636 1.168533 0.711989 1.084214
35 -0.583416 -0.042370 0.929343 -0.269080 0.789421 0.988840 0.741071 1.078805
35 -0.595955 -0.045179 0.922339 -1.095553 0.687582 -0.019751 0.739431 1.128869
Hand_White_A.dds
38 -0.583891 -0.022034 0.925583 -0.186785 0.618836 1.120512 0.843949 1.099676
38 -0.575076 -0.030079 0.925370 0.481297 -0.570350 1.056622 0.819444 1.050578
38 -0.574874 -0.022151 0.926031 0.674334 0.407245 1.026070 0.839676 1.046247
Hand_White_A.dds
38 -0.583891 -0.022034 0.925583 -0.186785 0.618836 1.120512 0.843949 1.099676
38 -0.583062 -0.031297 0.925130 -0.169728 -0.573496 1.147035 0.818752 1.108031
38 -0.575076 -0.030079 0.925370 0.481297 -0.570350 1.056622 0.819444 1.050578
Hand_White_A.dds
38 -0.572133 -0.032541 0.919865 0.997520 -0.820946 0.066300 0.810636 1.049389
38 -0.571547 -0.025590 0.920912 1.275889 0.098946 0.188977 0.827364 1.029049
38 -0.575076 -0.030079 0.925370 0.481297 -0.570350 1.056622 0.819444 1.050578
Hand_White_A.dds
38 -0.583891 -0.022034 0.925583 -0.186785 0.618836 1.120512 0.843949 1.099676
38 -0.574874 -0.022151 0.926031 0.674334 0.407245 1.026070 0.839676 1.046247
38 -0.573648 -0.018852 0.920740 0.593825 1.145343 0.094632 0.853283 1.044093
Hand_White_A.dds
38 -0.575076 -0.030079 0.925370 0.481297 -0.570350 1.056622 0.819444 1.050578
38 -0.583062 -0.031297 0.925130 -0.169728 -0.573496 1.147035 0.818752 1.108031
38 -0.582756 -0.034823 0.917573 0.219380 -1.272946 -0.069824 0.800238 1.112456
Hand_White_A.dds
38 -0.583062 -0.031297 0.925130 -0.169728 -0.573496 1.147035 0.818752 1.108031
38 -0.583891 -0.022034 0.925583 -0.186785 0.618836 1.120512 0.843949 1.099676
38 -0.596662 -0.023070 0.920841 -0.996681 0.750213 0.342348 0.847161 1.153644
Hand_White_A.dds
44 -0.534137 -0.044126 1.062679 -0.152069 -1.075554 0.702462 0.259435 1.995052
26 -0.527901 -0.049394 1.040357 0.933201 -0.757587 0.478114 0.561100 1.953192
44 -0.518544 -0.045062 1.055007 0.678046 -1.083785 -0.197632 0.556395 1.995052
Hand_White_A.dds
26 -0.527901 -0.049394 1.040357 0.933201 -0.757587 0.478114 0.561100 1.953192
44 -0.534137 -0.044126 1.062679 -0.152069 -1.075554 0.702462 0.259435 1.995052
26 -0.541513 -0.052997 1.049175 0.063812 -1.015495 0.798807 0.268387 1.941882
Hand_White_A.dds
37 -0.597850 -0.022922 0.906864 -0.132938 0.793579 -1.012895 0.147098 1.128223
38 -0.581385 -0.020734 0.914277 0.318830 0.910888 -0.861409 0.151189 1.076664
38 -0.581589 -0.025871 0.911948 0.523361 0.226424 -1.161129 0.169540 1.077242
Hand_White_A.dds
37 -0.595794 -0.018482 0.913793 0.141910 1.276745 -0.152243 0.134105 1.124338
38 -0.583627 -0.018161 0.918005 -0.002871 1.293003 -0.039119 0.139435 1.070731
37 -0.597850 -0.022922 0.906864 -0.132938 0.793579 -1.012895 0.147098 1.128223
Hand_White_A.dds
37 -0.597850 -0.022922 0.906864 -0.132938 0.793579 -1.012895 0.147098 1.128223
38 -0.583627 -0.018161 0.918005 -0.002871 1.293003 -0.039119 0.139435 1.070731
38 -0.581385 -0.020734 0.914277 0.318830 0.910888 -0.861409 0.151189 1.076664
Hand_White_A.dds
38 -0.573648 -0.018852 0.920740 0.593825 1.145343 0.094632 0.151565 1.026739
38 -0.581385 -0.020734 0.914277 0.318830 0.910888 -0.861409 0.151189 1.076664
38 -0.583627 -0.018161 0.918005 -0.002871 1.293003 -0.039119 0.139435 1.070731
Hand_White_A.dds
38 -0.573648 -0.018852 0.920740 0.593825 1.145343 0.094632 0.151565 1.026739
38 -0.573485 -0.020391 0.917770 0.877926 0.529784 -0.788652 0.157597 1.041582
38 -0.581385 -0.020734 0.914277 0.318830 0.910888 -0.861409 0.151189 1.076664
Hand_White_A.dds
38 -0.571547 -0.025590 0.920912 1.275889 0.098946 0.188977 0.170121 1.022253
38 -0.572133 -0.032541 0.919865 0.997520 -0.820946 0.066300 0.195942 1.026351
38 -0.572558 -0.030340 0.917112 0.921423 -0.342717 -0.840786 0.189038 1.045153
Hand_White_A.dds
38 -0.573485 -0.020391 0.917770 0.877926 0.529784 -0.788652 0.157597 1.041582
38 -0.571547 -0.025590 0.920912 1.275889 0.098946 0.188977 0.170121 1.022253
38 -0.572558 -0.030340 0.917112 0.921423 -0.342717 -0.840786 0.189038 1.045153
Hand_White_A.dds
38 -0.582756 -0.034823 0.917573 0.219380 -1.272946 -0.069824 0.201644 1.093981
38 -0.572558 -0.030340 0.917112 0.921423 -0.342717 -0.840786 0.189038 1.045153
38 -0.572133 -0.032541 0.919865 0.997520 -0.820946 0.066300 0.195942 1.026351
Hand_White_A.dds
38 -0.582756 -0.034823 0.917573 0.219380 -1.272946 -0.069824 0.201644 1.093981
38 -0.580431 -0.031363 0.912186 0.513162 -0.611590 -1.017850 0.185251 1.083828
38 -0.572558 -0.030340 0.917112 0.921423 -0.342717 -0.840786 0.189038 1.045153
Hand_White_A.dds
38 -0.582756 -0.034823 0.917573 0.219380 -1.272946 -0.069824 0.201644 1.093981
37 -0.598381 -0.030939 0.906039 -0.189516 -0.513540 -1.172073 0.181802 1.136858
38 -0.580431 -0.031363 0.912186 0.513162 -0.611590 -1.017850 0.185251 1.083828
Hand_White_A.dds
34 -0.597811 -0.048241 0.909041 -0.117285 0.581885 -1.149369 0.245622 1.108734
35 -0.580497 -0.044397 0.915970 0.401144 0.720953 -0.996346 0.251819 1.060656
35 -0.579704 -0.049251 0.914233 0.604012 -0.063849 -1.142142 0.270761 1.054232
Hand_White_A.dds
35 -0.594704 -0.041869 0.915025 0.029661 1.265793 -0.265111 0.220868 1.097107
35 -0.584290 -0.040224 0.919102 -0.035718 1.245184 -0.348765 0.236119 1.055632
34 -0.597811 -0.048241 0.909041 -0.117285 0.581885 -1.149369 0.245622 1.108734
Hand_White_A.dds
34 -0.597811 -0.048241 0.909041 -0.117285 0.581885 -1.149369 0.245622 1.108734
35 -0.584290 -0.040224 0.919102 -0.035718 1.245184 -0.348765 0.236119 1.055632
35 -0.580497 -0.044397 0.915970 0.401144 0.720953 -0.996346 0.251819 1.060656
Hand_White_A.dds
35 -0.571760 -0.039773 0.924660 0.589635 1.143501 -0.134654 0.251419 1.008011
35 -0.580497 -0.044397 0.915970 0.401144 0.720953 -0.996346 0.251819 1.060656
35 -0.584290 -0.040224 0.919102 -0.035718 1.245184 -0.348765 0.236119 1.055632
Hand_White_A.dds
35 -0.571760 -0.039773 0.924660 0.589635 1.143501 -0.134654 0.251419 1.008011
35 -0.571725 -0.043592 0.921378 0.895477 0.364948 -0.859260 0.256281 1.023148
35 -0.580497 -0.044397 0.915970 0.401144 0.720953 -0.996346 0.251819 1.060656
Hand_White_A.dds
35 -0.571760 -0.039773 0.924660 0.589635 1.143501 -0.134654 0.251419 1.008011
35 -0.568672 -0.046216 0.926579 1.261978 0.250858 0.133706 0.273684 1.002612
35 -0.571725 -0.043592 0.921378 0.895477 0.364948 -0.859260 0.256281 1.023148
Hand_White_A.dds
35 -0.571725 -0.043592 0.921378 0.895477 0.364948 -0.859260 0.256281 1.023148
35 -0.568672 -0.046216 0.926579 1.261978 0.250858 0.133706 0.273684 1.002612
35 -0.571597 -0.050558 0.921325 0.911358 -0.356168 -0.846148 0.289070 1.026055
Hand_White_A.dds
35 -0.580418 -0.058383 0.921240 0.420091 -1.218377 -0.111702 0.294460 1.058686
35 -0.571597 -0.050558 0.921325 0.911358 -0.356168 -0.846148 0.289070 1.026055
35 -0.569131 -0.053747 0.925706 1.086831 -0.696063 -0.087697 0.294225 1.014102
Hand_White_A.dds
35 -0.580418 -0.058383 0.921240 0.420091 -1.218377 -0.111702 0.294460 1.058686
35 -0.579973 -0.053881 0.916916 0.595025 -0.719376 -0.895454 0.286200 1.059802
35 -0.571597 -0.050558 0.921325 0.911358 -0.356168 -0.846148 0.289070 1.026055
Hand_White_A.dds
35 -0.580418 -0.058383 0.921240 0.420091 -1.218377 -0.111702 0.294460 1.058686
34 -0.597219 -0.056025 0.909998 -0.021124 -0.631716 -1.128665 0.284388 1.120660
35 -0.579973 -0.053881 0.916916 0.595025 -0.719376 -0.895454 0.286200 1.059802
Hand_White_A.dds
32 -0.584464 -0.091594 0.912207 0.409228 -1.216825 0.158951 0.398291 1.128959
31 -0.603598 -0.091541 0.913125 -0.617394 -0.792422 -0.815039 0.377292 1.168551
32 -0.585694 -0.090057 0.909148 0.029741 -1.022544 -0.791779 0.379298 1.136210
Hand_White_A.dds
31 -0.607540 -0.083504 0.910649 -0.801539 0.076088 -1.012492 0.345835 1.158508
32 -0.588286 -0.084630 0.905052 -0.161273 -0.436387 -1.207043 0.364482 1.124431
31 -0.603598 -0.091541 0.913125 -0.617394 -0.792422 -0.815039 0.377292 1.168551
Hand_White_A.dds
32 -0.585694 -0.090057 0.909148 0.029741 -1.022544 -0.791779 0.379298 1.136210
31 -0.603598 -0.091541 0.913125 -0.617394 -0.792422 -0.815039 0.377292 1.168551
32 -0.588286 -0.084630 0.905052 -0.161273 -0.436387 -1.207043 0.364482 1.124431
Hand_White_A.dds
32 -0.585694 -0.090057 0.909148 0.029741 -1.022544 -0.791779 0.379298 1.136210
32 -0.580194 -0.087925 0.907161 0.243148 -0.644861 -1.094727 0.382964 1.099597
32 -0.576583 -0.088607 0.909391 0.739849 -0.968312 -0.434040 0.389077 1.091165
Hand_White_A.dds
32 -0.585694 -0.090057 0.909148 0.029741 -1.022544 -0.791779 0.379298 1.136210
32 -0.588286 -0.084630 0.905052 -0.161273 -0.436387 -1.207043 0.364482 1.124431
32 -0.580194 -0.087925 0.907161 0.243148 -0.644861 -1.094727 0.382964 1.099597
Hand_White_A.dds
32 -0.579627 -0.075629 0.904534 0.411813 0.956400 -0.767531 0.351015 1.075962
32 -0.575994 -0.082195 0.906623 0.992056 -0.066788 -0.827502 0.370621 1.071269
32 -0.581615 -0.077507 0.904153 0.057887 0.004952 -1.292292 0.352310 1.086585
Hand_White_A.dds
32 -0.581615 -0.077507 0.904153 0.057887 0.004952 -1.292292 0.352310 1.086585
32 -0.580194 -0.087925 0.907161 0.243148 -0.644861 -1.094727 0.382964 1.099597
32 -0.588286 -0.084630 0.905052 -0.161273 -0.436387 -1.207043 0.364482 1.124431
Hand_White_A.dds
32 -0.581615 -0.077507 0.904153 0.057887 0.004952 -1.292292 0.352310 1.086585
32 -0.589385 -0.077672 0.905225 -0.299627 0.193402 -1.243469 0.346736 1.119952
32 -0.589539 -0.075837 0.905874 -0.293551 0.958821 -0.817243 0.343030 1.115240
Hand_White_A.dds
32 -0.581615 -0.077507 0.904153 0.057887 0.004952 -1.292292 0.352310 1.086585
32 -0.588286 -0.084630 0.905052 -0.161273 -0.436387 -1.207043 0.364482 1.124431
32 -0.589385 -0.077672 0.905225 -0.299627 0.193402 -1.243469 0.346736 1.119952
Hand_White_A.dds
31 -0.607540 -0.083504 0.910649 -0.801539 0.076088 -1.012492 0.345835 1.158508
32 -0.589385 -0.077672 0.905225 -0.299627 0.193402 -1.243469 0.346736 1.119952
32 -0.588286 -0.084630 0.905052 -0.161273 -0.436387 -1.207043 0.364482 1.124431
Hand_White_A.dds
27 -0.546991 -0.060214 0.979346 0.302646 0.677925 -1.059348 0.707591 1.694649
26 -0.573789 -0.057350 0.970200 0.801396 0.203473 -0.994866 0.707308 1.467182
26 -0.538098 -0.048338 0.990028 0.405124 0.700011 -1.009582 0.730379 1.752168
Hand_White_A.dds
27 -0.546991 -0.060214 0.979346 0.302646 0.677925 -1.059348 0.707591 1.694649
26 -0.571917 -0.076148 0.972412 0.412623 -0.890075 -0.843151 0.686052 1.521716
26 -0.573789 -0.057350 0.970200 0.801396 0.203473 -0.994866 0.707308 1.467182
Hand_White_A.dds
26 -0.552824 -0.040168 0.995374 0.515387 0.530883 -1.061101 0.777705 1.663933
26 -0.538098 -0.048338 0.990028 0.405124 0.700011 -1.009582 0.730379 1.752168
26 -0.573789 -0.057350 0.970200 0.801396 0.203473 -0.994866 0.707308 1.467182
Hand_White_A.dds
26 -0.534390 -0.038010 0.998353 0.587370 0.638220 -0.959722 0.749023 1.768509
27 -0.525717 -0.058882 0.992316 0.831866 0.732176 -0.667318 0.665479 1.804288
26 -0.538098 -0.048338 0.990028 0.405124 0.700011 -1.009582 0.730379 1.752168
Hand_White_A.dds
26 -0.552824 -0.040168 0.995374 0.515387 0.530883 -1.061101 0.777705 1.663933
26 -0.534390 -0.038010 0.998353 0.587370 0.638220 -0.959722 0.749023 1.768509
26 -0.538098 -0.048338 0.990028 0.405124 0.700011 -1.009582 0.730379 1.752168
Hand_White_A.dds
26 -0.548138 -0.025441 1.001625 0.789608 0.329093 -0.970367 0.811027 1.665222
26 -0.534390 -0.038010 0.998353 0.587370 0.638220 -0.959722 0.749023 1.768509
26 -0.552824 -0.040168 0.995374 0.515387 0.530883 -1.061101 0.777705 1.663933
Hand_White_A.dds
26 -0.548138 -0.025441 1.001625 0.789608 0.329093 -0.970367 0.811027 1.665222
26 -0.530250 -0.030596 1.007434 0.821667 0.781243 -0.622831 0.778167 1.772573
26 -0.534390 -0.038010 0.998353 0.587370 0.638220 -0.959722 0.749023 1.768509
Hand_White_A.dds
26 -0.530250 -0.030596 1.007434 0.821667 0.781243 -0.622831 0.778167 1.772573
26 -0.548138 -0.025441 1.001625 0.789608 0.329093 -0.970367 0.811027 1.665222
26 -0.529211 -0.025188 1.023791 1.161386 0.362014 -0.439912 0.811872 1.816253
Hand_White_A.dds
32 -0.575385 -0.083597 0.913096 1.130663 -0.228709 0.585395 0.615727 1.129434
32 -0.575994 -0.082195 0.906623 0.992056 -0.066788 -0.827502 0.617579 1.076948
32 -0.577498 -0.076172 0.910396 0.979513 0.760319 0.368598 0.636620 1.112367
Hand_White_A.dds
32 -0.575994 -0.082195 0.906623 0.992056 -0.066788 -0.827502 0.370621 1.071269
32 -0.576583 -0.088607 0.909391 0.739849 -0.968312 -0.434040 0.389077 1.091165
32 -0.580194 -0.087925 0.907161 0.243148 -0.644861 -1.094727 0.382964 1.099597
Hand_White_A.dds
35 -0.572020 -0.051743 0.930796 0.433033 -0.372173 1.160761 0.709732 1.033492
35 -0.568672 -0.046216 0.926579 1.261978 0.250858 0.133706 0.713792 1.003549
35 -0.573803 -0.042297 0.929392 0.462462 0.642414 1.023147 0.728273 1.017853
Hand_White_A.dds
35 -0.568672 -0.046216 0.926579 1.261978 0.250858 0.133706 0.273684 1.002612
35 -0.569131 -0.053747 0.925706 1.086831 -0.696063 -0.087697 0.294225 1.014102
35 -0.571597 -0.050558 0.921325 0.911358 -0.356168 -0.846148 0.289070 1.026055
Hand_White_A.dds
38 -0.573648 -0.018852 0.920740 0.593825 1.145343 0.094632 0.151565 1.026739
38 -0.571547 -0.025590 0.920912 1.275889 0.098946 0.188977 0.170121 1.022253
38 -0.573485 -0.020391 0.917770 0.877926 0.529784 -0.788652 0.157597 1.041582
Hand_White_A.dds
38 -0.571547 -0.025590 0.920912 1.275889 0.098946 0.188977 0.827364 1.029049
38 -0.573648 -0.018852 0.920740 0.593825 1.145343 0.094632 0.853283 1.044093
38 -0.574874 -0.022151 0.926031 0.674334 0.407245 1.026070 0.839676 1.046247
Hand_White_A.dds
41 -0.582846 -0.001682 0.928036 0.551700 0.521321 1.047495 0.965319 1.145392
41 -0.582750 -0.009141 0.928146 0.546414 -0.335480 1.123512 0.939815 1.146989
41 -0.578090 -0.004277 0.923840 1.271243 0.112489 0.211384 0.948756 1.093420
Hand_White_A.dds
41 -0.582381 -0.002936 0.920589 0.659111 0.214200 -1.092285 0.059605 1.147047
41 -0.578090 -0.004277 0.923840 1.271243 0.112489 0.211384 0.062042 1.111094
41 -0.578469 -0.009858 0.922982 0.725777 -1.008656 -0.359522 0.076281 1.120672
Hand_White_A.dds
26 -0.582202 -0.076721 0.987379 -0.081561 -1.242825 0.349469 0.310379 1.569563
26 -0.595394 -0.072989 0.987133 -0.622566 -0.871370 0.725619 0.309369 1.509617
26 -0.601701 -0.076278 0.977509 -0.770229 -0.841268 0.610255 0.320651 1.447581
Hand_White_A.dds
26 -0.571313 -0.058542 1.024114 -0.716686 -0.750319 0.772514 0.251389 1.775744
26 -0.595394 -0.072989 0.987133 -0.622566 -0.871370 0.725619 0.309369 1.509617
26 -0.582202 -0.076721 0.987379 -0.081561 -1.242825 0.349469 0.310379 1.569563
Hand_White_A.dds
31 -0.593735 -0.086814 0.920803 0.421230 -0.913016 -0.813857 0.632158 1.228670
31 -0.596067 -0.078574 0.918199 1.243105 0.215188 -0.285972 0.655240 1.214495
31 -0.601403 -0.084564 0.941285 0.848251 0.349584 0.911952 0.647761 1.334869
Hand_White_A.dds
30 -0.611212 -0.090021 0.946224 0.062571 -1.130291 0.626037 0.628919 1.341940
31 -0.601403 -0.084564 0.941285 0.848251 0.349584 0.911952 0.647761 1.334869
31 -0.603545 -0.085079 0.941520 0.905894 -0.210000 0.899251 0.649805 1.348070
Hand_White_A.dds
31 -0.603545 -0.085079 0.941520 0.905894 -0.210000 0.899251 0.649805 1.348070
31 -0.601403 -0.084564 0.941285 0.848251 0.349584 0.911952 0.647761 1.334869
31 -0.603997 -0.074118 0.938335 0.419555 1.026512 0.666065 0.675850 1.291087
Hand_White_A.dds
31 -0.605014 -0.078413 0.910723 -0.394218 1.044992 -0.652671 0.669769 1.204955
31 -0.596067 -0.078574 0.918199 1.243105 0.215188 -0.285972 0.655240 1.214495
32 -0.598688 -0.078576 0.920192 -0.908309 0.777736 0.493454 0.653307 1.206268
Hand_White_A.dds
34 -0.592301 -0.044772 0.922725 1.144160 0.207279 0.566858 0.740879 1.138851
34 -0.611915 -0.045786 0.933744 -0.390748 0.502177 1.126290 0.754734 1.219310
34 -0.610952 -0.056623 0.935427 -0.037511 0.131840 1.286315 0.732931 1.224654
Hand_White_A.dds
33 -0.618844 -0.062922 0.932855 0.003282 -1.281494 0.176516 0.709246 1.246790
34 -0.610952 -0.056623 0.935427 -0.037511 0.131840 1.286315 0.732931 1.224654
34 -0.613413 -0.057480 0.932496 -1.253498 0.139349 0.287613 0.735959 1.244206
Hand_White_A.dds
35 -0.594704 -0.041869 0.915025 0.029661 1.265793 -0.265111 0.775657 1.123752
33 -0.619381 -0.041993 0.929958 -0.240131 1.207772 -0.396256 0.780514 1.237550
34 -0.611915 -0.045786 0.933744 -0.390748 0.502177 1.126290 0.754734 1.219310
Hand_White_A.dds
34 -0.613413 -0.057480 0.932496 -1.253498 0.139349 0.287613 0.735959 1.244206
34 -0.611915 -0.045786 0.933744 -0.390748 0.502177 1.126290 0.754734 1.219310
34 -0.614556 -0.046689 0.930885 0.515957 -0.197641 -1.169668 0.757661 1.240239
Hand_White_A.dds
37 -0.616390 -0.036721 0.930135 -0.176187 -1.279034 0.080155 0.799509 1.288425
37 -0.596396 -0.036123 0.913557 -0.172951 -1.170417 -0.523074 0.798004 1.160493
37 -0.591914 -0.032180 0.921571 0.778190 -0.674728 -0.782661 0.819552 1.169602
Hand_White_A.dds
38 -0.596662 -0.023070 0.920841 -0.996681 0.750213 0.342348 0.847161 1.153644
37 -0.591914 -0.032180 0.921571 0.778190 -0.674728 -0.782661 0.819552 1.169602
38 -0.596189 -0.032285 0.921546 -0.446803 -1.119349 0.469915 0.819251 1.160472
Hand_White_A.dds
36 -0.610775 -0.034570 0.928885 -0.978619 -0.836360 -0.127283 0.821728 1.269577
37 -0.609248 -0.033629 0.936415 0.137432 0.058766 1.284934 0.821136 1.250819
37 -0.609909 -0.021319 0.936006 -0.572489 0.431162 1.076918 0.851054 1.244785
Hand_White_A.dds
37 -0.595794 -0.018482 0.913793 0.141910 1.276745 -0.152243 0.874923 1.167104
37 -0.592490 -0.022725 0.920916 1.270421 0.077830 0.231016 0.847642 1.163259
38 -0.596662 -0.023070 0.920841 -0.996681 0.750213 0.342348 0.847161 1.153644
Hand_White_A.dds
40 -0.605300 -0.009445 0.942304 -0.820926 -0.906318 0.421976 0.923991 1.321301
40 -0.598599 -0.011198 0.919105 0.034217 -1.248149 -0.338154 0.916301 1.247380
40 -0.594869 -0.009312 0.924304 1.287508 -0.101671 -0.073359 0.930426 1.256657
Hand_White_A.dds
40 -0.594869 -0.009312 0.924304 1.287508 -0.101671 -0.073359 0.930426 1.256657
40 -0.604675 0.000714 0.942538 0.535981 -0.179176 1.163622 0.959868 1.360894
40 -0.605300 -0.009445 0.942304 -0.820926 -0.906318 0.421976 0.923991 1.321301
Hand_White_A.dds
40 -0.604675 0.000714 0.942538 0.535981 -0.179176 1.163622 0.959868 1.360894
39 -0.609105 0.007009 0.942218 -0.007351 1.293304 -0.026584 0.996961 1.396153
39 -0.604403 0.000813 0.938462 -0.564564 0.468314 -1.065525 0.959810 1.381300
Hand_White_A.dds
39 -0.604403 0.000813 0.938462 -0.564564 0.468314 -1.065525 0.959810 1.381300
40 -0.605300 -0.009445 0.942304 -0.820926 -0.906318 0.421976 0.923991 1.321301
40 -0.604675 0.000714 0.942538 0.535981 -0.179176 1.163622 0.959868 1.360894
Hand_White_A.dds
32 -0.598688 -0.078576 0.920192 -0.908309 0.777736 0.493454 0.653307 1.206268
31 -0.596067 -0.078574 0.918199 1.243105 0.215188 -0.285972 0.655240 1.214495
31 -0.593735 -0.086814 0.920803 0.421230 -0.913016 -0.813857 0.632158 1.228670
Hand_White_A.dds
30 -0.611212 -0.090021 0.946224 0.062571 -1.130291 0.626037 0.628919 1.341940
31 -0.593735 -0.086814 0.920803 0.421230 -0.913016 -0.813857 0.632158 1.228670
31 -0.601403 -0.084564 0.941285 0.848251 0.349584 0.911952 0.647761 1.334869
Hand_White_A.dds
31 -0.605014 -0.078413 0.910723 -0.394218 1.044992 -0.652671 0.669769 1.204955
31 -0.603997 -0.074118 0.938335 0.419555 1.026512 0.666065 0.675850 1.291087
31 -0.596067 -0.078574 0.918199 1.243105 0.215188 -0.285972 0.655240 1.214495
Hand_White_A.dds
31 -0.596067 -0.078574 0.918199 1.243105 0.215188 -0.285972 0.655240 1.214495
31 -0.603997 -0.074118 0.938335 0.419555 1.026512 0.666065 0.675850 1.291087
31 -0.601403 -0.084564 0.941285 0.848251 0.349584 0.911952 0.647761 1.334869
Hand_White_A.dds
35 -0.595955 -0.045179 0.922339 -1.095553 0.687582 -0.019751 0.739431 1.128869
34 -0.592301 -0.044772 0.922725 1.144160 0.207279 0.566858 0.740879 1.138851
34 -0.591285 -0.055782 0.924310 1.078815 -0.566581 -0.434211 0.717381 1.146728
Hand_White_A.dds
33 -0.618844 -0.062922 0.932855 0.003282 -1.281494 0.176516 0.709246 1.246790
34 -0.591285 -0.055782 0.924310 1.078815 -0.566581 -0.434211 0.717381 1.146728
34 -0.610952 -0.056623 0.935427 -0.037511 0.131840 1.286315 0.732931 1.224654
Hand_White_A.dds
34 -0.591285 -0.055782 0.924310 1.078815 -0.566581 -0.434211 0.717381 1.146728
34 -0.592301 -0.044772 0.922725 1.144160 0.207279 0.566858 0.740879 1.138851
34 -0.610952 -0.056623 0.935427 -0.037511 0.131840 1.286315 0.732931 1.224654
Hand_White_A.dds
35 -0.594704 -0.041869 0.915025 0.029661 1.265793 -0.265111 0.775657 1.123752
34 -0.592301 -0.044772 0.922725 1.144160 0.207279 0.566858 0.740879 1.138851
35 -0.595955 -0.045179 0.922339 -1.095553 0.687582 -0.019751 0.739431 1.128869
Hand_White_A.dds
38 -0.596662 -0.023070 0.920841 -0.996681 0.750213 0.342348 0.847161 1.153644
37 -0.592490 -0.022725 0.920916 1.270421 0.077830 0.231016 0.847642 1.163259
37 -0.591914 -0.032180 0.921571 0.778190 -0.674728 -0.782661 0.819552 1.169602
Hand_White_A.dds
37 -0.616390 -0.036721 0.930135 -0.176187 -1.279034 0.080155 0.799509 1.288425
37 -0.591914 -0.032180 0.921571 0.778190 -0.674728 -0.782661 0.819552 1.169602
37 -0.609248 -0.033629 0.936415 0.137432 0.058766 1.284934 0.821136 1.250819
Hand_White_A.dds
37 -0.595794 -0.018482 0.913793 0.141910 1.276745 -0.152243 0.874923 1.167104
37 -0.609909 -0.021319 0.936006 -0.572489 0.431162 1.076918 0.851054 1.244785
37 -0.592490 -0.022725 0.920916 1.270421 0.077830 0.231016 0.847642 1.163259
Hand_White_A.dds
37 -0.592490 -0.022725 0.920916 1.270421 0.077830 0.231016 0.847642 1.163259
37 -0.609909 -0.021319 0.936006 -0.572489 0.431162 1.076918 0.851054 1.244785
37 -0.609248 -0.033629 0.936415 0.137432 0.058766 1.284934 0.821136 1.250819
Hand_White_A.dds
40 -0.594869 -0.009312 0.924304 1.287508 -0.101671 -0.073359 0.930426 1.256657
40 -0.598599 -0.011198 0.919105 0.034217 -1.248149 -0.338154 0.916301 1.247380
41 -0.597574 -0.009308 0.924817 -0.898268 -0.701562 -0.611817 0.931031 1.249256
Hand_White_A.dds
41 -0.597574 -0.009308 0.924817 -0.898268 -0.701562 -0.611817 0.931031 1.249256
40 -0.593496 -0.000389 0.924858 0.913729 0.383438 -0.831546 0.960183 1.249474
40 -0.594869 -0.009312 0.924304 1.287508 -0.101671 -0.073359 0.930426 1.256657
Hand_White_A.dds
40 -0.593496 -0.000389 0.924858 0.913729 0.383438 -0.831546 0.960183 1.249474
41 -0.597574 -0.009308 0.924817 -0.898268 -0.701562 -0.611817 0.931031 1.249256
41 -0.598362 -0.000515 0.926662 -1.064063 0.014288 0.735501 0.960215 1.238176
Hand_White_A.dds
41 -0.598362 -0.000515 0.926662 -1.064063 0.014288 0.735501 0.960215 1.238176
40 -0.597998 0.004277 0.919480 -0.074350 1.265419 -0.258037 0.996961 1.242143
40 -0.593496 -0.000389 0.924858 0.913729 0.383438 -0.831546 0.960183 1.249474
Hand_White_A.dds
29 -0.535264 -0.068477 0.965542 -0.371573 1.202655 0.298242 0.610825 1.537852
29 -0.535870 -0.067112 0.963928 -0.336092 0.757692 0.993147 0.610562 1.536891
29 -0.541166 -0.071547 0.961477 -1.141205 0.454637 0.405402 0.627937 1.541903
Hand_White_A.dds
29 -0.535264 -0.068477 0.965542 -0.371573 1.202655 0.298242 0.610825 1.537852
29 -0.524677 -0.067834 0.962007 0.400074 1.160542 0.408018 0.582951 1.542098
29 -0.535870 -0.067112 0.963928 -0.336092 0.757692 0.993147 0.610562 1.536891
Cleaner_Face_A.dds
6 0.049825 0.089390 1.647805 0.611452 0.952477 -0.626346 0.053433 1.397270
6 0.075163 0.059538 1.662141 1.190630 0.210271 -0.459979 0.123620 1.403798
6 0.038711 0.079020 1.625560 0.637116 0.826133 -0.764841 0.058666 1.338697
Cleaner_Face_A.dds
7 -0.072609 -0.015223 1.645914 -1.243657 0.145212 -0.325000 0.712662 1.333365
6 -0.068368 -0.001258 1.648710 -1.247080 0.159940 -0.304312 0.743862 1.341686
6 -0.061158 -0.015105 1.615699 -1.226017 -0.277563 -0.305345 0.704872 1.257300
Cleaner_Face_A.dds
6 0.052771 -0.087672 1.675164 0.988628 -0.833449 -0.037070 0.395941 1.378958
7 0.055953 -0.072825 1.641238 1.200456 -0.450709 -0.170774 0.371974 1.294292
6 0.061483 -0.083199 1.705137 1.150061 -0.590100 0.050369 0.384384 1.471726
Cleaner_Face_A.dds
7 0.052355 -0.069605 1.616458 1.021700 -0.395502 -0.687825 0.372577 1.234768
6 0.014597 -0.071938 1.591714 0.624658 -0.864732 -0.731735 0.439365 1.134868
6 0.031947 -0.040330 1.590120 1.049763 -0.631908 -0.414832 0.370953 1.193098
Cleaner_Face_A.dds
6 -0.046027 0.045755 1.839098 -0.723105 0.601495 0.888098 0.802920 1.874020
6 -0.072069 0.011354 1.828524 -0.974571 -0.284433 0.801689 0.706187 1.858866
6 -0.040778 0.014387 1.865840 -0.730829 -0.287724 1.027861 0.644439 1.927310
Cleaner_Face_A.dds
19 0.011556 -0.112705 1.749076 0.069486 -1.067953 -0.726667 0.467978 1.595367
19 0.019736 -0.111424 1.760905 0.395293 -1.148915 0.443997 0.458277 1.638496
6 -0.000883 -0.109132 1.768449 0.002718 -1.254773 0.314538 0.502081 1.666310
Cleaner_Face_A.dds
6 -0.033380 -0.111514 1.644009 -0.726709 -1.056663 0.169567 0.560988 1.286596
12 -0.025734 -0.110749 1.656865 0.055717 -0.828227 0.992134 0.552436 1.329508
10 -0.031689 -0.108816 1.656965 -0.694443 -1.086136 -0.107020 0.561006 1.325624
Cleaner_Face_A.dds
6 0.038711 0.079020 1.625560 0.637116 0.826133 -0.764841 0.058666 1.338697
6 -0.000102 0.087914 1.623962 0.028797 1.043986 -0.763321 0.001367 1.333617
6 0.049825 0.089390 1.647805 0.611452 0.952477 -0.626346 0.053433 1.397270
Cleaner_Face_A.dds
6 -0.000168 0.084986 1.828291 -0.022962 0.891321 0.937238 0.001184 1.873746
6 -0.000187 0.046254 1.861230 -0.010440 0.640214 1.124016 0.001398 1.999236
6 0.037713 0.069171 1.830594 0.499526 0.744653 0.932396 0.062342 1.830149
Cleaner_Face_A.dds
4 0.002546 0.076454 1.613530 -0.055543 -0.512198 -1.186576 0.001857 1.285245
6 -0.000102 0.087914 1.623962 0.028797 1.043986 -0.763321 0.001367 1.333617
6 0.038711 0.079020 1.625560 0.637116 0.826133 -0.764841 0.058666 1.338697
Cleaner_Face_A.dds
6 -0.000187 0.046254 1.861230 -0.010440 0.640214 1.124016 1.003180 1.998675
6 -0.000168 0.084986 1.828291 -0.022962 0.891321 0.937238 1.001184 1.873746
6 -0.034739 0.069163 1.828249 -0.526914 0.720447 0.936330 0.918171 1.840432
Cleaner_Face_A.dds
6 0.028682 -0.099612 1.713102 0.378479 -0.976371 0.759506 0.454567 1.483010
6 0.017537 -0.095033 1.723344 0.255748 -1.156099 0.520984 0.461630 1.515134
6 0.010657 -0.101029 1.720582 0.820168 -0.682864 0.731038 0.474434 1.511352
Cleaner_Face_A.dds
6 -0.048128 -0.100410 1.698461 -0.673072 -1.088094 0.190842 0.594762 1.427953
6 -0.048451 -0.088189 1.720043 -0.625745 -1.057981 0.403131 0.590083 1.507800
6 -0.065586 -0.081324 1.705261 -1.081059 -0.704070 0.094821 0.627502 1.456692
Cleaner_Face_A.dds
20 -0.012114 -0.112036 1.749099 -0.215194 -1.119355 -0.611663 0.522744 1.594174
6 -0.000883 -0.111995 1.753704 -0.000756 -1.288110 -0.119024 0.500218 1.613016
6 -0.000883 -0.109132 1.768449 0.002718 -1.254773 0.314538 0.502081 1.666310
Cleaner_Face_A.dds
6 -0.014220 -0.118175 1.686404 -0.781596 -0.980940 -0.316639 0.527630 1.395175
6 -0.002660 -0.138243 1.692105 0.053032 -0.580539 -1.154797 0.502085 1.420504
6 -0.010687 -0.145731 1.698110 -0.650789 -0.823631 -0.755977 0.510114 1.425367
Cleaner_Face_A.dds
8 -0.010479 -0.121168 1.644032 -0.221451 -1.267062 0.137509 0.511982 1.282406
10 -0.018019 -0.124954 1.655074 -0.714229 -1.073799 0.101130 0.531753 1.313104
10 -0.020361 -0.118624 1.642327 -0.728789 -1.049865 0.200116 0.536566 1.274948
Cleaner_Face_A.dds
6 -0.078945 0.062652 1.660026 -1.202896 0.290047 -0.377240 0.849101 1.397505
6 -0.053320 0.089370 1.646037 -0.589546 0.984811 -0.596639 0.914712 1.394399
6 -0.047099 0.076845 1.621745 -0.560610 0.930093 -0.702879 0.901274 1.341684
Cleaner_Face_A.dds
6 -0.061158 -0.015105 1.615699 -1.226017 -0.277563 -0.305345 0.704872 1.257300
6 -0.068368 -0.001258 1.648710 -1.247080 0.159940 -0.304312 0.743862 1.341686
6 -0.070342 0.023851 1.639416 -1.276625 -0.200132 -0.059764 0.802316 1.305791
Cleaner_Face_A.dds
4 0.034153 -0.044059 1.538519 0.337649 -1.052034 0.672766 0.366180 1.013779
6 0.039430 -0.039120 1.567653 0.932928 -0.894187 -0.058909 0.344551 1.100477
4 0.001326 -0.050579 1.534057 0.017703 -1.289950 0.095455 0.497169 1.001654
Cleaner_Face_A.dds
4 -0.055479 -0.018517 1.556703 -0.512254 -0.926372 0.743523 0.695959 1.067890
4 -0.034586 -0.044456 1.538586 -0.223456 -1.039082 0.737409 0.642905 1.013980
6 -0.035044 -0.041377 1.569493 -0.877508 -0.947051 -0.080423 0.650432 1.105952
Cleaner_Face_A.dds
6 0.076118 -0.016077 1.719654 1.224337 -0.417577 -0.004867 0.275437 1.545461
6 0.085271 0.008259 1.731755 1.222937 -0.417371 0.060188 0.228492 1.580201
6 0.073188 -0.016537 1.757712 1.175050 -0.538943 0.046833 0.295407 1.636580
Cleaner_Face_A.dds
6 0.024885 -0.053833 1.570077 0.972187 -0.814226 -0.255507 0.431425 1.084626
4 0.001326 -0.050579 1.534057 0.017703 -1.289950 0.095455 0.497169 1.001654
6 0.039430 -0.039120 1.567653 0.932928 -0.894187 -0.058909 0.344551 1.100477
Cleaner_Face_A.dds
48 0.051447 -0.019115 1.556714 0.614955 -0.920206 0.669662 0.275588 1.067924
6 0.064066 -0.000943 1.614510 1.233487 -0.379248 -0.089865 0.260507 1.272285
6 0.039430 -0.039120 1.567653 0.932928 -0.894187 -0.058909 0.344551 1.100477
Cleaner_Face_A.dds
11 0.030928 -0.109906 1.658135 0.669283 -1.097924 -0.141482 0.437684 1.325307
14 0.025068 -0.114180 1.671288 0.745409 -1.021225 0.273606 0.447891 1.367334
13 0.024223 -0.115106 1.659445 0.627678 -0.920768 -0.656965 0.455032 1.337487
Cleaner_Face_A.dds
12 -0.038417 -0.106470 1.670484 -0.784371 -1.022622 0.111360 0.568077 1.375463
6 -0.054864 -0.082200 1.674810 -0.933167 -0.890388 -0.099013 0.623350 1.375799
10 -0.045954 -0.097900 1.646605 -0.989855 -0.832554 0.020897 0.597181 1.312168
Cleaner_Face_A.dds
6 -0.034739 0.069163 1.828249 -0.526914 0.720447 0.936330 0.918171 1.840432
6 -0.065377 0.067673 1.804374 -0.853113 0.652439 0.721053 0.870395 1.760899
6 -0.046027 0.045755 1.839098 -0.723105 0.601495 0.888098 0.802920 1.874020
Cleaner_Face_A.dds
6 -0.070342 0.023851 1.639416 -1.276625 -0.200132 -0.059764 0.802316 1.305791
6 -0.074695 0.034114 1.675664 -1.223054 -0.101437 -0.408955 0.809566 1.436948
6 -0.078945 0.062652 1.660026 -1.202896 0.290047 -0.377240 0.849101 1.397505
Cleaner_Face_A.dds
6 0.064915 0.074056 1.803000 0.938223 0.621986 0.637390 0.099650 1.751100
6 0.043529 0.043352 1.845098 0.632952 0.620259 0.942362 0.153691 1.868678
6 0.072346 0.042521 1.820105 1.082329 0.337511 0.622934 0.167843 1.829265
Cleaner_Face_A.dds
7 0.038463 -0.093516 1.615176 0.760770 -0.501460 -0.918239 0.419120 1.189334
7 0.023006 -0.115851 1.615299 0.757021 -0.774097 -0.707876 0.429947 1.204451
7 0.012284 -0.109854 1.609630 0.227976 -0.482744 -1.178295 0.474469 1.162825
Cleaner_Face_A.dds
7 -0.068327 -0.036247 1.630601 -1.187183 -0.164305 -0.486823 0.693385 1.287632
6 -0.061158 -0.015105 1.615699 -1.226017 -0.277563 -0.305345 0.704872 1.257300
6 -0.033995 -0.040876 1.589633 -0.995336 -0.653311 -0.505852 0.633830 1.181629
Cleaner_Face_A.dds
6 0.006337 -0.126915 1.720712 1.038568 -0.419204 0.647333 0.488464 1.480863
6 0.005360 -0.148352 1.708620 0.873770 -0.825872 0.477343 0.489421 1.441455
6 0.015616 -0.109669 1.708712 0.875220 -0.834077 0.460110 0.470793 1.446296
Cleaner_Face_A.dds
6 -0.008827 -0.109854 1.736808 -0.939086 -0.808910 0.370374 0.514886 1.549116
6 -0.010187 -0.093154 1.732379 -1.054945 -0.709627 0.238573 0.523061 1.541804
6 -0.009445 -0.125933 1.721250 -1.078474 -0.368450 0.611992 0.510600 1.479883
Cleaner_Face_A.dds
6 0.050722 -0.089348 1.718937 0.549336 -1.024955 0.566651 0.408496 1.498083
6 0.058738 -0.074632 1.732515 1.141492 -0.606320 0.052618 0.379847 1.542874
6 0.052182 -0.083154 1.729921 0.661808 -1.105340 0.116742 0.401827 1.532481
Cleaner_Face_A.dds
6 0.069377 0.009101 1.825999 0.877717 -0.677359 0.666478 0.302817 1.849676
6 0.072346 0.042521 1.820105 1.082329 0.337511 0.622934 0.167843 1.829265
6 0.044524 0.012366 1.862312 0.759688 -0.309865 1.000127 0.343410 1.910369
Cleaner_Face_A.dds
10 -0.018019 -0.124954 1.655074 -0.714229 -1.073799 0.101130 0.531753 1.313104
7 -0.000898 -0.128336 1.655122 0.032023 -1.275693 0.212078 0.501042 1.311806
7 -0.012393 -0.122820 1.660956 -0.267515 -0.812729 0.970207 0.521118 1.331162
Cleaner_Face_A.dds
11 0.018566 -0.118624 1.642327 0.674078 -1.093836 0.150118 0.461927 1.273671
7 0.029844 -0.110846 1.629009 0.946634 -0.881026 -0.032734 0.432459 1.244805
11 0.032966 -0.111771 1.643988 0.714942 -1.077071 0.046582 0.434350 1.275187
Cleaner_Face_A.dds
6 -0.014776 -0.102914 1.795112 -0.358104 -1.112532 0.554463 0.519889 1.741645
6 -0.048249 -0.089665 1.779435 -0.905956 -0.858832 0.339185 0.585248 1.709384
20 -0.021738 -0.106888 1.769510 -0.438557 -1.167341 0.344062 0.533400 1.670269
Cleaner_Face_A.dds
6 -0.046027 0.045755 1.839098 -0.723105 0.601495 0.888098 0.802920 1.874020
6 -0.040778 0.014387 1.865840 -0.730829 -0.287724 1.027861 0.644439 1.927310
6 -0.000187 0.046254 1.861230 -0.010440 0.640214 1.124016 1.003180 1.998675
Cleaner_Face_A.dds
6 -0.058252 -0.085079 1.745115 -1.103900 -0.672899 -0.044792 0.598070 1.590080
6 -0.052440 -0.093062 1.739030 -0.737750 -0.877329 -0.599511 0.592775 1.565159
20 -0.042923 -0.102507 1.749735 -0.563303 -1.124212 -0.303699 0.571507 1.600289
Cleaner_Face_A.dds
6 -0.047543 -0.066532 1.809532 -0.839123 -0.659354 0.731109 0.567546 1.781034
6 -0.063771 -0.059694 1.790405 -1.161131 -0.432347 0.371813 0.619029 1.742604
6 -0.048249 -0.089665 1.779435 -0.905956 -0.858832 0.339185 0.585248 1.709384
Cleaner_Face_A.dds
10 -0.045954 -0.097900 1.646605 -0.989855 -0.832554 0.020897 0.597181 1.312168
10 -0.031689 -0.108816 1.656965 -0.694443 -1.086136 -0.107020 0.561006 1.325624
12 -0.038417 -0.106470 1.670484 -0.784371 -1.022622 0.111360 0.568077 1.375463
Cleaner_Face_A.dds
6 -0.000786 -0.124982 1.686855 0.075702 -1.230043 -0.393267 0.501549 1.404476
6 -0.014220 -0.118175 1.686404 -0.781596 -0.980940 -0.316639 0.527630 1.395175
14 -0.007485 -0.124252 1.680481 -0.359625 -1.165954 0.429670 0.518221 1.389616
Cleaner_Face_A.dds
6 0.059590 -0.016109 1.616023 1.225784 -0.255980 -0.324535 0.288777 1.286639
6 0.067660 0.022888 1.651228 1.278424 -0.157881 -0.118742 0.193516 1.377326
6 0.068373 0.000206 1.651686 1.277820 0.166156 -0.113858 0.246232 1.367636
Cleaner_Face_A.dds
4 0.001326 -0.050579 1.534057 0.017703 -1.289950 0.095455 0.497169 1.001654
6 0.010951 -0.067410 1.565288 0.546100 -1.068124 -0.484026 0.479971 1.070376
6 -0.008649 -0.069131 1.565660 -0.395792 -1.148041 -0.445810 0.529879 1.071483
Cleaner_Face_A.dds
6 0.014597 -0.071938 1.591714 0.624658 -0.864732 -0.731735 0.439365 1.134868
7 0.012284 -0.109854 1.609630 0.227976 -0.482744 -1.178295 0.474469 1.162825
6 -0.010155 -0.074026 1.591998 -0.534043 -0.759558 -0.900703 0.556121 1.129251
Cleaner_Face_A.dds
6 0.091260 0.034086 1.765254 1.287712 0.092691 0.081257 0.195791 1.631737
6 0.083933 0.062032 1.756454 1.238194 0.336886 0.163645 0.136084 1.595579
6 0.072346 0.042521 1.820105 1.082329 0.337511 0.622934 0.167843 1.829265
Cleaner_Face_A.dds
6 -0.060840 0.003237 1.820084 -0.821053 -0.696922 0.716636 0.687844 1.847057
6 -0.072069 0.011354 1.828524 -0.974571 -0.284433 0.801689 0.706187 1.858866
6 -0.092876 0.011107 1.796471 -1.072563 -0.514106 0.508626 0.751303 1.773725
Cleaner_Face_A.dds
6 -0.073385 0.038193 1.816254 -1.002806 0.407296 0.708438 0.806581 1.808688
6 -0.065377 0.067673 1.804374 -0.853113 0.652439 0.721053 0.870395 1.760899
6 -0.096416 0.067880 1.755539 -1.156633 0.515802 0.263712 0.837788 1.614291
Cleaner_Face_A.dds
6 -0.008827 -0.109854 1.736808 -0.939086 -0.808910 0.370374 0.514886 1.549116
6 -0.001596 -0.112072 1.740753 0.024688 -1.208515 0.460737 0.499472 1.568939
6 -0.000883 -0.111995 1.753704 -0.000756 -1.288110 -0.119024 0.500218 1.613016
Cleaner_Face_A.dds
6 -0.010187 -0.093154 1.732379 -1.054945 -0.709627 0.238573 0.523061 1.541804
6 -0.011153 -0.096445 1.739842 -0.742444 -0.682076 -0.810521 0.522837 1.557928
6 -0.012600 -0.091510 1.735266 -0.162340 -1.282937 -0.033372 0.530653 1.549662
Cleaner_Face_A.dds
7 -0.000898 -0.129706 1.635723 -0.000001 -1.220097 0.429837 0.499341 1.256175
7 0.021912 -0.125537 1.632766 0.692496 -1.069964 0.221407 0.453265 1.241627
8 0.008684 -0.121168 1.644032 0.242586 -1.259083 0.171046 0.484623 1.281872
Cleaner_Face_A.dds
7 -0.000898 -0.125686 1.613788 0.002610 -0.987526 -0.835572 0.497878 1.189349
7 0.021912 -0.125537 1.632766 0.692496 -1.069964 0.221407 0.453265 1.241627
7 -0.000898 -0.129706 1.635723 -0.000001 -1.220097 0.429837 0.499341 1.256175
Cleaner_Face_A.dds
11 0.025235 -0.112507 1.657776 -0.170331 -1.184699 0.490787 0.449870 1.331510
11 0.032966 -0.111771 1.643988 0.714942 -1.077071 0.046582 0.434350 1.275187
11 0.030928 -0.109906 1.658135 0.669283 -1.097924 -0.141482 0.437684 1.325307
Cleaner_Face_A.dds
7 0.069790 -0.029082 1.669487 1.258549 -0.290254 -0.072123 0.309716 1.389492
6 0.061483 -0.083199 1.705137 1.150061 -0.590100 0.050369 0.384384 1.471726
7 0.055953 -0.072825 1.641238 1.200456 -0.450709 -0.170774 0.371974 1.294292
Cleaner_Face_A.dds
6 0.012772 -0.115664 1.687310 0.848731 -0.968272 -0.124497 0.468271 1.399911
6 0.019210 -0.108355 1.693751 1.036880 -0.773254 -0.018775 0.461656 1.419826
6 0.003809 -0.145731 1.698068 0.521091 -0.955808 -0.698778 0.489535 1.425203
Cleaner_Face_A.dds
13 0.024223 -0.115106 1.659445 0.627678 -0.920768 -0.656965 0.455032 1.337487
14 0.025068 -0.114180 1.671288 0.745409 -1.021225 0.273606 0.447891 1.367334
14 0.013953 -0.128083 1.666338 0.611694 -1.134634 -0.108774 0.471322 1.350747
Cleaner_Face_A.dds
6 -0.075194 -0.029150 1.670039 -1.267953 -0.225751 -0.121351 0.690528 1.383753
7 -0.068327 -0.036247 1.630601 -1.187183 -0.164305 -0.486823 0.693385 1.287632
7 -0.061257 -0.072521 1.640964 -1.138303 -0.584591 -0.189509 0.640778 1.264479
Cleaner_Face_A.dds
7 -0.061257 -0.072521 1.640964 -1.138303 -0.584591 -0.189509 0.640778 1.264479
7 -0.068327 -0.036247 1.630601 -1.187183 -0.164305 -0.486823 0.693385 1.287632
7 -0.054286 -0.069605 1.616458 -0.989129 -0.406762 -0.727710 0.643174 1.231986
Cleaner_Face_A.dds
6 -0.096416 0.067880 1.755539 -1.156633 0.515802 0.263712 0.837788 1.614291
6 -0.100305 0.039280 1.764667 -1.281762 0.077275 0.156559 0.796041 1.641897
6 -0.073385 0.038193 1.816254 -1.002806 0.407296 0.708438 0.806581 1.808688
Cleaner_Face_A.dds
6 0.064915 0.074056 1.803000 0.938223 0.621986 0.637390 0.099650 1.751100
6 0.072346 0.042521 1.820105 1.082329 0.337511 0.622934 0.167843 1.829265
6 0.083933 0.062032 1.756454 1.238194 0.336886 0.163645 0.136084 1.595579
Cleaner_Face_A.dds
6 0.052101 -0.083399 1.732333 0.784199 -0.928642 -0.442777 0.399891 1.546428
6 0.051735 -0.092925 1.740374 0.641877 -0.875108 -0.703971 0.403583 1.563781
6 0.043285 -0.090747 1.739372 0.425084 -1.167763 -0.359205 0.419856 1.568500
Cleaner_Face_A.dds
6 0.005360 -0.148352 1.708620 0.873770 -0.825872 0.477343 0.489421 1.441455
6 0.006337 -0.126915 1.720712 1.038568 -0.419204 0.647333 0.488464 1.480863
6 -0.002072 -0.128945 1.723266 -0.017405 -0.811080 1.007592 0.499657 1.482165
Cleaner_Face_A.dds
6 -0.016466 -0.110078 1.709194 -0.916660 -0.742927 0.530272 0.534925 1.439811
6 -0.010217 -0.148352 1.708620 -0.807480 -0.906709 0.446374 0.509806 1.438012
6 -0.009445 -0.125933 1.721250 -1.078474 -0.368450 0.611992 0.510600 1.479883
Cleaner_Face_A.dds
6 -0.071808 -0.008855 1.799434 -1.067869 -0.500300 0.531743 0.712351 1.790597
6 -0.049333 -0.041322 1.820816 -0.954970 -0.323033 0.810603 0.598591 1.797518
6 -0.060840 0.003237 1.820084 -0.821053 -0.696922 0.716636 0.687844 1.847057
Cleaner_Face_A.dds
6 -0.040778 0.014387 1.865840 -0.730829 -0.287724 1.027861 0.644439 1.927310
6 -0.040298 -0.001749 1.842364 -1.042536 -0.535539 0.547461 0.634263 1.878820
6 -0.029302 -0.044479 1.836567 -0.679504 -0.585798 0.931940 0.560267 1.837470
Cleaner_Face_A.dds
6 0.070125 -0.009076 1.799359 1.047119 -0.517030 0.556433 0.308233 1.789991
6 0.056888 0.003242 1.821131 0.749679 -0.745612 0.745278 0.314167 1.835876
6 0.050221 -0.040390 1.821201 0.946064 -0.305434 0.827688 0.379420 1.804166
Cleaner_Face_A.dds
6 0.044524 0.012366 1.862312 0.759688 -0.309865 1.000127 0.343410 1.910369
6 -0.000193 -0.041882 1.853030 -0.001915 -0.770118 1.039380 0.480627 1.901077
6 0.027535 -0.046488 1.836567 0.657437 -0.599136 0.939260 0.430418 1.840166
Cleaner_Face_A.dds
6 0.088389 0.038229 1.724460 1.279961 0.042887 -0.182361 0.191741 1.562972
6 0.082408 0.035178 1.701380 1.226490 0.100938 -0.398659 0.187564 1.504144
6 0.087328 0.046310 1.712341 1.274961 -0.007323 -0.218666 0.180317 1.530030
Cleaner_Face_A.dds
6 -0.047099 0.076845 1.621745 -0.560610 0.930093 -0.702879 0.901274 1.341684
6 -0.072693 0.054478 1.628643 -1.172265 0.463786 -0.289988 0.848149 1.297236
6 -0.078945 0.062652 1.660026 -1.202896 0.290047 -0.377240 0.849101 1.397505
Cleaner_Face_A.dds
6 -0.066951 -0.000123 1.614802 -1.208291 -0.460024 -0.042502 0.746770 1.240784
6 -0.061158 -0.015105 1.615699 -1.226017 -0.277563 -0.305345 0.704872 1.257300
6 -0.070342 0.023851 1.639416 -1.276625 -0.200132 -0.059764 0.802316 1.305791
Cleaner_Face_A.dds
11 0.032966 -0.111771 1.643988 0.714942 -1.077071 0.046582 0.434350 1.275187
11 0.025235 -0.112507 1.657776 -0.170331 -1.184699 0.490787 0.449870 1.331510
11 0.024732 -0.114854 1.650215 0.744285 -1.051230 0.119789 0.452468 1.304496
Cleaner_Face_A.dds
7 -0.000898 -0.123768 1.659413 -0.006393 -0.702981 1.085897 0.500220 1.324347
7 -0.000898 -0.128336 1.655122 0.032023 -1.275693 0.212078 0.501042 1.311806
11 0.010265 -0.122857 1.661037 0.261325 -0.889057 0.902597 0.478499 1.331406
Cleaner_Face_A.dds
12 -0.027068 -0.111412 1.671666 -0.795668 -0.995992 0.219791 0.552174 1.372709
12 -0.015737 -0.128083 1.666338 -0.628560 -1.128999 -0.060574 0.528055 1.349123
14 -0.007485 -0.124252 1.680481 -0.359625 -1.165954 0.429670 0.518221 1.389616
Cleaner_Face_A.dds
12 -0.012113 -0.122590 1.661242 0.083456 0.137227 -1.283588 0.521484 1.335010
14 -0.000898 -0.123411 1.659504 0.006134 0.529746 -1.180138 0.500232 1.325805
14 -0.000898 -0.132159 1.664580 0.001478 -1.184496 -0.519965 0.501558 1.341626
Cleaner_Face_A.dds
6 -0.017350 -0.094464 1.724583 -0.395382 -1.051784 0.640952 0.538280 1.518796
6 -0.013836 -0.101448 1.720228 -0.871424 -0.621892 0.726131 0.529506 1.505918
6 -0.010187 -0.093154 1.732379 -1.054945 -0.709627 0.238573 0.523061 1.541804
Cleaner_Face_A.dds
6 -0.023044 -0.093690 1.740957 -0.043065 -1.125362 -0.636476 0.545422 1.574275
6 -0.012600 -0.091510 1.735266 -0.162340 -1.282937 -0.033372 0.530653 1.549662
6 -0.011153 -0.096445 1.739842 -0.742444 -0.682076 -0.810521 0.522837 1.557928
Cleaner_Face_A.dds
7 0.038463 -0.093516 1.615176 0.760770 -0.501460 -0.918239 0.419120 1.189334
7 0.012284 -0.109854 1.609630 0.227976 -0.482744 -1.178295 0.474469 1.162825
6 0.014597 -0.071938 1.591714 0.624658 -0.864732 -0.731735 0.439365 1.134868
Cleaner_Face_A.dds
7 0.065720 -0.036247 1.630601 1.199703 -0.226330 -0.427648 0.314379 1.317942
7 0.055953 -0.072825 1.641238 1.200456 -0.450709 -0.170774 0.371974 1.294292
7 0.052355 -0.069605 1.616458 1.021700 -0.395502 -0.687825 0.372577 1.234768
Cleaner_Face_A.dds
6 0.073188 -0.016537 1.757712 1.175050 -0.538943 0.046833 0.295407 1.636580
6 0.066705 -0.044537 1.715499 1.255504 -0.309999 0.031716 0.328590 1.518999
6 0.076118 -0.016077 1.719654 1.224337 -0.417577 -0.004867 0.275437 1.545461
Cleaner_Face_A.dds
6 0.066705 -0.044537 1.715499 1.255504 -0.309999 0.031716 0.328590 1.518999
6 0.061483 -0.083199 1.705137 1.150061 -0.590100 0.050369 0.384384 1.471726
7 0.069790 -0.029082 1.669487 1.258549 -0.290254 -0.072123 0.309716 1.389492
Cleaner_Face_A.dds
6 -0.063771 -0.059694 1.790405 -1.161131 -0.432347 0.371813 0.619029 1.742604
6 -0.073867 -0.016545 1.758082 -1.138768 -0.608651 0.078401 0.713049 1.642961
6 -0.063020 -0.064986 1.757426 -1.232124 -0.388223 0.067445 0.631452 1.629901
Cleaner_Face_A.dds
6 -0.065586 -0.081324 1.705261 -1.081059 -0.704070 0.094821 0.627502 1.456692
6 -0.075194 -0.029150 1.670039 -1.267953 -0.225751 -0.121351 0.690528 1.383753
7 -0.061257 -0.072521 1.640964 -1.138303 -0.584591 -0.189509 0.640778 1.264479
Cleaner_Face_A.dds
4 0.001326 -0.050579 1.534057 0.017703 -1.289950 0.095455 0.497169 1.001654
6 -0.035044 -0.041377 1.569493 -0.877508 -0.947051 -0.080423 0.650432 1.105952
4 -0.034586 -0.044456 1.538586 -0.223456 -1.039082 0.737409 0.642905 1.013980
Cleaner_Face_A.dds
6 -0.029302 -0.044479 1.836567 -0.679504 -0.585798 0.931940 0.560267 1.837470
6 -0.000171 -0.049932 1.837517 -0.027336 -0.910781 0.918218 0.497245 1.857446
6 -0.000193 -0.041882 1.853030 -0.001915 -0.770118 1.039380 0.480627 1.901077
Cleaner_Face_A.dds
6 0.043529 0.043352 1.845098 0.632952 0.620259 0.942362 0.153691 1.868678
6 -0.000187 0.046254 1.861230 -0.010440 0.640214 1.124016 0.001398 1.999236
6 0.044524 0.012366 1.862312 0.759688 -0.309865 1.000127 0.343410 1.910369
Cleaner_Face_A.dds
7 -0.000898 -0.129706 1.635723 -0.000001 -1.220097 0.429837 0.499341 1.256175
7 -0.023707 -0.125537 1.632766 -0.675548 -1.081663 0.216878 0.541279 1.241667
7 -0.000898 -0.125686 1.613788 0.002610 -0.987526 -0.835572 0.497878 1.189349
Cleaner_Face_A.dds
7 -0.024801 -0.115851 1.615299 -0.754063 -0.773199 -0.712002 0.559206 1.201576
7 -0.040663 -0.094736 1.615181 -0.765038 -0.512273 -0.908674 0.582761 1.190662
7 -0.012276 -0.110100 1.609545 -0.236282 -0.454570 -1.187827 0.538836 1.162862
Cleaner_Face_A.dds
12 -0.025734 -0.110749 1.656865 0.055717 -0.828227 0.992134 0.552436 1.329508
12 -0.026018 -0.115114 1.659289 -0.648502 -0.861084 -0.715105 0.548320 1.333435
10 -0.031689 -0.108816 1.656965 -0.694443 -1.086136 -0.107020 0.561006 1.325624
Cleaner_Face_A.dds
7 -0.000898 -0.123768 1.659413 -0.006393 -0.702981 1.085897 0.500220 1.324347
7 -0.012393 -0.122820 1.660956 -0.267515 -0.812729 0.970207 0.521118 1.331162
7 -0.000898 -0.128336 1.655122 0.032023 -1.275693 0.212078 0.501042 1.311806
Cleaner_Face_A.dds
6 -0.014220 -0.118175 1.686404 -0.781596 -0.980940 -0.316639 0.527630 1.395175
6 -0.000786 -0.124982 1.686855 0.075702 -1.230043 -0.393267 0.501549 1.404476
6 -0.002660 -0.138243 1.692105 0.053032 -0.580539 -1.154797 0.502085 1.420504
Cleaner_Face_A.dds
6 0.085271 0.008259 1.731755 1.222937 -0.417371 0.060188 0.228492 1.580201
6 0.090182 0.029262 1.733535 1.204852 -0.199656 -0.426457 0.205776 1.579931
6 0.091260 0.034086 1.765254 1.287712 0.092691 0.081257 0.195791 1.631737
Cleaner_Face_A.dds
6 -0.071808 -0.008855 1.799434 -1.067869 -0.500300 0.531743 0.712351 1.790597
6 -0.092876 0.011107 1.796471 -1.072563 -0.514106 0.508626 0.751303 1.773725
6 -0.073867 -0.016545 1.758082 -1.138768 -0.608651 0.078401 0.713049 1.642961
Cleaner_Face_A.dds
6 -0.072069 0.011354 1.828524 -0.974571 -0.284433 0.801689 0.706187 1.858866
6 -0.046027 0.045755 1.839098 -0.723105 0.601495 0.888098 0.802920 1.874020
6 -0.073385 0.038193 1.816254 -1.002806 0.407296 0.708438 0.806581 1.808688
Cleaner_Face_A.dds
6 0.067660 0.022888 1.651228 1.278424 -0.157881 -0.118742 0.193516 1.377326
6 0.075659 0.031062 1.683208 1.204518 -0.015664 -0.471472 0.185996 1.461226
6 0.066356 0.015925 1.664690 1.235289 0.068617 -0.377821 0.224009 1.394351
Cleaner_Face_A.dds
6 0.009275 -0.093006 1.731774 0.881790 -0.871134 0.370089 0.475238 1.541564
19 0.006580 -0.107719 1.746474 0.829869 -0.818120 -0.561597 0.484001 1.592592
6 0.005709 -0.109364 1.736749 0.920998 -0.830105 0.368895 0.487496 1.554762
Cleaner_Face_A.dds
6 -0.049333 -0.041322 1.820816 -0.954970 -0.323033 0.810603 0.598591 1.797518
6 -0.071808 -0.008855 1.799434 -1.067869 -0.500300 0.531743 0.712351 1.790597
6 -0.063771 -0.059694 1.790405 -1.161131 -0.432347 0.371813 0.619029 1.742604
Cleaner_Face_A.dds
6 -0.092876 0.011107 1.796471 -1.072563 -0.514106 0.508626 0.751303 1.773725
6 -0.071808 -0.008855 1.799434 -1.067869 -0.500300 0.531743 0.712351 1.790597
6 -0.060840 0.003237 1.820084 -0.821053 -0.696922 0.716636 0.687844 1.847057
Cleaner_Face_A.dds
6 0.050221 -0.040390 1.821201 0.946064 -0.305434 0.827688 0.379420 1.804166
6 0.063564 -0.060092 1.790733 1.153380 -0.450547 0.374322 0.368519 1.751245
6 0.070125 -0.009076 1.799359 1.047119 -0.517030 0.556433 0.308233 1.789991
Cleaner_Face_A.dds
6 0.070125 -0.009076 1.799359 1.047119 -0.517030 0.556433 0.308233 1.789991
6 0.086060 0.002009 1.797040 1.058467 -0.593475 0.448141 0.273635 1.787528
6 0.056888 0.003242 1.821131 0.749679 -0.745612 0.745278 0.314167 1.835876
Cleaner_Face_A.dds
12 -0.027068 -0.111412 1.671666 -0.795668 -0.995992 0.219791 0.552174 1.372709
12 -0.038417 -0.106470 1.670484 -0.784371 -1.022622 0.111360 0.568077 1.375463
10 -0.031689 -0.108816 1.656965 -0.694443 -1.086136 -0.107020 0.561006 1.325624
Cleaner_Face_A.dds
6 -0.048128 -0.100410 1.698461 -0.673072 -1.088094 0.190842 0.594762 1.427953
6 -0.016466 -0.110078 1.709194 -0.916660 -0.742927 0.530272 0.534925 1.439811
6 -0.031048 -0.098894 1.712719 -0.423007 -0.917126 0.808295 0.564654 1.481814
Cleaner_Face_A.dds
8 0.008684 -0.121168 1.644032 0.242586 -1.259083 0.171046 0.484623 1.281872
8 -0.010479 -0.121168 1.644032 -0.221451 -1.267062 0.137509 0.511982 1.282406
7 -0.000898 -0.129706 1.635723 -0.000001 -1.220097 0.429837 0.499341 1.256175
Cleaner_Face_A.dds
7 -0.023707 -0.125537 1.632766 -0.675548 -1.081663 0.216878 0.541279 1.241667
7 -0.000898 -0.129706 1.635723 -0.000001 -1.220097 0.429837 0.499341 1.256175
8 -0.010479 -0.121168 1.644032 -0.221451 -1.267062 0.137509 0.511982 1.282406
Cleaner_Face_A.dds
6 0.057868 -0.082172 1.746081 1.139190 -0.611950 0.034048 0.378582 1.586213
6 0.052101 -0.083399 1.732333 0.784199 -0.928642 -0.442777 0.399891 1.546428
6 0.058738 -0.074632 1.732515 1.141492 -0.606320 0.052618 0.379847 1.542874
Cleaner_Face_A.dds
6 0.058738 -0.074632 1.732515 1.141492 -0.606320 0.052618 0.379847 1.542874
6 0.062993 -0.063860 1.757617 1.212153 -0.448147 0.056960 0.353967 1.615088
6 0.057868 -0.082172 1.746081 1.139190 -0.611950 0.034048 0.378582 1.586213
Cleaner_Face_A.dds
6 -0.051054 -0.083459 1.730138 -0.984738 -0.808360 -0.224142 0.597731 1.536928
6 -0.058252 -0.085079 1.745115 -1.103900 -0.672899 -0.044792 0.598070 1.590080
6 -0.059654 -0.075557 1.732034 -1.076251 -0.713157 0.080538 0.621188 1.551504
Cleaner_Face_A.dds
6 -0.071950 -0.039268 1.706599 -1.246726 -0.328914 0.104331 0.667665 1.496332
6 -0.073867 -0.016545 1.758082 -1.138768 -0.608651 0.078401 0.713049 1.642961
6 -0.083377 -0.004741 1.722064 -1.174182 -0.542816 -0.006505 0.723488 1.556248
Cleaner_Face_A.dds
13 0.024223 -0.115106 1.659445 0.627678 -0.920768 -0.656965 0.455032 1.337487
11 0.025235 -0.112507 1.657776 -0.170331 -1.184699 0.490787 0.449870 1.331510
11 0.030928 -0.109906 1.658135 0.669283 -1.097924 -0.141482 0.437684 1.325307
Cleaner_Face_A.dds
14 0.013953 -0.128083 1.666338 0.611694 -1.134634 -0.108774 0.471322 1.350747
14 -0.000898 -0.132159 1.664580 0.001478 -1.184496 -0.519965 0.501558 1.341626
14 0.010329 -0.122845 1.661242 -0.178771 0.371959 -1.226003 0.479091 1.335010
Cleaner_Face_A.dds
13 0.034497 -0.110208 1.672439 0.725223 -1.056266 0.178183 0.433473 1.362773
6 0.052771 -0.087672 1.675164 0.988628 -0.833449 -0.037070 0.395941 1.378958
6 0.020928 -0.107585 1.692702 0.603944 -1.122848 0.218766 0.452901 1.410863
Cleaner_Face_A.dds
6 0.015616 -0.109669 1.708712 0.875220 -0.834077 0.460110 0.470793 1.446296
6 0.028682 -0.099612 1.713102 0.378479 -0.976371 0.759506 0.454567 1.483010
6 0.010657 -0.101029 1.720582 0.820168 -0.682864 0.731038 0.474434 1.511352
Cleaner_Face_A.dds
6 -0.033995 -0.040876 1.589633 -0.995336 -0.653311 -0.505852 0.633830 1.181629
7 -0.054286 -0.069605 1.616458 -0.989129 -0.406762 -0.727710 0.643174 1.231986
7 -0.068327 -0.036247 1.630601 -1.187183 -0.164305 -0.486823 0.693385 1.287632
Cleaner_Face_A.dds
6 0.068373 0.000206 1.651686 1.277820 0.166156 -0.113858 0.246232 1.367636
6 0.071152 -0.015317 1.645910 1.276127 0.103908 -0.184654 0.279166 1.357933
6 0.059590 -0.016109 1.616023 1.225784 -0.255980 -0.324535 0.288777 1.286639
Cleaner_Face_A.dds
7 0.052355 -0.069605 1.616458 1.021700 -0.395502 -0.687825 0.372577 1.234768
6 0.031947 -0.040330 1.590120 1.049763 -0.631908 -0.414832 0.370953 1.193098
7 0.065720 -0.036247 1.630601 1.199703 -0.226330 -0.427648 0.314379 1.317942
Cleaner_Face_A.dds
6 0.003809 -0.145731 1.698068 0.521091 -0.955808 -0.698778 0.489535 1.425203
6 -0.010687 -0.145731 1.698110 -0.650789 -0.823631 -0.755977 0.510114 1.425367
6 -0.002660 -0.138243 1.692105 0.053032 -0.580539 -1.154797 0.502085 1.420504
Cleaner_Face_A.dds
6 -0.010217 -0.148352 1.708620 -0.807480 -0.906709 0.446374 0.509806 1.438012
6 0.005360 -0.148352 1.708620 0.873770 -0.825872 0.477343 0.489421 1.441455
6 -0.002072 -0.128945 1.723266 -0.017405 -0.811080 1.007592 0.499657 1.482165
Cleaner_Face_A.dds
6 -0.016466 -0.110078 1.709194 -0.916660 -0.742927 0.530272 0.534925 1.439811
6 -0.048128 -0.100410 1.698461 -0.673072 -1.088094 0.190842 0.594762 1.427953
6 -0.024422 -0.109316 1.693131 -0.690876 -1.083511 0.148624 0.544457 1.413266
Cleaner_Face_A.dds
6 -0.010687 -0.145731 1.698110 -0.650789 -0.823631 -0.755977 0.510114 1.425367
6 -0.021777 -0.110605 1.694958 -1.095863 -0.681380 0.090554 0.538868 1.421633
6 -0.014220 -0.118175 1.686404 -0.781596 -0.980940 -0.316639 0.527630 1.395175
Cleaner_Face_A.dds
6 0.044388 -0.087166 1.730067 0.337061 -0.957967 0.801301 0.416555 1.531168
6 0.046536 -0.087150 1.723283 0.532243 -1.119465 0.370015 0.413496 1.507800
6 0.052182 -0.083154 1.729921 0.661808 -1.105340 0.116742 0.401827 1.532481
Cleaner_Face_A.dds
22 -0.036548 -0.093897 1.725788 -0.239966 -1.137812 0.566742 0.572975 1.522174
6 -0.044064 -0.088342 1.728319 -0.350477 -1.047800 0.672813 0.585642 1.530692
6 -0.046185 -0.089566 1.723842 -0.614668 -1.130418 0.133166 0.584473 1.519094
Cleaner_Face_A.dds
6 -0.013718 -0.092195 1.729424 -0.570068 -0.777353 0.862635 0.528157 1.534128
6 -0.017350 -0.094464 1.724583 -0.395382 -1.051784 0.640952 0.538280 1.518796
6 -0.010187 -0.093154 1.732379 -1.054945 -0.709627 0.238573 0.523061 1.541804
Cleaner_Face_A.dds
6 0.066589 0.050572 1.636944 1.168002 0.482487 -0.276358 0.127254 1.353695
6 0.038711 0.079020 1.625560 0.637116 0.826133 -0.764841 0.058666 1.338697
6 0.075163 0.059538 1.662141 1.190630 0.210271 -0.459979 0.123620 1.403798
Cleaner_Face_A.dds
4 0.042979 0.061583 1.611139 0.845708 0.314037 -0.927122 0.065451 1.278129
6 0.038711 0.079020 1.625560 0.637116 0.826133 -0.764841 0.058666 1.338697
6 0.066589 0.050572 1.636944 1.168002 0.482487 -0.276358 0.127254 1.353695
Cleaner_Face_A.dds
6 -0.074695 0.034114 1.675664 -1.223054 -0.101437 -0.408955 0.809566 1.436948
6 -0.097418 0.053104 1.720104 -1.239826 -0.151725 -0.336461 0.827582 1.562377
6 -0.078945 0.062652 1.660026 -1.202896 0.290047 -0.377240 0.849101 1.397505
Cleaner_Face_A.dds
4 -0.045226 0.070159 1.611882 -0.576755 0.384569 -1.092179 0.897297 1.280342
6 -0.072693 0.054478 1.628643 -1.172265 0.463786 -0.289988 0.848149 1.297236
6 -0.047099 0.076845 1.621745 -0.560610 0.930093 -0.702879 0.901274 1.341684
Cleaner_Face_A.dds
7 -0.024801 -0.115851 1.615299 -0.754063 -0.773199 -0.712002 0.559206 1.201576
7 -0.023707 -0.125537 1.632766 -0.675548 -1.081663 0.216878 0.541279 1.241667
7 -0.032558 -0.110804 1.628702 -0.969518 -0.856330 -0.011341 0.567934 1.242818
Cleaner_Face_A.dds
10 -0.020361 -0.118624 1.642327 -0.728789 -1.049865 0.200116 0.536566 1.274948
10 -0.025812 -0.113104 1.650419 -0.859132 -0.941216 0.222263 0.548779 1.305290
6 -0.033380 -0.111514 1.644009 -0.726709 -1.056663 0.169567 0.560988 1.286596
Cleaner_Face_A.dds
6 -0.098434 0.033217 1.729091 -1.104078 0.558814 0.377008 0.786670 1.585857
6 -0.096042 0.014813 1.731755 -1.214596 -0.416940 0.155924 0.759286 1.592519
6 -0.097712 0.035622 1.731779 -1.249531 -0.002079 -0.334757 0.789766 1.592580
Cleaner_Face_A.dds
6 -0.100305 0.039280 1.764667 -1.281762 0.077275 0.156559 0.796041 1.641897
6 -0.092876 0.011107 1.796471 -1.072563 -0.514106 0.508626 0.751303 1.773725
6 -0.073385 0.038193 1.816254 -1.002806 0.407296 0.708438 0.806581 1.808688
Cleaner_Face_A.dds
6 0.088389 0.038229 1.724460 1.279961 0.042887 -0.182361 0.191741 1.562972
6 0.091260 0.034086 1.765254 1.287712 0.092691 0.081257 0.195791 1.631737
6 0.090182 0.029262 1.733535 1.204852 -0.199656 -0.426457 0.205776 1.579931
Cleaner_Face_A.dds
6 -0.060840 0.003237 1.820084 -0.821053 -0.696922 0.716636 0.687844 1.847057
6 -0.029302 -0.044479 1.836567 -0.679504 -0.585798 0.931940 0.560267 1.837470
6 -0.040298 -0.001749 1.842364 -1.042536 -0.535539 0.547461 0.634263 1.878820
Cleaner_Face_A.dds
6 -0.072069 0.011354 1.828524 -0.974571 -0.284433 0.801689 0.706187 1.858866
6 -0.060840 0.003237 1.820084 -0.821053 -0.696922 0.716636 0.687844 1.847057
6 -0.040778 0.014387 1.865840 -0.730829 -0.287724 1.027861 0.644439 1.927310
Cleaner_Face_A.dds
6 0.050221 -0.040390 1.821201 0.946064 -0.305434 0.827688 0.379420 1.804166
6 0.056888 0.003242 1.821131 0.749679 -0.745612 0.745278 0.314167 1.835876
6 0.027535 -0.046488 1.836567 0.657437 -0.599136 0.939260 0.430418 1.840166
Cleaner_Face_A.dds
6 0.056888 0.003242 1.821131 0.749679 -0.745612 0.745278 0.314167 1.835876
6 0.044524 0.012366 1.862312 0.759688 -0.309865 1.000127 0.343410 1.910369
6 0.042872 0.001346 1.836453 1.011778 -0.642668 0.486497 0.350403 1.868870
Cleaner_Face_A.dds
11 0.014933 -0.123936 1.655016 0.613271 -1.137716 0.053826 0.472815 1.314595
11 0.024732 -0.114854 1.650215 0.744285 -1.051230 0.119789 0.452468 1.304496
11 0.025235 -0.112507 1.657776 -0.170331 -1.184699 0.490787 0.449870 1.331510
Cleaner_Face_A.dds
11 0.025235 -0.112507 1.657776 -0.170331 -1.184699 0.490787 0.449870 1.331510
13 0.024223 -0.115106 1.659445 0.627678 -0.920768 -0.656965 0.455032 1.337487
14 0.010329 -0.122845 1.661242 -0.178771 0.371959 -1.226003 0.479091 1.335010
Cleaner_Face_A.dds
6 -0.024422 -0.109316 1.693131 -0.690876 -1.083511 0.148624 0.544457 1.413266
12 -0.038417 -0.106470 1.670484 -0.784371 -1.022622 0.111360 0.568077 1.375463
12 -0.027068 -0.111412 1.671666 -0.795668 -0.995992 0.219791 0.552174 1.372709
Cleaner_Face_A.dds
14 -0.000898 -0.132159 1.664580 0.001478 -1.184496 -0.519965 0.501558 1.341626
12 -0.015737 -0.128083 1.666338 -0.628560 -1.128999 -0.060574 0.528055 1.349123
12 -0.012113 -0.122590 1.661242 0.083456 0.137227 -1.283588 0.521484 1.335010
Cleaner_Face_A.dds
6 -0.080072 0.095089 1.743289 -0.956304 0.830411 0.263240 0.878016 1.586537
6 -0.042459 0.102270 1.799825 -0.558173 0.928034 0.707525 0.937601 1.766569
6 -0.050999 0.122493 1.729949 -0.590845 1.143725 0.127242 0.928268 1.556600
Cleaner_Face_A.dds
6 -0.096416 0.067880 1.755539 -1.156633 0.515802 0.263712 0.837788 1.614291
6 -0.065377 0.067673 1.804374 -0.853113 0.652439 0.721053 0.870395 1.760899
6 -0.080072 0.095089 1.743289 -0.956304 0.830411 0.263240 0.878016 1.586537
Cleaner_Face_A.dds
6 0.042405 0.103735 1.797725 0.531660 0.984267 0.649578 0.045542 1.761428
6 0.043813 0.121672 1.731096 0.504275 1.181661 0.150931 0.036590 1.586604
6 -0.000148 0.111045 1.797106 0.005871 1.174056 0.543097 0.000735 1.759587
Cleaner_Face_A.dds
6 0.064915 0.074056 1.803000 0.938223 0.621986 0.637390 0.099650 1.751100
6 0.083933 0.062032 1.756454 1.238194 0.336886 0.163645 0.136084 1.595579
6 0.076201 0.095766 1.744040 1.008033 0.793145 0.167888 0.090058 1.577946
Cleaner_Face_A.dds
6 0.079895 0.025590 1.688932 0.790430 0.800029 -0.639194 0.192296 1.469476
6 0.075659 0.031062 1.683208 1.204518 -0.015664 -0.471472 0.185996 1.461226
6 0.082408 0.035178 1.701380 1.226490 0.100938 -0.398659 0.187564 1.504144
Cleaner_Face_A.dds
6 -0.081686 -0.001084 1.689793 -1.182693 -0.514968 -0.097163 0.733031 1.474293
6 -0.084695 0.002619 1.671047 -1.161167 -0.566525 -0.064305 0.749016 1.422952
7 -0.075438 -0.012065 1.661748 -1.181566 -0.058997 -0.523273 0.717365 1.389284
Cleaner_Face_A.dds
7 -0.075438 -0.012065 1.661748 -1.181566 -0.058997 -0.523273 0.717365 1.389284
6 -0.070958 0.012149 1.662780 -1.148010 0.152876 -0.576278 0.769177 1.407224
6 -0.068368 -0.001258 1.648710 -1.247080 0.159940 -0.304312 0.743862 1.341686
Cleaner_Face_A.dds
6 0.043529 0.043352 1.845098 0.632952 0.620259 0.942362 0.153691 1.868678
6 0.044524 0.012366 1.862312 0.759688 -0.309865 1.000127 0.343410 1.910369
6 0.072346 0.042521 1.820105 1.082329 0.337511 0.622934 0.167843 1.829265
Cleaner_Face_A.dds
6 -0.072069 0.011354 1.828524 -0.974571 -0.284433 0.801689 0.706187 1.858866
6 -0.073385 0.038193 1.816254 -1.002806 0.407296 0.708438 0.806581 1.808688
6 -0.092876 0.011107 1.796471 -1.072563 -0.514106 0.508626 0.751303 1.773725
Cleaner_Face_A.dds
6 -0.065377 0.067673 1.804374 -0.853113 0.652439 0.721053 0.870395 1.760899
6 -0.073385 0.038193 1.816254 -1.002806 0.407296 0.708438 0.806581 1.808688
6 -0.046027 0.045755 1.839098 -0.723105 0.601495 0.888098 0.802920 1.874020
Cleaner_Face_A.dds
6 0.046362 -0.100361 1.698364 0.645753 -1.111945 0.141338 0.411498 1.444437
6 0.020928 -0.107585 1.692702 0.603944 -1.122848 0.218766 0.452901 1.410863
6 0.052771 -0.087672 1.675164 0.988628 -0.833449 -0.037070 0.395941 1.378958
Cleaner_Face_A.dds
6 0.003809 -0.145731 1.698068 0.521091 -0.955808 -0.698778 0.489535 1.425203
6 -0.002660 -0.138243 1.692105 0.053032 -0.580539 -1.154797 0.502085 1.420504
6 0.012772 -0.115664 1.687310 0.848731 -0.968272 -0.124497 0.468271 1.399911
Cleaner_Face_A.dds
10 -0.018019 -0.124954 1.655074 -0.714229 -1.073799 0.101130 0.531753 1.313104
7 -0.012393 -0.122820 1.660956 -0.267515 -0.812729 0.970207 0.521118 1.331162
12 -0.025734 -0.110749 1.656865 0.055717 -0.828227 0.992134 0.552436 1.329508
Cleaner_Face_A.dds
12 -0.025734 -0.110749 1.656865 0.055717 -0.828227 0.992134 0.552436 1.329508
6 -0.033380 -0.111514 1.644009 -0.726709 -1.056663 0.169567 0.560988 1.286596
10 -0.025812 -0.113104 1.650419 -0.859132 -0.941216 0.222263 0.548779 1.305290
Cleaner_Face_A.dds
8 0.008684 -0.121168 1.644032 0.242586 -1.259083 0.171046 0.484623 1.281872
11 0.014933 -0.123936 1.655016 0.613271 -1.137716 0.053826 0.472815 1.314595
7 -0.000898 -0.128336 1.655122 0.032023 -1.275693 0.212078 0.501042 1.311806
Cleaner_Face_A.dds
11 0.024732 -0.114854 1.650215 0.744285 -1.051230 0.119789 0.452468 1.304496
11 0.018566 -0.118624 1.642327 0.674078 -1.093836 0.150118 0.461927 1.273671
11 0.032966 -0.111771 1.643988 0.714942 -1.077071 0.046582 0.434350 1.275187
Cleaner_Face_A.dds
7 0.055953 -0.072825 1.641238 1.200456 -0.450709 -0.170774 0.371974 1.294292
6 0.046568 -0.098566 1.646482 1.006011 -0.811464 -0.053499 0.399822 1.295112
7 0.043364 -0.098573 1.628758 1.022877 -0.729846 -0.307315 0.408929 1.249802
Cleaner_Face_A.dds
6 0.046568 -0.098566 1.646482 1.006011 -0.811464 -0.053499 0.399822 1.295112
7 0.055953 -0.072825 1.641238 1.200456 -0.450709 -0.170774 0.371974 1.294292
6 0.052771 -0.087672 1.675164 0.988628 -0.833449 -0.037070 0.395941 1.378958
Cleaner_Face_A.dds
10 -0.031689 -0.108816 1.656965 -0.694443 -1.086136 -0.107020 0.561006 1.325624
10 -0.045954 -0.097900 1.646605 -0.989855 -0.832554 0.020897 0.597181 1.312168
6 -0.033380 -0.111514 1.644009 -0.726709 -1.056663 0.169567 0.560988 1.286596
Cleaner_Face_A.dds
6 -0.054864 -0.082200 1.674810 -0.933167 -0.890388 -0.099013 0.623350 1.375799
6 -0.048128 -0.100410 1.698461 -0.673072 -1.088094 0.190842 0.594762 1.427953
6 -0.065586 -0.081324 1.705261 -1.081059 -0.704070 0.094821 0.627502 1.456692
Cleaner_Face_A.dds
6 0.012772 -0.115664 1.687310 0.848731 -0.968272 -0.124497 0.468271 1.399911
14 0.025068 -0.114180 1.671288 0.745409 -1.021225 0.273606 0.447891 1.367334
6 0.020928 -0.107585 1.692702 0.603944 -1.122848 0.218766 0.452901 1.410863
Cleaner_Face_A.dds
14 0.010329 -0.122845 1.661242 -0.178771 0.371959 -1.226003 0.479091 1.335010
13 0.024223 -0.115106 1.659445 0.627678 -0.920768 -0.656965 0.455032 1.337487
14 0.013953 -0.128083 1.666338 0.611694 -1.134634 -0.108774 0.471322 1.350747
Cleaner_Face_A.dds
6 -0.033995 -0.040876 1.589633 -0.995336 -0.653311 -0.505852 0.633830 1.181629
6 -0.010155 -0.074026 1.591998 -0.534043 -0.759558 -0.900703 0.556121 1.129251
7 -0.054286 -0.069605 1.616458 -0.989129 -0.406762 -0.727710 0.643174 1.231986
Cleaner_Face_A.dds
6 -0.019904 -0.054769 1.570248 -0.960171 -0.808044 -0.313898 0.569412 1.085136
6 -0.035044 -0.041377 1.569493 -0.877508 -0.947051 -0.080423 0.650432 1.105952
4 0.001326 -0.050579 1.534057 0.017703 -1.289950 0.095455 0.497169 1.001654
Cleaner_Face_A.dds
12 -0.026018 -0.115114 1.659289 -0.648502 -0.861084 -0.715105 0.548320 1.333435
12 -0.025734 -0.110749 1.656865 0.055717 -0.828227 0.992134 0.552436 1.329508
12 -0.012113 -0.122590 1.661242 0.083456 0.137227 -1.283588 0.521484 1.335010
Cleaner_Face_A.dds
12 -0.026018 -0.115114 1.659289 -0.648502 -0.861084 -0.715105 0.548320 1.333435
12 -0.012113 -0.122590 1.661242 0.083456 0.137227 -1.283588 0.521484 1.335010
12 -0.015737 -0.128083 1.666338 -0.628560 -1.128999 -0.060574 0.528055 1.349123
Cleaner_Face_A.dds
8 -0.010479 -0.121168 1.644032 -0.221451 -1.267062 0.137509 0.511982 1.282406
8 0.008684 -0.121168 1.644032 0.242586 -1.259083 0.171046 0.484623 1.281872
7 -0.000898 -0.128336 1.655122 0.032023 -1.275693 0.212078 0.501042 1.311806
Cleaner_Face_A.dds
7 -0.000898 -0.128336 1.655122 0.032023 -1.275693 0.212078 0.501042 1.311806
10 -0.018019 -0.124954 1.655074 -0.714229 -1.073799 0.101130 0.531753 1.313104
8 -0.010479 -0.121168 1.644032 -0.221451 -1.267062 0.137509 0.511982 1.282406
Cleaner_Face_A.dds
6 0.064066 -0.000943 1.614510 1.233487 -0.379248 -0.089865 0.260507 1.272285
48 0.051447 -0.019115 1.556714 0.614955 -0.920206 0.669662 0.275588 1.067924
4 0.065993 0.021930 1.588578 1.137919 -0.387176 0.478154 0.175360 1.162744
Cleaner_Face_A.dds
6 -0.061158 -0.015105 1.615699 -1.226017 -0.277563 -0.305345 0.704872 1.257300
6 -0.066951 -0.000123 1.614802 -1.208291 -0.460024 -0.042502 0.746770 1.240784
6 -0.035044 -0.041377 1.569493 -0.877508 -0.947051 -0.080423 0.650432 1.105952
Cleaner_Face_A.dds
6 -0.053320 0.089370 1.646037 -0.589546 0.984811 -0.596639 0.914712 1.394399
6 -0.000102 0.087914 1.623962 0.028797 1.043986 -0.763321 1.001367 1.333617
6 -0.047099 0.076845 1.621745 -0.560610 0.930093 -0.702879 0.901274 1.341684
Cleaner_Face_A.dds
11 0.010265 -0.122857 1.661037 0.261325 -0.889057 0.902597 0.478499 1.331406
11 0.010343 -0.122516 1.661324 -0.239983 0.689463 1.067916 0.478267 1.332257
10 -0.000898 -0.123336 1.659593 -0.015773 -0.083655 1.290794 0.500231 1.325182
Cleaner_Face_A.dds
14 -0.000898 -0.123411 1.659504 0.006134 0.529746 -1.180138 0.500232 1.325805
14 0.010329 -0.122845 1.661242 -0.178771 0.371959 -1.226003 0.479091 1.335010
14 -0.000898 -0.132159 1.664580 0.001478 -1.184496 -0.519965 0.501558 1.341626
Cleaner_Face_A.dds
7 -0.061257 -0.072521 1.640964 -1.138303 -0.584591 -0.189509 0.640778 1.264479
7 -0.045880 -0.096896 1.630553 -1.029377 -0.744977 -0.242462 0.593838 1.247519
10 -0.045954 -0.097900 1.646605 -0.989855 -0.832554 0.020897 0.597181 1.312168
Cleaner_Face_A.dds
7 -0.032558 -0.110804 1.628702 -0.969518 -0.856330 -0.011341 0.567934 1.242818
7 -0.045880 -0.096896 1.630553 -1.029377 -0.744977 -0.242462 0.593838 1.247519
7 -0.024801 -0.115851 1.615299 -0.754063 -0.773199 -0.712002 0.559206 1.201576
Cleaner_Face_A.dds
7 0.052355 -0.069605 1.616458 1.021700 -0.395502 -0.687825 0.372577 1.234768
7 0.055953 -0.072825 1.641238 1.200456 -0.450709 -0.170774 0.371974 1.294292
7 0.043364 -0.098573 1.628758 1.022877 -0.729846 -0.307315 0.408929 1.249802
Cleaner_Face_A.dds
7 0.038463 -0.093516 1.615176 0.760770 -0.501460 -0.918239 0.419120 1.189334
7 0.043364 -0.098573 1.628758 1.022877 -0.729846 -0.307315 0.408929 1.249802
7 0.023006 -0.115851 1.615299 0.757021 -0.774097 -0.707876 0.429947 1.204451
Cleaner_Face_A.dds
19 0.021742 -0.104708 1.770480 0.529469 -1.112110 0.395311 0.465060 1.671252
19 0.019736 -0.111424 1.760905 0.395293 -1.148915 0.443997 0.458277 1.638496
6 0.049299 -0.086918 1.761142 0.925613 -0.816757 0.386710 0.400138 1.632615
Cleaner_Face_A.dds
20 -0.021738 -0.106888 1.769510 -0.438557 -1.167341 0.344062 0.533400 1.670269
6 -0.048249 -0.089665 1.779435 -0.905956 -0.858832 0.339185 0.585248 1.709384
6 -0.047050 -0.093813 1.760524 -0.784025 -0.978653 0.317710 0.581882 1.632616
Cleaner_Face_A.dds
20 -0.021503 -0.110517 1.760905 -0.375906 -1.197658 0.312580 0.531229 1.641140
20 -0.042923 -0.102507 1.749735 -0.563303 -1.124212 -0.303699 0.571507 1.600289
20 -0.012114 -0.112036 1.749099 -0.215194 -1.119355 -0.611663 0.522744 1.594174
Cleaner_Face_A.dds
6 -0.059654 -0.075557 1.732034 -1.076251 -0.713157 0.080538 0.621188 1.551504
6 -0.051417 -0.083290 1.728773 -0.845699 -0.978122 0.038289 0.598413 1.532585
6 -0.051054 -0.083459 1.730138 -0.984738 -0.808360 -0.224142 0.597731 1.536928
Cleaner_Face_A.dds
6 0.058738 -0.074632 1.732515 1.141492 -0.606320 0.052618 0.379847 1.542874
6 0.050722 -0.089348 1.718937 0.549336 -1.024955 0.566651 0.408496 1.498083
6 0.061483 -0.083199 1.705137 1.150061 -0.590100 0.050369 0.384384 1.471726
Cleaner_Face_A.dds
6 0.052182 -0.083154 1.729921 0.661808 -1.105340 0.116742 0.401827 1.532481
6 0.058738 -0.074632 1.732515 1.141492 -0.606320 0.052618 0.379847 1.542874
6 0.052101 -0.083399 1.732333 0.784199 -0.928642 -0.442777 0.399891 1.546428
Cleaner_Face_A.dds
6 -0.092876 0.011107 1.796471 -1.072563 -0.514106 0.508626 0.751303 1.773725
6 -0.100305 0.039280 1.764667 -1.281762 0.077275 0.156559 0.796041 1.641897
6 -0.097861 0.007429 1.763479 -1.176009 -0.538360 0.023797 0.760499 1.648290
Cleaner_Face_A.dds
6 -0.096042 0.014813 1.731755 -1.214596 -0.416940 0.155924 0.759286 1.592519
6 -0.100305 0.039280 1.764667 -1.281762 0.077275 0.156559 0.796041 1.641897
6 -0.097712 0.035622 1.731779 -1.249531 -0.002079 -0.334757 0.789766 1.592580
Cleaner_Face_A.dds
6 0.091260 0.034086 1.765254 1.287712 0.092691 0.081257 0.195791 1.631737
6 0.088389 0.038229 1.724460 1.279961 0.042887 -0.182361 0.191741 1.562972
6 0.083933 0.062032 1.756454 1.238194 0.336886 0.163645 0.136084 1.595579
Cleaner_Face_A.dds
6 0.088891 0.032843 1.720914 1.036416 0.765273 -0.116594 0.196638 1.539782
6 0.082408 0.035178 1.701380 1.226490 0.100938 -0.398659 0.187564 1.504144
6 0.088389 0.038229 1.724460 1.279961 0.042887 -0.182361 0.191741 1.562972
Cleaner_Face_A.dds
6 -0.014220 -0.118175 1.686404 -0.781596 -0.980940 -0.316639 0.527630 1.395175
6 -0.024422 -0.109316 1.693131 -0.690876 -1.083511 0.148624 0.544457 1.413266
12 -0.027068 -0.111412 1.671666 -0.795668 -0.995992 0.219791 0.552174 1.372709
Cleaner_Face_A.dds
12 -0.027068 -0.111412 1.671666 -0.795668 -0.995992 0.219791 0.552174 1.372709
14 -0.007485 -0.124252 1.680481 -0.359625 -1.165954 0.429670 0.518221 1.389616
6 -0.014220 -0.118175 1.686404 -0.781596 -0.980940 -0.316639 0.527630 1.395175
Cleaner_Face_A.dds
6 0.057868 -0.082172 1.746081 1.139190 -0.611950 0.034048 0.378582 1.586213
6 0.049299 -0.086918 1.761142 0.925613 -0.816757 0.386710 0.400138 1.632615
19 0.040347 -0.105049 1.749622 0.590480 -1.078175 -0.402823 0.418637 1.591987
Cleaner_Face_A.dds
6 -0.073867 -0.016545 1.758082 -1.138768 -0.608651 0.078401 0.713049 1.642961
6 -0.071950 -0.039268 1.706599 -1.246726 -0.328914 0.104331 0.667665 1.496332
6 -0.063020 -0.064986 1.757426 -1.232124 -0.388223 0.067445 0.631452 1.629901
Cleaner_Face_A.dds
6 -0.000191 -0.083452 1.820376 -0.004091 -0.787275 1.026439 0.503718 1.788196
6 -0.029302 -0.044479 1.836567 -0.679504 -0.585798 0.931940 0.560267 1.837470
6 -0.027905 -0.079471 1.817258 -0.512550 -0.788341 0.888373 0.541075 1.784004
Cleaner_Face_A.dds
18 -0.041953 -0.094454 1.733613 -0.672919 -1.086963 0.197701 0.580068 1.553904
6 -0.044385 -0.090356 1.729887 -0.481537 -0.673605 -0.993868 0.584594 1.539180
18 -0.040905 -0.095339 1.732436 -0.167820 -1.051988 -0.733862 0.578948 1.549510
Cleaner_Face_A.dds
20 -0.042923 -0.102507 1.749735 -0.563303 -1.124212 -0.303699 0.571507 1.600289
6 -0.023044 -0.093690 1.740957 -0.043065 -1.125362 -0.636476 0.545422 1.574275
20 -0.012114 -0.112036 1.749099 -0.215194 -1.119355 -0.611663 0.522744 1.594174
Cleaner_Face_A.dds
6 0.052101 -0.083399 1.732333 0.784199 -0.928642 -0.442777 0.399891 1.546428
6 0.047583 -0.085867 1.732892 0.757221 -1.042138 -0.118157 0.410516 1.549169
6 0.052182 -0.083154 1.729921 0.661808 -1.105340 0.116742 0.401827 1.532481
Cleaner_Face_A.dds
6 0.051735 -0.092925 1.740374 0.641877 -0.875108 -0.703971 0.403583 1.563781
19 0.040347 -0.105049 1.749622 0.590480 -1.078175 -0.402823 0.418637 1.591987
6 0.043285 -0.090747 1.739372 0.425084 -1.167763 -0.359205 0.419856 1.568500
Cleaner_Face_A.dds
6 -0.000883 -0.111995 1.753704 -0.000756 -1.288110 -0.119024 0.500218 1.613016
19 0.011556 -0.112705 1.749076 0.069486 -1.067953 -0.726667 0.467978 1.595367
6 -0.000883 -0.109132 1.768449 0.002718 -1.254773 0.314538 0.502081 1.666310
Cleaner_Face_A.dds
6 0.005709 -0.109364 1.736749 0.920998 -0.830105 0.368895 0.487496 1.554762
19 0.006580 -0.107719 1.746474 0.829869 -0.818120 -0.561597 0.484001 1.592592
6 -0.000883 -0.111995 1.753704 -0.000756 -1.288110 -0.119024 0.500218 1.613016
Cleaner_Face_A.dds
6 0.027535 -0.046488 1.836567 0.657437 -0.599136 0.939260 0.430418 1.840166
6 0.042872 0.001346 1.836453 1.011778 -0.642668 0.486497 0.350403 1.868870
6 0.044524 0.012366 1.862312 0.759688 -0.309865 1.000127 0.343410 1.910369
Cleaner_Face_A.dds
6 -0.068368 -0.001258 1.648710 -1.247080 0.159940 -0.304312 0.743862 1.341686
7 -0.072609 -0.015223 1.645914 -1.243657 0.145212 -0.325000 0.712662 1.333365
7 -0.075438 -0.012065 1.661748 -1.181566 -0.058997 -0.523273 0.717365 1.389284
Cleaner_Face_A.dds
6 -0.075194 -0.029150 1.670039 -1.267953 -0.225751 -0.121351 0.690528 1.383753
7 -0.075438 -0.012065 1.661748 -1.181566 -0.058997 -0.523273 0.717365 1.389284
7 -0.072609 -0.015223 1.645914 -1.243657 0.145212 -0.325000 0.712662 1.333365
Cleaner_Face_A.dds
6 0.066356 0.015925 1.664690 1.235289 0.068617 -0.377821 0.224009 1.394351
6 0.070027 0.013588 1.667767 0.739858 0.488195 -0.942163 0.207802 1.429076
6 0.069641 -0.010784 1.661225 1.137878 0.172004 -0.590799 0.257554 1.391484
Cleaner_Face_A.dds
6 0.076118 -0.016077 1.719654 1.224337 -0.417577 -0.004867 0.275437 1.545461
7 0.069790 -0.029082 1.669487 1.258549 -0.290254 -0.072123 0.309716 1.389492
6 0.072436 -0.016503 1.669140 1.268205 -0.211809 -0.142086 0.272262 1.402672
Cleaner_Face_A.dds
6 -0.031048 -0.098894 1.712719 -0.423007 -0.917126 0.808295 0.564654 1.481814
6 -0.048451 -0.088189 1.720043 -0.625745 -1.057981 0.403131 0.590083 1.507800
6 -0.048128 -0.100410 1.698461 -0.673072 -1.088094 0.190842 0.594762 1.427953
Cleaner_Face_A.dds
6 0.028682 -0.099612 1.713102 0.378479 -0.976371 0.759506 0.454567 1.483010
6 0.015616 -0.109669 1.708712 0.875220 -0.834077 0.460110 0.470793 1.446296
6 0.046362 -0.100361 1.698364 0.645753 -1.111945 0.141338 0.411498 1.444437
Cleaner_Face_A.dds
6 0.052182 -0.083154 1.729921 0.661808 -1.105340 0.116742 0.401827 1.532481
6 0.046536 -0.087150 1.723283 0.532243 -1.119465 0.370015 0.413496 1.507800
6 0.050722 -0.089348 1.718937 0.549336 -1.024955 0.566651 0.408496 1.498083
Cleaner_Face_A.dds
12 -0.015737 -0.128083 1.666338 -0.628560 -1.128999 -0.060574 0.528055 1.349123
14 -0.003607 -0.129468 1.669991 -0.130441 -1.174073 0.527194 0.503249 1.361166
14 -0.007485 -0.124252 1.680481 -0.359625 -1.165954 0.429670 0.518221 1.389616
Cleaner_Face_A.dds
6 -0.000786 -0.124982 1.686855 0.075702 -1.230043 -0.393267 0.501549 1.404476
14 -0.007485 -0.124252 1.680481 -0.359625 -1.165954 0.429670 0.518221 1.389616
6 0.007785 -0.124079 1.680347 0.444833 -1.118014 0.474936 0.480484 1.390870
Cleaner_Face_A.dds
6 0.005360 -0.148352 1.708620 0.873770 -0.825872 0.477343 0.489421 1.441455
6 0.003809 -0.145731 1.698068 0.521091 -0.955808 -0.698778 0.489535 1.425203
6 0.019210 -0.108355 1.693751 1.036880 -0.773254 -0.018775 0.461656 1.419826
Cleaner_Face_A.dds
6 0.015616 -0.109669 1.708712 0.875220 -0.834077 0.460110 0.470793 1.446296
6 0.020928 -0.107585 1.692702 0.603944 -1.122848 0.218766 0.452901 1.410863
6 0.046362 -0.100361 1.698364 0.645753 -1.111945 0.141338 0.411498 1.444437
Cleaner_Face_A.dds
6 -0.010217 -0.148352 1.708620 -0.807480 -0.906709 0.446374 0.509806 1.438012
6 -0.021777 -0.110605 1.694958 -1.095863 -0.681380 0.090554 0.538868 1.421633
6 -0.010687 -0.145731 1.698110 -0.650789 -0.823631 -0.755977 0.510114 1.425367
Cleaner_Face_A.dds
6 -0.024422 -0.109316 1.693131 -0.690876 -1.083511 0.148624 0.544457 1.413266
6 -0.054864 -0.082200 1.674810 -0.933167 -0.890388 -0.099013 0.623350 1.375799
12 -0.038417 -0.106470 1.670484 -0.784371 -1.022622 0.111360 0.568077 1.375463
Cleaner_Face_A.dds
6 -0.070958 0.012149 1.662780 -1.148010 0.152876 -0.576278 0.769177 1.407224
6 -0.074695 0.034114 1.675664 -1.223054 -0.101437 -0.408955 0.809566 1.436948
6 -0.070342 0.023851 1.639416 -1.276625 -0.200132 -0.059764 0.802316 1.305791
Cleaner_Face_A.dds
6 0.076201 0.095766 1.744040 1.008033 0.793145 0.167888 0.090058 1.577946
6 0.042405 0.103735 1.797725 0.531660 0.984267 0.649578 0.045542 1.761428
6 0.064915 0.074056 1.803000 0.938223 0.621986 0.637390 0.099650 1.751100
Cleaner_Face_A.dds
6 0.043529 0.043352 1.845098 0.632952 0.620259 0.942362 0.153691 1.868678
6 0.064915 0.074056 1.803000 0.938223 0.621986 0.637390 0.099650 1.751100
6 0.037713 0.069171 1.830594 0.499526 0.744653 0.932396 0.062342 1.830149
Cleaner_Face_A.dds
6 -0.042459 0.102270 1.799825 -0.558173 0.928034 0.707525 0.937601 1.766569
6 -0.080072 0.095089 1.743289 -0.956304 0.830411 0.263240 0.878016 1.586537
6 -0.065377 0.067673 1.804374 -0.853113 0.652439 0.721053 0.870395 1.760899
Cleaner_Face_A.dds
6 0.042872 0.001346 1.836453 1.011778 -0.642668 0.486497 0.350403 1.868870
6 0.027535 -0.046488 1.836567 0.657437 -0.599136 0.939260 0.430418 1.840166
6 0.056888 0.003242 1.821131 0.749679 -0.745612 0.745278 0.314167 1.835876
Cleaner_Face_A.dds
6 -0.000191 -0.083452 1.820376 -0.004091 -0.787275 1.026439 0.503718 1.788196
6 -0.000171 -0.049932 1.837517 -0.027336 -0.910781 0.918218 0.497245 1.857446
6 -0.029302 -0.044479 1.836567 -0.679504 -0.585798 0.931940 0.560267 1.837470
Cleaner_Face_A.dds
6 -0.029302 -0.044479 1.836567 -0.679504 -0.585798 0.931940 0.560267 1.837470
6 -0.060840 0.003237 1.820084 -0.821053 -0.696922 0.716636 0.687844 1.847057
6 -0.049333 -0.041322 1.820816 -0.954970 -0.323033 0.810603 0.598591 1.797518
Cleaner_Face_A.dds
13 0.034497 -0.110208 1.672439 0.725223 -1.056266 0.178183 0.433473 1.362773
6 0.020928 -0.107585 1.692702 0.603944 -1.122848 0.218766 0.452901 1.410863
14 0.025068 -0.114180 1.671288 0.745409 -1.021225 0.273606 0.447891 1.367334
Cleaner_Face_A.dds
7 -0.023707 -0.125537 1.632766 -0.675548 -1.081663 0.216878 0.541279 1.241667
10 -0.020361 -0.118624 1.642327 -0.728789 -1.049865 0.200116 0.536566 1.274948
7 -0.032558 -0.110804 1.628702 -0.969518 -0.856330 -0.011341 0.567934 1.242818
Cleaner_Face_A.dds
8 -0.010479 -0.121168 1.644032 -0.221451 -1.267062 0.137509 0.511982 1.282406
10 -0.020361 -0.118624 1.642327 -0.728789 -1.049865 0.200116 0.536566 1.274948
7 -0.023707 -0.125537 1.632766 -0.675548 -1.081663 0.216878 0.541279 1.241667
Cleaner_Face_A.dds
6 -0.072693 0.054478 1.628643 -1.172265 0.463786 -0.289988 0.848149 1.297236
4 -0.045226 0.070159 1.611882 -0.576755 0.384569 -1.092179 0.897297 1.280342
4 -0.070102 0.053287 1.603418 0.581873 -0.880271 0.748292 0.848114 1.238655
Cleaner_Face_A.dds
4 0.002546 0.076454 1.613530 -0.055543 -0.512198 -1.186576 1.001857 1.285245
4 -0.045226 0.070159 1.611882 -0.576755 0.384569 -1.092179 0.897297 1.280342
6 -0.047099 0.076845 1.621745 -0.560610 0.930093 -0.702879 0.901274 1.341684
Cleaner_Face_A.dds
6 0.066589 0.050572 1.636944 1.168002 0.482487 -0.276358 0.127254 1.353695
4 0.065426 0.054290 1.603899 -0.688906 -0.822371 0.722848 0.121131 1.208338
4 0.042979 0.061583 1.611139 0.845708 0.314037 -0.927122 0.065451 1.278129
Cleaner_Face_A.dds
4 0.042979 0.061583 1.611139 0.845708 0.314037 -0.927122 0.065451 1.278129
4 0.002546 0.076454 1.613530 -0.055543 -0.512198 -1.186576 0.001857 1.285245
6 0.038711 0.079020 1.625560 0.637116 0.826133 -0.764841 0.058666 1.338697
Cleaner_Face_A.dds
6 0.083933 0.062032 1.756454 1.238194 0.336886 0.163645 0.136084 1.595579
6 0.080567 0.087290 1.706029 1.143350 0.566060 -0.213825 0.102731 1.515793
6 0.076201 0.095766 1.744040 1.008033 0.793145 0.167888 0.090058 1.577946
Cleaner_Face_A.dds
6 0.075163 0.059538 1.662141 1.190630 0.210271 -0.459979 0.123620 1.403798
6 0.080567 0.087290 1.706029 1.143350 0.566060 -0.213825 0.102731 1.515793
6 0.087328 0.046310 1.712341 1.274961 -0.007323 -0.218666 0.180317 1.530030
Cleaner_Face_A.dds
6 -0.097418 0.053104 1.720104 -1.239826 -0.151725 -0.336461 0.827582 1.562377
6 -0.080924 0.089326 1.708567 -1.047204 0.720186 -0.241021 0.873225 1.510050
6 -0.078945 0.062652 1.660026 -1.202896 0.290047 -0.377240 0.849101 1.397505
Cleaner_Face_A.dds
6 -0.080924 0.089326 1.708567 -1.047204 0.720186 -0.241021 0.873225 1.510050
6 -0.097418 0.053104 1.720104 -1.239826 -0.151725 -0.336461 0.827582 1.562377
6 -0.096416 0.067880 1.755539 -1.156633 0.515802 0.263712 0.837788 1.614291
Cleaner_Face_A.dds
6 0.061483 -0.083199 1.705137 1.150061 -0.590100 0.050369 0.384384 1.471726
6 0.066705 -0.044537 1.715499 1.255504 -0.309999 0.031716 0.328590 1.518999
6 0.058738 -0.074632 1.732515 1.141492 -0.606320 0.052618 0.379847 1.542874
Cleaner_Face_A.dds
6 0.061483 -0.083199 1.705137 1.150061 -0.590100 0.050369 0.384384 1.471726
6 0.050722 -0.089348 1.718937 0.549336 -1.024955 0.566651 0.408496 1.498083
6 0.046362 -0.100361 1.698364 0.645753 -1.111945 0.141338 0.411498 1.444437
Cleaner_Face_A.dds
6 -0.071950 -0.039268 1.706599 -1.246726 -0.328914 0.104331 0.667665 1.496332
6 -0.065586 -0.081324 1.705261 -1.081059 -0.704070 0.094821 0.627502 1.456692
6 -0.059654 -0.075557 1.732034 -1.076251 -0.713157 0.080538 0.621188 1.551504
Cleaner_Face_A.dds
6 -0.059654 -0.075557 1.732034 -1.076251 -0.713157 0.080538 0.621188 1.551504
6 -0.048451 -0.088189 1.720043 -0.625745 -1.057981 0.403131 0.590083 1.507800
6 -0.051417 -0.083290 1.728773 -0.845699 -0.978122 0.038289 0.598413 1.532585
Cleaner_Face_A.dds
10 -0.020361 -0.118624 1.642327 -0.728789 -1.049865 0.200116 0.536566 1.274948
10 -0.018019 -0.124954 1.655074 -0.714229 -1.073799 0.101130 0.531753 1.313104
10 -0.025812 -0.113104 1.650419 -0.859132 -0.941216 0.222263 0.548779 1.305290
Cleaner_Face_A.dds
12 -0.025734 -0.110749 1.656865 0.055717 -0.828227 0.992134 0.552436 1.329508
10 -0.025812 -0.113104 1.650419 -0.859132 -0.941216 0.222263 0.548779 1.305290
10 -0.018019 -0.124954 1.655074 -0.714229 -1.073799 0.101130 0.531753 1.313104
Cleaner_Face_A.dds
7 -0.068327 -0.036247 1.630601 -1.187183 -0.164305 -0.486823 0.693385 1.287632
6 -0.075194 -0.029150 1.670039 -1.267953 -0.225751 -0.121351 0.690528 1.383753
7 -0.072609 -0.015223 1.645914 -1.243657 0.145212 -0.325000 0.712662 1.333365
Cleaner_Face_A.dds
6 -0.061158 -0.015105 1.615699 -1.226017 -0.277563 -0.305345 0.704872 1.257300
7 -0.068327 -0.036247 1.630601 -1.187183 -0.164305 -0.486823 0.693385 1.287632
7 -0.072609 -0.015223 1.645914 -1.243657 0.145212 -0.325000 0.712662 1.333365
Cleaner_Face_A.dds
7 0.055953 -0.072825 1.641238 1.200456 -0.450709 -0.170774 0.371974 1.294292
7 0.065720 -0.036247 1.630601 1.199703 -0.226330 -0.427648 0.314379 1.317942
7 0.069790 -0.029082 1.669487 1.258549 -0.290254 -0.072123 0.309716 1.389492
Cleaner_Face_A.dds
7 0.065720 -0.036247 1.630601 1.199703 -0.226330 -0.427648 0.314379 1.317942
6 0.059590 -0.016109 1.616023 1.225784 -0.255980 -0.324535 0.288777 1.286639
6 0.071152 -0.015317 1.645910 1.276127 0.103908 -0.184654 0.279166 1.357933
Cleaner_Face_A.dds
6 0.072436 -0.016503 1.669140 1.268205 -0.211809 -0.142086 0.272262 1.402672
6 0.071152 -0.015317 1.645910 1.276127 0.103908 -0.184654 0.279166 1.357933
6 0.069641 -0.010784 1.661225 1.137878 0.172004 -0.590799 0.257554 1.391484
Cleaner_Face_A.dds
6 0.066705 -0.044537 1.715499 1.255504 -0.309999 0.031716 0.328590 1.518999
6 0.073188 -0.016537 1.757712 1.175050 -0.538943 0.046833 0.295407 1.636580
6 0.062993 -0.063860 1.757617 1.212153 -0.448147 0.056960 0.353967 1.615088
Cleaner_Face_A.dds
6 -0.071950 -0.039268 1.706599 -1.246726 -0.328914 0.104331 0.667665 1.496332
6 -0.083377 -0.004741 1.722064 -1.174182 -0.542816 -0.006505 0.723488 1.556248
6 -0.075194 -0.029150 1.670039 -1.267953 -0.225751 -0.121351 0.690528 1.383753
Cleaner_Face_A.dds
6 -0.073867 -0.016545 1.758082 -1.138768 -0.608651 0.078401 0.713049 1.642961
6 -0.063771 -0.059694 1.790405 -1.161131 -0.432347 0.371813 0.619029 1.742604
6 -0.071808 -0.008855 1.799434 -1.067869 -0.500300 0.531743 0.712351 1.790597
Cleaner_Face_A.dds
7 -0.024801 -0.115851 1.615299 -0.754063 -0.773199 -0.712002 0.559206 1.201576
7 -0.000898 -0.125686 1.613788 0.002610 -0.987526 -0.835572 0.497878 1.189349
7 -0.023707 -0.125537 1.632766 -0.675548 -1.081663 0.216878 0.541279 1.241667
Cleaner_Face_A.dds
7 -0.012276 -0.110100 1.609545 -0.236282 -0.454570 -1.187827 0.538836 1.162862
7 -0.000898 -0.125686 1.613788 0.002610 -0.987526 -0.835572 0.497878 1.189349
7 -0.024801 -0.115851 1.615299 -0.754063 -0.773199 -0.712002 0.559206 1.201576
Cleaner_Face_A.dds
11 0.014933 -0.123936 1.655016 0.613271 -1.137716 0.053826 0.472815 1.314595
8 0.008684 -0.121168 1.644032 0.242586 -1.259083 0.171046 0.484623 1.281872
11 0.018566 -0.118624 1.642327 0.674078 -1.093836 0.150118 0.461927 1.273671
Cleaner_Face_A.dds
11 0.018566 -0.118624 1.642327 0.674078 -1.093836 0.150118 0.461927 1.273671
8 0.008684 -0.121168 1.644032 0.242586 -1.259083 0.171046 0.484623 1.281872
7 0.021912 -0.125537 1.632766 0.692496 -1.069964 0.221407 0.453265 1.241627
Cleaner_Face_A.dds
11 0.014933 -0.123936 1.655016 0.613271 -1.137716 0.053826 0.472815 1.314595
11 0.018566 -0.118624 1.642327 0.674078 -1.093836 0.150118 0.461927 1.273671
11 0.024732 -0.114854 1.650215 0.744285 -1.051230 0.119789 0.452468 1.304496
Cleaner_Face_A.dds
11 0.025235 -0.112507 1.657776 -0.170331 -1.184699 0.490787 0.449870 1.331510
11 0.010343 -0.122516 1.661324 -0.239983 0.689463 1.067916 0.478267 1.332257
11 0.010265 -0.122857 1.661037 0.261325 -0.889057 0.902597 0.478499 1.331406
Cleaner_Face_A.dds
6 0.009275 -0.093006 1.731774 0.881790 -0.871134 0.370089 0.475238 1.541564
6 0.005709 -0.109364 1.736749 0.920998 -0.830105 0.368895 0.487496 1.554762
6 0.006337 -0.126915 1.720712 1.038568 -0.419204 0.647333 0.488464 1.480863
Cleaner_Face_A.dds
6 -0.001596 -0.112072 1.740753 0.024688 -1.208515 0.460737 0.499472 1.568939
6 -0.008827 -0.109854 1.736808 -0.939086 -0.808910 0.370374 0.514886 1.549116
6 -0.002072 -0.128945 1.723266 -0.017405 -0.811080 1.007592 0.499657 1.482165
Cleaner_Face_A.dds
6 0.067660 0.022888 1.651228 1.278424 -0.157881 -0.118742 0.193516 1.377326
4 0.065993 0.021930 1.588578 1.137919 -0.387176 0.478154 0.175360 1.162744
6 0.066589 0.050572 1.636944 1.168002 0.482487 -0.276358 0.127254 1.353695
Cleaner_Face_A.dds
4 0.065993 0.021930 1.588578 1.137919 -0.387176 0.478154 0.175360 1.162744
4 0.065426 0.054290 1.603899 -0.688906 -0.822371 0.722848 0.121131 1.208338
6 0.066589 0.050572 1.636944 1.168002 0.482487 -0.276358 0.127254 1.353695
Cleaner_Face_A.dds
4 -0.069606 0.022620 1.589175 -1.121504 -0.437793 0.473246 0.795563 1.164523
6 -0.072693 0.054478 1.628643 -1.172265 0.463786 -0.289988 0.848149 1.297236
4 -0.070102 0.053287 1.603418 0.581873 -0.880271 0.748292 0.848114 1.238655
Cleaner_Face_A.dds
4 -0.069606 0.022620 1.589175 -1.121504 -0.437793 0.473246 0.795563 1.164523
6 -0.070342 0.023851 1.639416 -1.276625 -0.200132 -0.059764 0.802316 1.305791
6 -0.072693 0.054478 1.628643 -1.172265 0.463786 -0.289988 0.848149 1.297236
Cleaner_Face_A.dds
7 0.021912 -0.125537 1.632766 0.692496 -1.069964 0.221407 0.453265 1.241627
7 0.029844 -0.110846 1.629009 0.946634 -0.881026 -0.032734 0.432459 1.244805
11 0.018566 -0.118624 1.642327 0.674078 -1.093836 0.150118 0.461927 1.273671
Cleaner_Face_A.dds
7 0.021912 -0.125537 1.632766 0.692496 -1.069964 0.221407 0.453265 1.241627
7 -0.000898 -0.125686 1.613788 0.002610 -0.987526 -0.835572 0.497878 1.189349
7 0.023006 -0.115851 1.615299 0.757021 -0.774097 -0.707876 0.429947 1.204451
Cleaner_Face_A.dds
6 -0.097861 0.007429 1.763479 -1.176009 -0.538360 0.023797 0.760499 1.648290
6 -0.073867 -0.016545 1.758082 -1.138768 -0.608651 0.078401 0.713049 1.642961
6 -0.092876 0.011107 1.796471 -1.072563 -0.514106 0.508626 0.751303 1.773725
Cleaner_Face_A.dds
6 0.085271 0.008259 1.731755 1.222937 -0.417371 0.060188 0.228492 1.580201
6 0.089257 0.005355 1.763600 1.216761 -0.435078 -0.059963 0.244025 1.645737
6 0.073188 -0.016537 1.757712 1.175050 -0.538943 0.046833 0.295407 1.636580
Cleaner_Face_A.dds
6 0.059590 -0.016109 1.616023 1.225784 -0.255980 -0.324535 0.288777 1.286639
7 0.065720 -0.036247 1.630601 1.199703 -0.226330 -0.427648 0.314379 1.317942
6 0.031947 -0.040330 1.590120 1.049763 -0.631908 -0.414832 0.370953 1.193098
Cleaner_Face_A.dds
6 0.039430 -0.039120 1.567653 0.932928 -0.894187 -0.058909 0.344551 1.100477
6 0.064066 -0.000943 1.614510 1.233487 -0.379248 -0.089865 0.260507 1.272285
6 0.059590 -0.016109 1.616023 1.225784 -0.255980 -0.324535 0.288777 1.286639
Cleaner_Face_A.dds
6 -0.000883 -0.109132 1.768449 0.002718 -1.254773 0.314538 0.502081 1.666310
19 0.019736 -0.111424 1.760905 0.395293 -1.148915 0.443997 0.458277 1.638496
19 0.021742 -0.104708 1.770480 0.529469 -1.112110 0.395311 0.465060 1.671252
Cleaner_Face_A.dds
20 -0.021738 -0.106888 1.769510 -0.438557 -1.167341 0.344062 0.533400 1.670269
6 -0.000883 -0.109132 1.768449 0.002718 -1.254773 0.314538 0.502081 1.666310
6 -0.014776 -0.102914 1.795112 -0.358104 -1.112532 0.554463 0.519889 1.741645
Cleaner_Face_A.dds
4 0.034153 -0.044059 1.538519 0.337649 -1.052034 0.672766 0.366180 1.013779
48 0.051447 -0.019115 1.556714 0.614955 -0.920206 0.669662 0.275588 1.067924
6 0.039430 -0.039120 1.567653 0.932928 -0.894187 -0.058909 0.344551 1.100477
Cleaner_Face_A.dds
4 -0.055479 -0.018517 1.556703 -0.512254 -0.926372 0.743523 0.695959 1.067890
6 -0.035044 -0.041377 1.569493 -0.877508 -0.947051 -0.080423 0.650432 1.105952
6 -0.066951 -0.000123 1.614802 -1.208291 -0.460024 -0.042502 0.746770 1.240784
Cleaner_Face_A.dds
6 -0.010187 -0.093154 1.732379 -1.054945 -0.709627 0.238573 0.523061 1.541804
6 -0.013167 -0.092463 1.732177 0.025531 -1.281653 -0.173520 0.528319 1.543735
6 -0.013377 -0.091706 1.730517 -0.617293 -1.121637 -0.185137 0.527656 1.537607
Cleaner_Face_A.dds
6 -0.044889 -0.087931 1.729275 -0.399786 -0.983469 -0.739159 0.587213 1.533736
6 -0.044385 -0.090356 1.729887 -0.481537 -0.673605 -0.993868 0.584594 1.539180
6 -0.047331 -0.088858 1.731297 -0.962154 -0.814989 -0.288874 0.590113 1.540172
Cleaner_Face_A.dds
17 0.021143 -0.094343 1.739692 -0.301888 -1.151318 0.506680 0.457822 1.563418
6 0.023535 -0.092929 1.743444 -0.016702 -1.040723 -0.768123 0.451309 1.576924
6 0.014444 -0.089292 1.738136 -0.134603 -1.265371 0.232623 0.464611 1.561849
Cleaner_Face_A.dds
6 0.037713 0.069171 1.830594 0.499526 0.744653 0.932396 0.062342 1.830149
6 -0.000187 0.046254 1.861230 -0.010440 0.640214 1.124016 0.001398 1.999236
6 0.043529 0.043352 1.845098 0.632952 0.620259 0.942362 0.153691 1.868678
Cleaner_Face_A.dds
6 -0.002072 -0.128945 1.723266 -0.017405 -0.811080 1.007592 0.499657 1.482165
6 -0.009445 -0.125933 1.721250 -1.078474 -0.368450 0.611992 0.510600 1.479883
6 -0.010217 -0.148352 1.708620 -0.807480 -0.906709 0.446374 0.509806 1.438012
Cleaner_Face_A.dds
6 -0.031048 -0.098894 1.712719 -0.423007 -0.917126 0.808295 0.564654 1.481814
6 -0.016466 -0.110078 1.709194 -0.916660 -0.742927 0.530272 0.534925 1.439811
6 -0.013836 -0.101448 1.720228 -0.871424 -0.621892 0.726131 0.529506 1.505918
Cleaner_Face_A.dds
7 -0.075438 -0.012065 1.661748 -1.181566 -0.058997 -0.523273 0.717365 1.389284
6 -0.086013 0.006968 1.667610 -0.933732 -0.045436 -0.894134 0.757217 1.414358
6 -0.075412 0.009292 1.665913 -0.427544 0.457568 -1.131916 0.764200 1.410115
Cleaner_Face_A.dds
6 -0.083338 0.030920 1.696186 -0.313636 1.118479 -0.569239 0.806465 1.484104
6 -0.086008 0.023689 1.674262 -0.021913 0.931448 -0.897396 0.785322 1.442071
6 -0.092139 0.037105 1.695354 0.112141 1.238963 -0.354669 0.797502 1.487547
Cleaner_Face_A.dds
6 -0.089392 0.038898 1.718664 -0.658550 1.104154 -0.143359 0.809722 1.558743
6 -0.095090 0.040475 1.717316 -0.173740 1.260053 0.235531 0.797949 1.558332
6 -0.095868 0.036542 1.723748 -0.558596 0.975877 0.639555 0.790312 1.572848
Cleaner_Face_A.dds
6 -0.102650 0.036726 1.715793 -1.019514 0.788573 0.110174 0.792856 1.554520
6 -0.092139 0.037105 1.695354 0.112141 1.238963 -0.354669 0.797502 1.487547
6 -0.100030 0.034212 1.694609 -1.079684 0.508089 -0.499522 0.791862 1.487038
Cleaner_Face_A.dds
6 -0.095868 0.036542 1.723748 -0.558596 0.975877 0.639555 0.790312 1.572848
6 -0.100191 0.023776 1.728151 -1.253483 -0.053423 0.315153 0.770676 1.583506
6 -0.098434 0.033217 1.729091 -1.104078 0.558814 0.377008 0.786670 1.585857
Cleaner_Face_A.dds
6 -0.021777 -0.110605 1.694958 -1.095863 -0.681380 0.090554 0.538868 1.421633
6 -0.010217 -0.148352 1.708620 -0.807480 -0.906709 0.446374 0.509806 1.438012
6 -0.016466 -0.110078 1.709194 -0.916660 -0.742927 0.530272 0.534925 1.439811
Cleaner_Face_A.dds
6 0.015616 -0.109669 1.708712 0.875220 -0.834077 0.460110 0.470793 1.446296
6 0.005360 -0.148352 1.708620 0.873770 -0.825872 0.477343 0.489421 1.441455
6 0.019210 -0.108355 1.693751 1.036880 -0.773254 -0.018775 0.461656 1.419826
Cleaner_Face_A.dds
6 0.003809 -0.145731 1.698068 0.521091 -0.955808 -0.698778 0.489535 1.425203
6 -0.010217 -0.148352 1.708620 -0.807480 -0.906709 0.446374 0.509806 1.438012
6 -0.010687 -0.145731 1.698110 -0.650789 -0.823631 -0.755977 0.510114 1.425367
Cleaner_Face_A.dds
6 -0.010217 -0.148352 1.708620 -0.807480 -0.906709 0.446374 0.509806 1.438012
6 0.003809 -0.145731 1.698068 0.521091 -0.955808 -0.698778 0.489535 1.425203
6 0.005360 -0.148352 1.708620 0.873770 -0.825872 0.477343 0.489421 1.441455
Cleaner_Face_A.dds
6 -0.102143 0.032904 1.721902 -1.183209 0.259523 0.453937 0.787554 1.570279
6 -0.100191 0.023776 1.728151 -1.253483 -0.053423 0.315153 0.770676 1.583506
6 -0.095868 0.036542 1.723748 -0.558596 0.975877 0.639555 0.790312 1.572848
Cleaner_Face_A.dds
6 -0.000162 0.096689 1.638575 0.018866 1.098659 -0.682633 1.000975 1.382190
6 -0.000102 0.087914 1.623962 0.028797 1.043986 -0.763321 1.001367 1.333617
6 -0.053320 0.089370 1.646037 -0.589546 0.984811 -0.596639 0.914712 1.394399
Cleaner_Face_A.dds
6 -0.000148 0.111045 1.797106 0.005871 1.174056 0.543097 1.000735 1.759587
6 -0.050999 0.122493 1.729949 -0.590845 1.143725 0.127242 0.928268 1.556600
6 -0.042459 0.102270 1.799825 -0.558173 0.928034 0.707525 0.937601 1.766569
Cleaner_Face_A.dds
6 -0.101049 0.030218 1.714338 -1.252889 -0.307192 -0.096423 0.786907 1.552474
6 -0.102143 0.032904 1.721902 -1.183209 0.259523 0.453937 0.787554 1.570279
6 -0.102650 0.036726 1.715793 -1.019514 0.788573 0.110174 0.792856 1.554520
Cleaner_Face_A.dds
6 -0.102650 0.036726 1.715793 -1.019514 0.788573 0.110174 0.792856 1.554520
6 -0.102143 0.032904 1.721902 -1.183209 0.259523 0.453937 0.787554 1.570279
6 -0.095868 0.036542 1.723748 -0.558596 0.975877 0.639555 0.790312 1.572848
Cleaner_Face_A.dds
6 -0.100191 0.023776 1.728151 -1.253483 -0.053423 0.315153 0.770676 1.583506
6 -0.096042 0.014813 1.731755 -1.214596 -0.416940 0.155924 0.759286 1.592519
6 -0.098434 0.033217 1.729091 -1.104078 0.558814 0.377008 0.786670 1.585857
Cleaner_Face_A.dds
7 -0.075438 -0.012065 1.661748 -1.181566 -0.058997 -0.523273 0.717365 1.389284
6 -0.084695 0.002619 1.671047 -1.161167 -0.566525 -0.064305 0.749016 1.422952
6 -0.086013 0.006968 1.667610 -0.933732 -0.045436 -0.894134 0.757217 1.414358
Cleaner_Face_A.dds
6 -0.100030 0.034212 1.694609 -1.079684 0.508089 -0.499522 0.791862 1.487038
6 -0.091701 0.021694 1.674564 -1.092046 0.067862 -0.690091 0.777347 1.445252
6 -0.098679 0.027746 1.696574 -1.198118 -0.450666 -0.186569 0.785260 1.489000
Cleaner_Face_A.dds
6 -0.100030 0.034212 1.694609 -1.079684 0.508089 -0.499522 0.791862 1.487038
6 -0.101049 0.030218 1.714338 -1.252889 -0.307192 -0.096423 0.786907 1.552474
6 -0.102650 0.036726 1.715793 -1.019514 0.788573 0.110174 0.792856 1.554520
Cleaner_Face_A.dds
6 -0.098830 0.019403 1.722692 -1.176548 -0.532809 -0.072416 0.764659 1.569856
6 -0.096042 0.014813 1.731755 -1.214596 -0.416940 0.155924 0.759286 1.592519
6 -0.100191 0.023776 1.728151 -1.253483 -0.053423 0.315153 0.770676 1.583506
Cleaner_Face_A.dds
6 -0.098830 0.019403 1.722692 -1.176548 -0.532809 -0.072416 0.764659 1.569856
6 -0.101049 0.030218 1.714338 -1.252889 -0.307192 -0.096423 0.786907 1.552474
6 -0.098679 0.027746 1.696574 -1.198118 -0.450666 -0.186569 0.785260 1.489000
Cleaner_Face_A.dds
6 -0.098830 0.019403 1.722692 -1.176548 -0.532809 -0.072416 0.764659 1.569856
6 -0.081686 -0.001084 1.689793 -1.182693 -0.514968 -0.097163 0.733031 1.474293
6 -0.083377 -0.004741 1.722064 -1.174182 -0.542816 -0.006505 0.723488 1.556248
Cleaner_Face_A.dds
6 -0.081686 -0.001084 1.689793 -1.182693 -0.514968 -0.097163 0.733031 1.474293
6 -0.098679 0.027746 1.696574 -1.198118 -0.450666 -0.186569 0.785260 1.489000
6 -0.091049 0.017707 1.678644 -1.189428 -0.494784 -0.117664 0.769422 1.451271
Cleaner_Face_A.dds
6 -0.091701 0.021694 1.674564 -1.092046 0.067862 -0.690091 0.777347 1.445252
6 -0.086013 0.006968 1.667610 -0.933732 -0.045436 -0.894134 0.757217 1.414358
6 -0.091049 0.017707 1.678644 -1.189428 -0.494784 -0.117664 0.769422 1.451271
Cleaner_Face_A.dds
6 -0.098679 0.027746 1.696574 -1.198118 -0.450666 -0.186569 0.785260 1.489000
6 -0.101049 0.030218 1.714338 -1.252889 -0.307192 -0.096423 0.786907 1.552474
6 -0.100030 0.034212 1.694609 -1.079684 0.508089 -0.499522 0.791862 1.487038
Cleaner_Face_A.dds
6 -0.100030 0.034212 1.694609 -1.079684 0.508089 -0.499522 0.791862 1.487038
6 -0.086008 0.023689 1.674262 -0.021913 0.931448 -0.897396 0.785322 1.442071
6 -0.091701 0.021694 1.674564 -1.092046 0.067862 -0.690091 0.777347 1.445252
Cleaner_Face_A.dds
6 -0.098830 0.019403 1.722692 -1.176548 -0.532809 -0.072416 0.764659 1.569856
6 -0.098679 0.027746 1.696574 -1.198118 -0.450666 -0.186569 0.785260 1.489000
6 -0.081686 -0.001084 1.689793 -1.182693 -0.514968 -0.097163 0.733031 1.474293
Cleaner_Face_A.dds
6 -0.100191 0.023776 1.728151 -1.253483 -0.053423 0.315153 0.770676 1.583506
6 -0.102143 0.032904 1.721902 -1.183209 0.259523 0.453937 0.787554 1.570279
6 -0.101049 0.030218 1.714338 -1.252889 -0.307192 -0.096423 0.786907 1.552474
Cleaner_Face_A.dds
6 -0.100191 0.023776 1.728151 -1.253483 -0.053423 0.315153 0.770676 1.583506
6 -0.101049 0.030218 1.714338 -1.252889 -0.307192 -0.096423 0.786907 1.552474
6 -0.098830 0.019403 1.722692 -1.176548 -0.532809 -0.072416 0.764659 1.569856
Cleaner_Face_A.dds
6 -0.083377 -0.004741 1.722064 -1.174182 -0.542816 -0.006505 0.723488 1.556248
6 -0.081686 -0.001084 1.689793 -1.182693 -0.514968 -0.097163 0.733031 1.474293
6 -0.075194 -0.029150 1.670039 -1.267953 -0.225751 -0.121351 0.690528 1.383753
Cleaner_Face_A.dds
6 -0.096042 0.014813 1.731755 -1.214596 -0.416940 0.155924 0.759286 1.592519
6 -0.098830 0.019403 1.722692 -1.176548 -0.532809 -0.072416 0.764659 1.569856
6 -0.083377 -0.004741 1.722064 -1.174182 -0.542816 -0.006505 0.723488 1.556248
Cleaner_Face_A.dds
6 -0.059654 -0.075557 1.732034 -1.076251 -0.713157 0.080538 0.621188 1.551504
6 -0.065586 -0.081324 1.705261 -1.081059 -0.704070 0.094821 0.627502 1.456692
6 -0.048451 -0.088189 1.720043 -0.625745 -1.057981 0.403131 0.590083 1.507800
Cleaner_Face_A.dds
6 -0.033120 -0.092232 1.718646 -0.324156 -1.240178 0.174003 0.568536 1.502286
6 -0.046185 -0.089566 1.723842 -0.614668 -1.130418 0.133166 0.584473 1.519094
6 -0.048451 -0.088189 1.720043 -0.625745 -1.057981 0.403131 0.590083 1.507800
Cleaner_Face_A.dds
6 -0.046185 -0.089566 1.723842 -0.614668 -1.130418 0.133166 0.584473 1.519094
6 -0.051417 -0.083290 1.728773 -0.845699 -0.978122 0.038289 0.598413 1.532585
6 -0.048451 -0.088189 1.720043 -0.625745 -1.057981 0.403131 0.590083 1.507800
Cleaner_Face_A.dds
6 -0.046185 -0.089566 1.723842 -0.614668 -1.130418 0.133166 0.584473 1.519094
6 -0.044064 -0.088342 1.728319 -0.350477 -1.047800 0.672813 0.585642 1.530692
6 -0.051417 -0.083290 1.728773 -0.845699 -0.978122 0.038289 0.598413 1.532585
Cleaner_Face_A.dds
6 0.039674 -0.091806 1.718910 0.360029 -1.150754 0.468551 0.425889 1.501715
6 0.017537 -0.095033 1.723344 0.255748 -1.156099 0.520984 0.461630 1.515134
6 0.028682 -0.099612 1.713102 0.378479 -0.976371 0.759506 0.454567 1.483010
Cleaner_Face_A.dds
21 0.019456 -0.094140 1.728428 0.026524 -0.815719 1.003640 0.458289 1.531323
6 0.017537 -0.095033 1.723344 0.255748 -1.156099 0.520984 0.461630 1.515134
21 0.039260 -0.092800 1.727239 0.366800 -1.115874 0.541921 0.424769 1.524227
Cleaner_Face_A.dds
6 0.017537 -0.095033 1.723344 0.255748 -1.156099 0.520984 0.461630 1.515134
6 0.013581 -0.092439 1.729707 0.399933 -0.981535 0.741646 0.469407 1.537529
6 0.009275 -0.093006 1.731774 0.881790 -0.871134 0.370089 0.475238 1.541564
Cleaner_Face_A.dds
6 0.014444 -0.089292 1.738136 -0.134603 -1.265371 0.232623 0.464611 1.561849
6 0.009275 -0.093006 1.731774 0.881790 -0.871134 0.370089 0.475238 1.541564
6 0.014632 -0.091326 1.734390 -0.513367 -1.066106 0.522751 0.468632 1.550416
Cleaner_Face_A.dds
6 0.044388 -0.087166 1.730067 0.337061 -0.957967 0.801301 0.416555 1.531168
6 0.052182 -0.083154 1.729921 0.661808 -1.105340 0.116742 0.401827 1.532481
6 0.045534 -0.085968 1.731040 0.054470 -1.281157 -0.170483 0.413858 1.534266
Cleaner_Face_A.dds
6 -0.013718 -0.092195 1.729424 -0.570068 -0.777353 0.862635 0.528157 1.534128
6 -0.020432 -0.092920 1.728331 -0.075996 -0.699781 1.085324 0.544138 1.530728
6 -0.017350 -0.094464 1.724583 -0.395382 -1.051784 0.640952 0.538280 1.518796
Cleaner_Face_A.dds
6 -0.013718 -0.092195 1.729424 -0.570068 -0.777353 0.862635 0.528157 1.534128
6 -0.010187 -0.093154 1.732379 -1.054945 -0.709627 0.238573 0.523061 1.541804
6 -0.013377 -0.091706 1.730517 -0.617293 -1.121637 -0.185137 0.527656 1.537607
Cleaner_Face_A.dds
18 -0.021156 -0.094276 1.737725 0.154413 -1.226731 0.380371 0.549962 1.565432
18 -0.020270 -0.094457 1.734054 0.071065 -1.091124 -0.691227 0.550247 1.558902
6 -0.013167 -0.092463 1.732177 0.025531 -1.281653 -0.173520 0.528319 1.543735
Cleaner_Face_A.dds
6 0.045344 -0.087706 1.732221 0.578244 -0.973712 -0.625230 0.413243 1.546090
6 0.045534 -0.085968 1.731040 0.054470 -1.281157 -0.170483 0.413858 1.534266
6 0.052182 -0.083154 1.729921 0.661808 -1.105340 0.116742 0.401827 1.532481
Cleaner_Face_A.dds
6 -0.013167 -0.092463 1.732177 0.025531 -1.281653 -0.173520 0.528319 1.543735
6 -0.014470 -0.091720 1.731084 -0.263871 -0.891442 -0.899499 0.529664 1.539413
6 -0.013377 -0.091706 1.730517 -0.617293 -1.121637 -0.185137 0.527656 1.537607
Cleaner_Face_A.dds
6 -0.044889 -0.087931 1.729275 -0.399786 -0.983469 -0.739159 0.587213 1.533736
6 -0.047331 -0.088858 1.731297 -0.962154 -0.814989 -0.288874 0.590113 1.540172
6 -0.051417 -0.083290 1.728773 -0.845699 -0.978122 0.038289 0.598413 1.532585
Cleaner_Face_A.dds
6 0.044803 -0.088938 1.735465 0.949836 -0.872673 -0.098229 0.416106 1.555866
6 0.043285 -0.090747 1.739372 0.425084 -1.167763 -0.359205 0.419856 1.568500
17 0.041557 -0.093106 1.738110 0.729493 -1.035242 0.263644 0.421715 1.565547
Cleaner_Face_A.dds
6 -0.044064 -0.088342 1.728319 -0.350477 -1.047800 0.672813 0.585642 1.530692
6 -0.044889 -0.087931 1.729275 -0.399786 -0.983469 -0.739159 0.587213 1.533736
6 -0.051417 -0.083290 1.728773 -0.845699 -0.978122 0.038289 0.598413 1.532585
Cleaner_Face_A.dds
21 0.039260 -0.092800 1.727239 0.366800 -1.115874 0.541921 0.424769 1.524227
6 0.046536 -0.087150 1.723283 0.532243 -1.119465 0.370015 0.413496 1.507800
6 0.044388 -0.087166 1.730067 0.337061 -0.957967 0.801301 0.416555 1.531168
Cleaner_Face_A.dds
6 0.013581 -0.092439 1.729707 0.399933 -0.981535 0.741646 0.469407 1.537529
6 0.013276 -0.092163 1.730667 0.347188 -1.236597 0.153895 0.469869 1.540587
6 0.009275 -0.093006 1.731774 0.881790 -0.871134 0.370089 0.475238 1.541564
Cleaner_Face_A.dds
6 0.009275 -0.093006 1.731774 0.881790 -0.871134 0.370089 0.475238 1.541564
6 0.013276 -0.092163 1.730667 0.347188 -1.236597 0.153895 0.469869 1.540587
6 0.014632 -0.091326 1.734390 -0.513367 -1.066106 0.522751 0.468632 1.550416
Cleaner_Face_A.dds
6 -0.013167 -0.092463 1.732177 0.025531 -1.281653 -0.173520 0.528319 1.543735
18 -0.020270 -0.094457 1.734054 0.071065 -1.091124 -0.691227 0.550247 1.558902
6 -0.014470 -0.091720 1.731084 -0.263871 -0.891442 -0.899499 0.529664 1.539413
Cleaner_Face_A.dds
6 -0.047331 -0.088858 1.731297 -0.962154 -0.814989 -0.288874 0.590113 1.540172
6 -0.044385 -0.090356 1.729887 -0.481537 -0.673605 -0.993868 0.584594 1.539180
18 -0.041953 -0.094454 1.733613 -0.672919 -1.086963 0.197701 0.580068 1.553904
Cleaner_Face_A.dds
6 -0.058252 -0.085079 1.745115 -1.103900 -0.672899 -0.044792 0.598070 1.590080
6 -0.051054 -0.083459 1.730138 -0.984738 -0.808360 -0.224142 0.597731 1.536928
6 -0.052440 -0.093062 1.739030 -0.737750 -0.877329 -0.599511 0.592775 1.565159
Cleaner_Face_A.dds
6 0.047583 -0.085867 1.732892 0.757221 -1.042138 -0.118157 0.410516 1.549169
6 0.052101 -0.083399 1.732333 0.784199 -0.928642 -0.442777 0.399891 1.546428
6 0.043285 -0.090747 1.739372 0.425084 -1.167763 -0.359205 0.419856 1.568500
Cleaner_Face_A.dds
17 0.021143 -0.094343 1.739692 -0.301888 -1.151318 0.506680 0.457822 1.563418
6 0.014444 -0.089292 1.738136 -0.134603 -1.265371 0.232623 0.464611 1.561849
6 0.014632 -0.091326 1.734390 -0.513367 -1.066106 0.522751 0.468632 1.550416
Cleaner_Face_A.dds
19 0.011556 -0.112705 1.749076 0.069486 -1.067953 -0.726667 0.467978 1.595367
6 -0.000883 -0.111995 1.753704 -0.000756 -1.288110 -0.119024 0.500218 1.613016
19 0.006580 -0.107719 1.746474 0.829869 -0.818120 -0.561597 0.484001 1.592592
Cleaner_Face_A.dds
6 -0.042596 -0.092919 1.735934 -0.459258 -1.201877 -0.134051 0.581092 1.557736
6 -0.023044 -0.093690 1.740957 -0.043065 -1.125362 -0.636476 0.545422 1.574275
20 -0.042923 -0.102507 1.749735 -0.563303 -1.124212 -0.303699 0.571507 1.600289
Cleaner_Face_A.dds
6 0.023535 -0.092929 1.743444 -0.016702 -1.040723 -0.768123 0.451309 1.576924
6 0.043285 -0.090747 1.739372 0.425084 -1.167763 -0.359205 0.419856 1.568500
19 0.040347 -0.105049 1.749622 0.590480 -1.078175 -0.402823 0.418637 1.591987
Cleaner_Face_A.dds
18 -0.041953 -0.094454 1.733613 -0.672919 -1.086963 0.197701 0.580068 1.553904
18 -0.040905 -0.095339 1.732436 -0.167820 -1.051988 -0.733862 0.578948 1.549510
18 -0.021156 -0.094276 1.737725 0.154413 -1.226731 0.380371 0.549962 1.565432
Cleaner_Face_A.dds
18 -0.021156 -0.094276 1.737725 0.154413 -1.226731 0.380371 0.549962 1.565432
6 -0.023044 -0.093690 1.740957 -0.043065 -1.125362 -0.636476 0.545422 1.574275
6 -0.042596 -0.092919 1.735934 -0.459258 -1.201877 -0.134051 0.581092 1.557736
Cleaner_Face_A.dds
6 0.043285 -0.090747 1.739372 0.425084 -1.167763 -0.359205 0.419856 1.568500
17 0.021143 -0.094343 1.739692 -0.301888 -1.151318 0.506680 0.457822 1.563418
17 0.041557 -0.093106 1.738110 0.729493 -1.035242 0.263644 0.421715 1.565547
Cleaner_Face_A.dds
17 0.021143 -0.094343 1.739692 -0.301888 -1.151318 0.506680 0.457822 1.563418
6 0.043285 -0.090747 1.739372 0.425084 -1.167763 -0.359205 0.419856 1.568500
6 0.023535 -0.092929 1.743444 -0.016702 -1.040723 -0.768123 0.451309 1.576924
Cleaner_Face_A.dds
6 0.083343 0.008537 1.675141 1.160147 -0.163813 -0.548288 0.216141 1.438904
6 0.072436 -0.016503 1.669140 1.268205 -0.211809 -0.142086 0.272262 1.402672
6 0.069641 -0.010784 1.661225 1.137878 0.172004 -0.590799 0.257554 1.391484
Cleaner_Face_A.dds
6 0.077888 0.012326 1.668566 0.597045 0.632939 -0.957246 0.211485 1.432160
6 0.069641 -0.010784 1.661225 1.137878 0.172004 -0.590799 0.257554 1.391484
6 0.070027 0.013588 1.667767 0.739858 0.488195 -0.942163 0.207802 1.429076
Cleaner_Face_A.dds
6 0.070027 0.013588 1.667767 0.739858 0.488195 -0.942163 0.207802 1.429076
6 0.079895 0.025590 1.688932 0.790430 0.800029 -0.639194 0.192296 1.469476
6 0.077888 0.012326 1.668566 0.597045 0.632939 -0.957246 0.211485 1.432160
Cleaner_Face_A.dds
6 0.096387 0.028490 1.719306 1.162944 0.547930 0.143971 0.200396 1.538780
6 0.088891 0.032843 1.720914 1.036416 0.765273 -0.116594 0.196638 1.539782
6 0.087297 0.027381 1.730607 1.145440 0.277104 0.533457 0.203727 1.561285
Cleaner_Face_A.dds
6 0.088891 0.032843 1.720914 1.036416 0.765273 -0.116594 0.196638 1.539782
6 0.096387 0.028490 1.719306 1.162944 0.547930 0.143971 0.200396 1.538780
6 0.086136 0.024703 1.688959 0.726690 0.892558 -0.590472 0.200889 1.476235
Cleaner_Face_A.dds
6 0.089083 0.014758 1.730480 1.007254 -0.408238 0.701553 0.217803 1.570673
6 0.093200 0.024079 1.729278 1.080529 -0.016866 0.711033 0.206869 1.558146
6 0.087297 0.027381 1.730607 1.145440 0.277104 0.533457 0.203727 1.561285
Cleaner_Face_A.dds
6 0.093200 0.024079 1.729278 1.080529 -0.016866 0.711033 0.206869 1.558146
6 0.093222 0.021306 1.720023 1.141290 -0.604558 0.073231 0.210387 1.536513
6 0.096387 0.028490 1.719306 1.162944 0.547930 0.143971 0.200396 1.538780
Cleaner_Face_A.dds
6 0.093200 0.024079 1.729278 1.080529 -0.016866 0.711033 0.206869 1.558146
6 0.096387 0.028490 1.719306 1.162944 0.547930 0.143971 0.200396 1.538780
6 0.087297 0.027381 1.730607 1.145440 0.277104 0.533457 0.203727 1.561285
Cleaner_Face_A.dds
6 0.083343 0.008537 1.675141 1.160147 -0.163813 -0.548288 0.216141 1.438904
6 0.069641 -0.010784 1.661225 1.137878 0.172004 -0.590799 0.257554 1.391484
6 0.077888 0.012326 1.668566 0.597045 0.632939 -0.957246 0.211485 1.432160
Cleaner_Face_A.dds
6 0.077888 0.012326 1.668566 0.597045 0.632939 -0.957246 0.211485 1.432160
6 0.086136 0.024703 1.688959 0.726690 0.892558 -0.590472 0.200889 1.476235
6 0.083343 0.008537 1.675141 1.160147 -0.163813 -0.548288 0.216141 1.438904
Cleaner_Face_A.dds
6 0.091398 0.015534 1.689594 1.233275 -0.256908 -0.293983 0.206913 1.477181
6 0.086136 0.024703 1.688959 0.726690 0.892558 -0.590472 0.200889 1.476235
6 0.096387 0.028490 1.719306 1.162944 0.547930 0.143971 0.200396 1.538780
Cleaner_Face_A.dds
6 0.085271 0.008259 1.731755 1.222937 -0.417371 0.060188 0.228492 1.580201
6 0.087456 0.010871 1.725125 1.156151 -0.579541 0.028999 0.225438 1.561366
6 0.089083 0.014758 1.730480 1.007254 -0.408238 0.701553 0.217803 1.570673
Cleaner_Face_A.dds
6 0.093222 0.021306 1.720023 1.141290 -0.604558 0.073231 0.210387 1.536513
6 0.077839 -0.000961 1.687279 1.138082 -0.613045 -0.048390 0.252543 1.467479
6 0.091398 0.015534 1.689594 1.233275 -0.256908 -0.293983 0.206913 1.477181
Cleaner_Face_A.dds
6 0.077839 -0.000961 1.687279 1.138082 -0.613045 -0.048390 0.252543 1.467479
6 0.087456 0.010871 1.725125 1.156151 -0.579541 0.028999 0.225438 1.561366
6 0.076118 -0.016077 1.719654 1.224337 -0.417577 -0.004867 0.275437 1.545461
Cleaner_Face_A.dds
6 0.091398 0.015534 1.689594 1.233275 -0.256908 -0.293983 0.206913 1.477181
6 0.077839 -0.000961 1.687279 1.138082 -0.613045 -0.048390 0.252543 1.467479
6 0.083343 0.008537 1.675141 1.160147 -0.163813 -0.548288 0.216141 1.438904
Cleaner_Face_A.dds
6 0.086136 0.024703 1.688959 0.726690 0.892558 -0.590472 0.200889 1.476235
6 0.091398 0.015534 1.689594 1.233275 -0.256908 -0.293983 0.206913 1.477181
6 0.083343 0.008537 1.675141 1.160147 -0.163813 -0.548288 0.216141 1.438904
Cleaner_Face_A.dds
6 0.093222 0.021306 1.720023 1.141290 -0.604558 0.073231 0.210387 1.536513
6 0.091398 0.015534 1.689594 1.233275 -0.256908 -0.293983 0.206913 1.477181
6 0.096387 0.028490 1.719306 1.162944 0.547930 0.143971 0.200396 1.538780
Cleaner_Face_A.dds
6 0.079895 0.025590 1.688932 0.790430 0.800029 -0.639194 0.192296 1.469476
6 0.086136 0.024703 1.688959 0.726690 0.892558 -0.590472 0.200889 1.476235
6 0.077888 0.012326 1.668566 0.597045 0.632939 -0.957246 0.211485 1.432160
Cleaner_Face_A.dds
6 0.093222 0.021306 1.720023 1.141290 -0.604558 0.073231 0.210387 1.536513
6 0.087456 0.010871 1.725125 1.156151 -0.579541 0.028999 0.225438 1.561366
6 0.077839 -0.000961 1.687279 1.138082 -0.613045 -0.048390 0.252543 1.467479
Cleaner_Face_A.dds
6 0.093200 0.024079 1.729278 1.080529 -0.016866 0.711033 0.206869 1.558146
6 0.089083 0.014758 1.730480 1.007254 -0.408238 0.701553 0.217803 1.570673
6 0.093222 0.021306 1.720023 1.141290 -0.604558 0.073231 0.210387 1.536513
Cleaner_Face_A.dds
6 0.093222 0.021306 1.720023 1.141290 -0.604558 0.073231 0.210387 1.536513
6 0.089083 0.014758 1.730480 1.007254 -0.408238 0.701553 0.217803 1.570673
6 0.087456 0.010871 1.725125 1.156151 -0.579541 0.028999 0.225438 1.561366
Cleaner_Face_A.dds
6 0.077839 -0.000961 1.687279 1.138082 -0.613045 -0.048390 0.252543 1.467479
6 0.072436 -0.016503 1.669140 1.268205 -0.211809 -0.142086 0.272262 1.402672
6 0.083343 0.008537 1.675141 1.160147 -0.163813 -0.548288 0.216141 1.438904
Cleaner_Face_A.dds
6 0.087456 0.010871 1.725125 1.156151 -0.579541 0.028999 0.225438 1.561366
6 0.085271 0.008259 1.731755 1.222937 -0.417371 0.060188 0.228492 1.580201
6 0.076118 -0.016077 1.719654 1.224337 -0.417577 -0.004867 0.275437 1.545461
Cleaner_Face_A.dds
6 0.090182 0.029262 1.733535 1.204852 -0.199656 -0.426457 0.205776 1.579931
6 0.087297 0.027381 1.730607 1.145440 0.277104 0.533457 0.203727 1.561285
6 0.088389 0.038229 1.724460 1.279961 0.042887 -0.182361 0.191741 1.562972
Cleaner_Face_A.dds
6 0.089083 0.014758 1.730480 1.007254 -0.408238 0.701553 0.217803 1.570673
6 0.087297 0.027381 1.730607 1.145440 0.277104 0.533457 0.203727 1.561285
6 0.085271 0.008259 1.731755 1.222937 -0.417371 0.060188 0.228492 1.580201
Cleaner_Face_A.dds
6 0.085271 0.008259 1.731755 1.222937 -0.417371 0.060188 0.228492 1.580201
6 0.087297 0.027381 1.730607 1.145440 0.277104 0.533457 0.203727 1.561285
6 0.090182 0.029262 1.733535 1.204852 -0.199656 -0.426457 0.205776 1.579931
Cleaner_Face_A.dds
6 0.089257 0.005355 1.763600 1.216761 -0.435078 -0.059963 0.244025 1.645737
6 0.085271 0.008259 1.731755 1.222937 -0.417371 0.060188 0.228492 1.580201
6 0.091260 0.034086 1.765254 1.287712 0.092691 0.081257 0.195791 1.631737
Cleaner_Face_A.dds
6 -0.095868 0.036542 1.723748 -0.558596 0.975877 0.639555 0.790312 1.572848
6 -0.098434 0.033217 1.729091 -1.104078 0.558814 0.377008 0.786670 1.585857
6 -0.089392 0.038898 1.718664 -0.658550 1.104154 -0.143359 0.809722 1.558743
Cleaner_Face_A.dds
6 -0.089392 0.038898 1.718664 -0.658550 1.104154 -0.143359 0.809722 1.558743
6 -0.098434 0.033217 1.729091 -1.104078 0.558814 0.377008 0.786670 1.585857
6 -0.097712 0.035622 1.731779 -1.249531 -0.002079 -0.334757 0.789766 1.592580
Cleaner_Face_A.dds
6 0.069641 -0.010784 1.661225 1.137878 0.172004 -0.590799 0.257554 1.391484
6 0.071152 -0.015317 1.645910 1.276127 0.103908 -0.184654 0.279166 1.357933
6 0.068373 0.000206 1.651686 1.277820 0.166156 -0.113858 0.246232 1.367636
Cleaner_Face_A.dds
6 0.066356 0.015925 1.664690 1.235289 0.068617 -0.377821 0.224009 1.394351
6 0.068373 0.000206 1.651686 1.277820 0.166156 -0.113858 0.246232 1.367636
6 0.067660 0.022888 1.651228 1.278424 -0.157881 -0.118742 0.193516 1.377326
Cleaner_Face_A.dds
6 0.044524 0.012366 1.862312 0.759688 -0.309865 1.000127 0.343410 1.910369
6 -0.000187 0.046254 1.861230 -0.010440 0.640214 1.124016 0.001398 1.999236
6 -0.000187 0.009635 1.868450 0.044962 -0.061553 1.291350 0.479778 1.998479
Cleaner_Face_A.dds
6 -0.034739 0.069163 1.828249 -0.526914 0.720447 0.936330 0.918171 1.840432
6 -0.046027 0.045755 1.839098 -0.723105 0.601495 0.888098 0.802920 1.874020
6 -0.000187 0.046254 1.861230 -0.010440 0.640214 1.124016 1.003180 1.998675
Cleaner_Face_A.dds
6 -0.000187 0.009635 1.868450 0.044962 -0.061553 1.291350 0.479778 1.998479
6 -0.000187 0.046254 1.861230 -0.010440 0.640214 1.124016 1.003180 1.998675
6 -0.040778 0.014387 1.865840 -0.730829 -0.287724 1.027861 0.644439 1.927310
Cleaner_Face_A.dds
6 -0.000883 -0.109132 1.768449 0.002718 -1.254773 0.314538 0.502081 1.666310
6 0.012278 -0.102925 1.794392 0.398962 -1.102978 0.545587 0.476124 1.739501
6 -0.014776 -0.102914 1.795112 -0.358104 -1.112532 0.554463 0.519889 1.741645
Cleaner_Face_A.dds
6 0.027535 -0.046488 1.836567 0.657437 -0.599136 0.939260 0.430418 1.840166
6 0.048590 -0.062062 1.809958 0.810668 -0.695929 0.729311 0.403333 1.776103
6 0.050221 -0.040390 1.821201 0.946064 -0.305434 0.827688 0.379420 1.804166
Cleaner_Face_A.dds
6 0.049299 -0.086918 1.761142 0.925613 -0.816757 0.386710 0.400138 1.632615
19 0.019736 -0.111424 1.760905 0.395293 -1.148915 0.443997 0.458277 1.638496
19 0.040347 -0.105049 1.749622 0.590480 -1.078175 -0.402823 0.418637 1.591987
Cleaner_Face_A.dds
6 0.012278 -0.102925 1.794392 0.398962 -1.102978 0.545587 0.476124 1.739501
19 0.021742 -0.104708 1.770480 0.529469 -1.112110 0.395311 0.465060 1.671252
6 0.050743 -0.083056 1.779367 0.899709 -0.872574 0.320209 0.403010 1.702995
Cleaner_Face_A.dds
6 0.058738 -0.074632 1.732515 1.141492 -0.606320 0.052618 0.379847 1.542874
6 0.066705 -0.044537 1.715499 1.255504 -0.309999 0.031716 0.328590 1.518999
6 0.062993 -0.063860 1.757617 1.212153 -0.448147 0.056960 0.353967 1.615088
Cleaner_Face_A.dds
6 0.050743 -0.083056 1.779367 0.899709 -0.872574 0.320209 0.403010 1.702995
19 0.021742 -0.104708 1.770480 0.529469 -1.112110 0.395311 0.465060 1.671252
6 0.049299 -0.086918 1.761142 0.925613 -0.816757 0.386710 0.400138 1.632615
Cleaner_Face_A.dds
6 0.049299 -0.086918 1.761142 0.925613 -0.816757 0.386710 0.400138 1.632615
6 0.057868 -0.082172 1.746081 1.139190 -0.611950 0.034048 0.378582 1.586213
6 0.062993 -0.063860 1.757617 1.212153 -0.448147 0.056960 0.353967 1.615088
Cleaner_Face_A.dds
20 -0.021503 -0.110517 1.760905 -0.375906 -1.197658 0.312580 0.531229 1.641140
6 -0.000883 -0.109132 1.768449 0.002718 -1.254773 0.314538 0.502081 1.666310
20 -0.021738 -0.106888 1.769510 -0.438557 -1.167341 0.344062 0.533400 1.670269
Cleaner_Face_A.dds
20 -0.021503 -0.110517 1.760905 -0.375906 -1.197658 0.312580 0.531229 1.641140
6 -0.047050 -0.093813 1.760524 -0.784025 -0.978653 0.317710 0.581882 1.632616
20 -0.042923 -0.102507 1.749735 -0.563303 -1.124212 -0.303699 0.571507 1.600289
Cleaner_Face_A.dds
20 -0.021738 -0.106888 1.769510 -0.438557 -1.167341 0.344062 0.533400 1.670269
6 -0.047050 -0.093813 1.760524 -0.784025 -0.978653 0.317710 0.581882 1.632616
20 -0.021503 -0.110517 1.760905 -0.375906 -1.197658 0.312580 0.531229 1.641140
Cleaner_Face_A.dds
20 -0.042923 -0.102507 1.749735 -0.563303 -1.124212 -0.303699 0.571507 1.600289
6 -0.047050 -0.093813 1.760524 -0.784025 -0.978653 0.317710 0.581882 1.632616
6 -0.058252 -0.085079 1.745115 -1.103900 -0.672899 -0.044792 0.598070 1.590080
Cleaner_Face_A.dds
6 0.067660 0.022888 1.651228 1.278424 -0.157881 -0.118742 0.193516 1.377326
6 0.075163 0.059538 1.662141 1.190630 0.210271 -0.459979 0.123620 1.403798
6 0.075659 0.031062 1.683208 1.204518 -0.015664 -0.471472 0.185996 1.461226
Cleaner_Face_A.dds
6 0.080567 0.087290 1.706029 1.143350 0.566060 -0.213825 0.102731 1.515793
6 0.049825 0.089390 1.647805 0.611452 0.952477 -0.626346 0.053433 1.397270
6 0.044286 0.116894 1.697784 0.626120 1.100918 -0.263341 0.037751 1.517223
Cleaner_Face_A.dds
6 0.075163 0.059538 1.662141 1.190630 0.210271 -0.459979 0.123620 1.403798
6 0.049825 0.089390 1.647805 0.611452 0.952477 -0.626346 0.053433 1.397270
6 0.080567 0.087290 1.706029 1.143350 0.566060 -0.213825 0.102731 1.515793
Cleaner_Face_A.dds
6 -0.000102 0.087914 1.623962 0.028797 1.043986 -0.763321 0.001367 1.333617
6 -0.000162 0.096689 1.638575 0.018866 1.098659 -0.682633 0.000975 1.382190
6 0.049825 0.089390 1.647805 0.611452 0.952477 -0.626346 0.053433 1.397270
Cleaner_Face_A.dds
6 -0.000142 0.134132 1.727084 0.035750 1.292768 0.029469 0.000350 1.587178
6 0.044286 0.116894 1.697784 0.626120 1.100918 -0.263341 0.037751 1.517223
6 -0.000148 0.129574 1.689749 0.033261 1.194687 -0.494986 0.000395 1.515581
Cleaner_Face_A.dds
6 -0.000142 0.134132 1.727084 0.035750 1.292768 0.029469 1.000350 1.587178
6 -0.000148 0.129574 1.689749 0.033261 1.194687 -0.494986 1.000395 1.515581
6 -0.048940 0.119299 1.699182 -0.572683 1.119825 -0.302360 0.930729 1.494794
Cleaner_Face_A.dds
6 -0.080924 0.089326 1.708567 -1.047204 0.720186 -0.241021 0.873225 1.510050
6 -0.080072 0.095089 1.743289 -0.956304 0.830411 0.263240 0.878016 1.586537
6 -0.050999 0.122493 1.729949 -0.590845 1.143725 0.127242 0.928268 1.556600
Cleaner_Face_A.dds
6 0.005709 -0.109364 1.736749 0.920998 -0.830105 0.368895 0.487496 1.554762
6 -0.002072 -0.128945 1.723266 -0.017405 -0.811080 1.007592 0.499657 1.482165
6 0.006337 -0.126915 1.720712 1.038568 -0.419204 0.647333 0.488464 1.480863
Cleaner_Face_A.dds
6 0.010657 -0.101029 1.720582 0.820168 -0.682864 0.731038 0.474434 1.511352
6 0.017537 -0.095033 1.723344 0.255748 -1.156099 0.520984 0.461630 1.515134
6 0.009275 -0.093006 1.731774 0.881790 -0.871134 0.370089 0.475238 1.541564
Cleaner_Face_A.dds
6 0.007785 -0.124079 1.680347 0.444833 -1.118014 0.474936 0.480484 1.390870
14 0.025068 -0.114180 1.671288 0.745409 -1.021225 0.273606 0.447891 1.367334
6 0.012772 -0.115664 1.687310 0.848731 -0.968272 -0.124497 0.468271 1.399911
Cleaner_Face_A.dds
14 -0.000898 -0.132159 1.664580 0.001478 -1.184496 -0.519965 0.501558 1.341626
14 0.013953 -0.128083 1.666338 0.611694 -1.134634 -0.108774 0.471322 1.350747
14 0.002424 -0.129490 1.669788 0.121700 -1.173270 0.531058 0.492223 1.361136
Cleaner_Face_A.dds
14 0.002424 -0.129490 1.669788 0.121700 -1.173270 0.531058 0.492223 1.361136
14 -0.007485 -0.124252 1.680481 -0.359625 -1.165954 0.429670 0.518221 1.389616
14 -0.003607 -0.129468 1.669991 -0.130441 -1.174073 0.527194 0.503249 1.361166
Cleaner_Face_A.dds
6 0.079895 0.025590 1.688932 0.790430 0.800029 -0.639194 0.192296 1.469476
6 0.088891 0.032843 1.720914 1.036416 0.765273 -0.116594 0.196638 1.539782
6 0.086136 0.024703 1.688959 0.726690 0.892558 -0.590472 0.200889 1.476235
Cleaner_Face_A.dds
6 0.088891 0.032843 1.720914 1.036416 0.765273 -0.116594 0.196638 1.539782
6 0.079895 0.025590 1.688932 0.790430 0.800029 -0.639194 0.192296 1.469476
6 0.082408 0.035178 1.701380 1.226490 0.100938 -0.398659 0.187564 1.504144
Cleaner_Face_A.dds
6 0.063564 -0.060092 1.790733 1.153380 -0.450547 0.374322 0.368519 1.751245
6 0.050221 -0.040390 1.821201 0.946064 -0.305434 0.827688 0.379420 1.804166
6 0.048590 -0.062062 1.809958 0.810668 -0.695929 0.729311 0.403333 1.776103
Cleaner_Face_A.dds
6 0.062993 -0.063860 1.757617 1.212153 -0.448147 0.056960 0.353967 1.615088
6 0.050743 -0.083056 1.779367 0.899709 -0.872574 0.320209 0.403010 1.702995
6 0.049299 -0.086918 1.761142 0.925613 -0.816757 0.386710 0.400138 1.632615
Cleaner_Face_A.dds
6 -0.058252 -0.085079 1.745115 -1.103900 -0.672899 -0.044792 0.598070 1.590080
6 -0.047050 -0.093813 1.760524 -0.784025 -0.978653 0.317710 0.581882 1.632616
6 -0.048249 -0.089665 1.779435 -0.905956 -0.858832 0.339185 0.585248 1.709384
Cleaner_Face_A.dds
6 -0.063020 -0.064986 1.757426 -1.232124 -0.388223 0.067445 0.631452 1.629901
6 -0.048249 -0.089665 1.779435 -0.905956 -0.858832 0.339185 0.585248 1.709384
6 -0.063771 -0.059694 1.790405 -1.161131 -0.432347 0.371813 0.619029 1.742604
Cleaner_Face_A.dds
6 -0.014776 -0.102914 1.795112 -0.358104 -1.112532 0.554463 0.519889 1.741645
6 0.012278 -0.102925 1.794392 0.398962 -1.102978 0.545587 0.476124 1.739501
6 -0.000191 -0.083452 1.820376 -0.004091 -0.787275 1.026439 0.503718 1.788196
Cleaner_Face_A.dds
6 -0.014776 -0.102914 1.795112 -0.358104 -1.112532 0.554463 0.519889 1.741645
6 -0.000191 -0.083452 1.820376 -0.004091 -0.787275 1.026439 0.503718 1.788196
6 -0.027905 -0.079471 1.817258 -0.512550 -0.788341 0.888373 0.541075 1.784004
Cleaner_Face_A.dds
6 -0.014776 -0.102914 1.795112 -0.358104 -1.112532 0.554463 0.519889 1.741645
6 -0.047543 -0.066532 1.809532 -0.839123 -0.659354 0.731109 0.567546 1.781034
6 -0.048249 -0.089665 1.779435 -0.905956 -0.858832 0.339185 0.585248 1.709384
Cleaner_Face_A.dds
6 -0.000883 -0.109132 1.768449 0.002718 -1.254773 0.314538 0.502081 1.666310
19 0.021742 -0.104708 1.770480 0.529469 -1.112110 0.395311 0.465060 1.671252
6 0.012278 -0.102925 1.794392 0.398962 -1.102978 0.545587 0.476124 1.739501
Cleaner_Face_A.dds
6 -0.000191 -0.083452 1.820376 -0.004091 -0.787275 1.026439 0.503718 1.788196
6 0.027535 -0.046488 1.836567 0.657437 -0.599136 0.939260 0.430418 1.840166
6 -0.000171 -0.049932 1.837517 -0.027336 -0.910781 0.918218 0.497245 1.857446
Cleaner_Face_A.dds
6 0.022862 -0.079264 1.818681 0.499192 -0.803896 0.882017 0.456277 1.782481
6 0.048590 -0.062062 1.809958 0.810668 -0.695929 0.729311 0.403333 1.776103
6 0.027535 -0.046488 1.836567 0.657437 -0.599136 0.939260 0.430418 1.840166
Cleaner_Face_A.dds
6 0.048590 -0.062062 1.809958 0.810668 -0.695929 0.729311 0.403333 1.776103
6 0.022862 -0.079264 1.818681 0.499192 -0.803896 0.882017 0.456277 1.782481
6 0.012278 -0.102925 1.794392 0.398962 -1.102978 0.545587 0.476124 1.739501
Cleaner_Face_A.dds
6 -0.058252 -0.085079 1.745115 -1.103900 -0.672899 -0.044792 0.598070 1.590080
6 -0.048249 -0.089665 1.779435 -0.905956 -0.858832 0.339185 0.585248 1.709384
6 -0.063020 -0.064986 1.757426 -1.232124 -0.388223 0.067445 0.631452 1.629901
Cleaner_Face_A.dds
6 -0.058252 -0.085079 1.745115 -1.103900 -0.672899 -0.044792 0.598070 1.590080
6 -0.063020 -0.064986 1.757426 -1.232124 -0.388223 0.067445 0.631452 1.629901
6 -0.059654 -0.075557 1.732034 -1.076251 -0.713157 0.080538 0.621188 1.551504
Cleaner_Face_A.dds
6 0.050743 -0.083056 1.779367 0.899709 -0.872574 0.320209 0.403010 1.702995
6 0.062993 -0.063860 1.757617 1.212153 -0.448147 0.056960 0.353967 1.615088
6 0.063564 -0.060092 1.790733 1.153380 -0.450547 0.374322 0.368519 1.751245
Cleaner_Face_A.dds
6 0.073188 -0.016537 1.757712 1.175050 -0.538943 0.046833 0.295407 1.636580
6 0.070125 -0.009076 1.799359 1.047119 -0.517030 0.556433 0.308233 1.789991
6 0.063564 -0.060092 1.790733 1.153380 -0.450547 0.374322 0.368519 1.751245
Cleaner_Face_A.dds
6 0.063564 -0.060092 1.790733 1.153380 -0.450547 0.374322 0.368519 1.751245
6 0.048590 -0.062062 1.809958 0.810668 -0.695929 0.729311 0.403333 1.776103
6 0.050743 -0.083056 1.779367 0.899709 -0.872574 0.320209 0.403010 1.702995
Cleaner_Face_A.dds
6 0.012278 -0.102925 1.794392 0.398962 -1.102978 0.545587 0.476124 1.739501
6 0.050743 -0.083056 1.779367 0.899709 -0.872574 0.320209 0.403010 1.702995
6 0.048590 -0.062062 1.809958 0.810668 -0.695929 0.729311 0.403333 1.776103
Cleaner_Face_A.dds
6 -0.049333 -0.041322 1.820816 -0.954970 -0.323033 0.810603 0.598591 1.797518
6 -0.063771 -0.059694 1.790405 -1.161131 -0.432347 0.371813 0.619029 1.742604
6 -0.047543 -0.066532 1.809532 -0.839123 -0.659354 0.731109 0.567546 1.781034
Cleaner_Face_A.dds
6 -0.049333 -0.041322 1.820816 -0.954970 -0.323033 0.810603 0.598591 1.797518
6 -0.047543 -0.066532 1.809532 -0.839123 -0.659354 0.731109 0.567546 1.781034
6 -0.029302 -0.044479 1.836567 -0.679504 -0.585798 0.931940 0.560267 1.837470
Cleaner_Face_A.dds
6 0.069641 -0.010784 1.661225 1.137878 0.172004 -0.590799 0.257554 1.391484
6 0.068373 0.000206 1.651686 1.277820 0.166156 -0.113858 0.246232 1.367636
6 0.066356 0.015925 1.664690 1.235289 0.068617 -0.377821 0.224009 1.394351
Cleaner_Face_A.dds
6 0.066356 0.015925 1.664690 1.235289 0.068617 -0.377821 0.224009 1.394351
6 0.075659 0.031062 1.683208 1.204518 -0.015664 -0.471472 0.185996 1.461226
6 0.070027 0.013588 1.667767 0.739858 0.488195 -0.942163 0.207802 1.429076
Cleaner_Face_A.dds
6 -0.072693 0.054478 1.628643 -1.172265 0.463786 -0.289988 0.848149 1.297236
6 -0.070342 0.023851 1.639416 -1.276625 -0.200132 -0.059764 0.802316 1.305791
6 -0.078945 0.062652 1.660026 -1.202896 0.290047 -0.377240 0.849101 1.397505
Cleaner_Face_A.dds
6 -0.070342 0.023851 1.639416 -1.276625 -0.200132 -0.059764 0.802316 1.305791
6 -0.068368 -0.001258 1.648710 -1.247080 0.159940 -0.304312 0.743862 1.341686
6 -0.070958 0.012149 1.662780 -1.148010 0.152876 -0.576278 0.769177 1.407224
Cleaner_Face_A.dds
6 0.075659 0.031062 1.683208 1.204518 -0.015664 -0.471472 0.185996 1.461226
6 0.075163 0.059538 1.662141 1.190630 0.210271 -0.459979 0.123620 1.403798
6 0.087328 0.046310 1.712341 1.274961 -0.007323 -0.218666 0.180317 1.530030
Cleaner_Face_A.dds
6 0.070027 0.013588 1.667767 0.739858 0.488195 -0.942163 0.207802 1.429076
6 0.075659 0.031062 1.683208 1.204518 -0.015664 -0.471472 0.185996 1.461226
6 0.079895 0.025590 1.688932 0.790430 0.800029 -0.639194 0.192296 1.469476
Cleaner_Face_A.dds
6 -0.090222 0.043604 1.720411 -1.108529 -0.377868 -0.549339 0.818200 1.558713
6 -0.082465 0.037399 1.693785 -1.230172 -0.149890 -0.370952 0.809680 1.483750
6 -0.089392 0.038898 1.718664 -0.658550 1.104154 -0.143359 0.809722 1.558743
Cleaner_Face_A.dds
6 0.088389 0.038229 1.724460 1.279961 0.042887 -0.182361 0.191741 1.562972
6 0.087328 0.046310 1.712341 1.274961 -0.007323 -0.218666 0.180317 1.530030
6 0.083933 0.062032 1.756454 1.238194 0.336886 0.163645 0.136084 1.595579
Cleaner_Face_A.dds
6 0.088891 0.032843 1.720914 1.036416 0.765273 -0.116594 0.196638 1.539782
6 0.088389 0.038229 1.724460 1.279961 0.042887 -0.182361 0.191741 1.562972
6 0.087297 0.027381 1.730607 1.145440 0.277104 0.533457 0.203727 1.561285
Cleaner_Face_A.dds
6 -0.089392 0.038898 1.718664 -0.658550 1.104154 -0.143359 0.809722 1.558743
6 -0.097712 0.035622 1.731779 -1.249531 -0.002079 -0.334757 0.789766 1.592580
6 -0.090222 0.043604 1.720411 -1.108529 -0.377868 -0.549339 0.818200 1.558713
Cleaner_Face_A.dds
6 -0.097712 0.035622 1.731779 -1.249531 -0.002079 -0.334757 0.789766 1.592580
6 -0.100305 0.039280 1.764667 -1.281762 0.077275 0.156559 0.796041 1.641897
6 -0.097418 0.053104 1.720104 -1.239826 -0.151725 -0.336461 0.827582 1.562377
Cleaner_Face_A.dds
6 0.067660 0.022888 1.651228 1.278424 -0.157881 -0.118742 0.193516 1.377326
6 0.066589 0.050572 1.636944 1.168002 0.482487 -0.276358 0.127254 1.353695
6 0.075163 0.059538 1.662141 1.190630 0.210271 -0.459979 0.123620 1.403798
Cleaner_Face_A.dds
6 0.082408 0.035178 1.701380 1.226490 0.100938 -0.398659 0.187564 1.504144
6 0.075659 0.031062 1.683208 1.204518 -0.015664 -0.471472 0.185996 1.461226
6 0.087328 0.046310 1.712341 1.274961 -0.007323 -0.218666 0.180317 1.530030
Cleaner_Face_A.dds
7 -0.075438 -0.012065 1.661748 -1.181566 -0.058997 -0.523273 0.717365 1.389284
6 -0.075412 0.009292 1.665913 -0.427544 0.457568 -1.131916 0.764200 1.410115
6 -0.070958 0.012149 1.662780 -1.148010 0.152876 -0.576278 0.769177 1.407224
Cleaner_Face_A.dds
6 -0.083338 0.030920 1.696186 -0.313636 1.118479 -0.569239 0.806465 1.484104
6 -0.078023 0.023915 1.676449 -0.801877 0.628165 -0.797368 0.796238 1.441886
6 -0.086008 0.023689 1.674262 -0.021913 0.931448 -0.897396 0.785322 1.442071
Cleaner_Face_A.dds
6 -0.078023 0.023915 1.676449 -0.801877 0.628165 -0.797368 0.796238 1.441886
6 -0.070958 0.012149 1.662780 -1.148010 0.152876 -0.576278 0.769177 1.407224
6 -0.075412 0.009292 1.665913 -0.427544 0.457568 -1.131916 0.764200 1.410115
Cleaner_Face_A.dds
6 -0.083338 0.030920 1.696186 -0.313636 1.118479 -0.569239 0.806465 1.484104
6 -0.082465 0.037399 1.693785 -1.230172 -0.149890 -0.370952 0.809680 1.483750
6 -0.078023 0.023915 1.676449 -0.801877 0.628165 -0.797368 0.796238 1.441886
Cleaner_Face_A.dds
6 -0.074695 0.034114 1.675664 -1.223054 -0.101437 -0.408955 0.809566 1.436948
6 -0.070958 0.012149 1.662780 -1.148010 0.152876 -0.576278 0.769177 1.407224
6 -0.078023 0.023915 1.676449 -0.801877 0.628165 -0.797368 0.796238 1.441886
Cleaner_Face_A.dds
6 -0.078023 0.023915 1.676449 -0.801877 0.628165 -0.797368 0.796238 1.441886
6 -0.082465 0.037399 1.693785 -1.230172 -0.149890 -0.370952 0.809680 1.483750
6 -0.074695 0.034114 1.675664 -1.223054 -0.101437 -0.408955 0.809566 1.436948
Cleaner_Face_A.dds
6 -0.097418 0.053104 1.720104 -1.239826 -0.151725 -0.336461 0.827582 1.562377
6 -0.074695 0.034114 1.675664 -1.223054 -0.101437 -0.408955 0.809566 1.436948
6 -0.082465 0.037399 1.693785 -1.230172 -0.149890 -0.370952 0.809680 1.483750
Cleaner_Face_A.dds
6 -0.097418 0.053104 1.720104 -1.239826 -0.151725 -0.336461 0.827582 1.562377
6 -0.082465 0.037399 1.693785 -1.230172 -0.149890 -0.370952 0.809680 1.483750
6 -0.090222 0.043604 1.720411 -1.108529 -0.377868 -0.549339 0.818200 1.558713
Cleaner_Face_A.dds
6 -0.100305 0.039280 1.764667 -1.281762 0.077275 0.156559 0.796041 1.641897
6 -0.096416 0.067880 1.755539 -1.156633 0.515802 0.263712 0.837788 1.614291
6 -0.097418 0.053104 1.720104 -1.239826 -0.151725 -0.336461 0.827582 1.562377
Cleaner_Face_A.dds
6 -0.090222 0.043604 1.720411 -1.108529 -0.377868 -0.549339 0.818200 1.558713
6 -0.097712 0.035622 1.731779 -1.249531 -0.002079 -0.334757 0.789766 1.592580
6 -0.097418 0.053104 1.720104 -1.239826 -0.151725 -0.336461 0.827582 1.562377
Cleaner_Face_A.dds
6 -0.060840 0.003237 1.820084 -0.821053 -0.696922 0.716636 0.687844 1.847057
6 -0.040298 -0.001749 1.842364 -1.042536 -0.535539 0.547461 0.634263 1.878820
6 -0.040778 0.014387 1.865840 -0.730829 -0.287724 1.027861 0.644439 1.927310
Cleaner_Face_A.dds
6 -0.040778 0.014387 1.865840 -0.730829 -0.287724 1.027861 0.644439 1.927310
6 -0.000193 -0.041882 1.853030 -0.001915 -0.770118 1.039380 0.480627 1.901077
6 -0.000187 0.009635 1.868450 0.044962 -0.061553 1.291350 0.479778 1.998479
Cleaner_Face_A.dds
6 -0.000193 -0.041882 1.853030 -0.001915 -0.770118 1.039380 0.480627 1.901077
6 -0.040778 0.014387 1.865840 -0.730829 -0.287724 1.027861 0.644439 1.927310
6 -0.029302 -0.044479 1.836567 -0.679504 -0.585798 0.931940 0.560267 1.837470
Cleaner_Face_A.dds
6 0.044524 0.012366 1.862312 0.759688 -0.309865 1.000127 0.343410 1.910369
6 -0.000187 0.009635 1.868450 0.044962 -0.061553 1.291350 0.479778 1.998479
6 -0.000193 -0.041882 1.853030 -0.001915 -0.770118 1.039380 0.480627 1.901077
Cleaner_Face_A.dds
6 0.072436 -0.016503 1.669140 1.268205 -0.211809 -0.142086 0.272262 1.402672
7 0.069790 -0.029082 1.669487 1.258549 -0.290254 -0.072123 0.309716 1.389492
6 0.071152 -0.015317 1.645910 1.276127 0.103908 -0.184654 0.279166 1.357933
Cleaner_Face_A.dds
6 0.071152 -0.015317 1.645910 1.276127 0.103908 -0.184654 0.279166 1.357933
7 0.069790 -0.029082 1.669487 1.258549 -0.290254 -0.072123 0.309716 1.389492
7 0.065720 -0.036247 1.630601 1.199703 -0.226330 -0.427648 0.314379 1.317942
Cleaner_Face_A.dds
6 -0.081686 -0.001084 1.689793 -1.182693 -0.514968 -0.097163 0.733031 1.474293
7 -0.075438 -0.012065 1.661748 -1.181566 -0.058997 -0.523273 0.717365 1.389284
6 -0.075194 -0.029150 1.670039 -1.267953 -0.225751 -0.121351 0.690528 1.383753
Cleaner_Face_A.dds
6 -0.071950 -0.039268 1.706599 -1.246726 -0.328914 0.104331 0.667665 1.496332
6 -0.075194 -0.029150 1.670039 -1.267953 -0.225751 -0.121351 0.690528 1.383753
6 -0.065586 -0.081324 1.705261 -1.081059 -0.704070 0.094821 0.627502 1.456692
Cleaner_Face_A.dds
6 -0.023044 -0.093690 1.740957 -0.043065 -1.125362 -0.636476 0.545422 1.574275
6 -0.011153 -0.096445 1.739842 -0.742444 -0.682076 -0.810521 0.522837 1.557928
20 -0.012114 -0.112036 1.749099 -0.215194 -1.119355 -0.611663 0.522744 1.594174
Cleaner_Face_A.dds
6 -0.010187 -0.093154 1.732379 -1.054945 -0.709627 0.238573 0.523061 1.541804
20 -0.009138 -0.108617 1.745265 -0.884986 -0.811510 -0.481297 0.512842 1.588698
6 -0.011153 -0.096445 1.739842 -0.742444 -0.682076 -0.810521 0.522837 1.557928
Cleaner_Face_A.dds
6 0.023535 -0.092929 1.743444 -0.016702 -1.040723 -0.768123 0.451309 1.576924
6 0.009165 -0.093232 1.740499 0.645364 -0.767453 -0.817262 0.473958 1.579180
6 0.014444 -0.089292 1.738136 -0.134603 -1.265371 0.232623 0.464611 1.561849
Cleaner_Face_A.dds
6 0.009275 -0.093006 1.731774 0.881790 -0.871134 0.370089 0.475238 1.541564
6 0.014444 -0.089292 1.738136 -0.134603 -1.265371 0.232623 0.464611 1.561849
6 0.009165 -0.093232 1.740499 0.645364 -0.767453 -0.817262 0.473958 1.579180
Cleaner_Face_A.dds
6 0.066705 -0.044537 1.715499 1.255504 -0.309999 0.031716 0.328590 1.518999
7 0.069790 -0.029082 1.669487 1.258549 -0.290254 -0.072123 0.309716 1.389492
6 0.076118 -0.016077 1.719654 1.224337 -0.417577 -0.004867 0.275437 1.545461
Cleaner_Face_A.dds
6 0.077839 -0.000961 1.687279 1.138082 -0.613045 -0.048390 0.252543 1.467479
6 0.076118 -0.016077 1.719654 1.224337 -0.417577 -0.004867 0.275437 1.545461
6 0.072436 -0.016503 1.669140 1.268205 -0.211809 -0.142086 0.272262 1.402672
Cleaner_Face_A.dds
6 -0.021777 -0.110605 1.694958 -1.095863 -0.681380 0.090554 0.538868 1.421633
6 -0.016466 -0.110078 1.709194 -0.916660 -0.742927 0.530272 0.534925 1.439811
6 -0.024422 -0.109316 1.693131 -0.690876 -1.083511 0.148624 0.544457 1.413266
Cleaner_Face_A.dds
6 -0.021777 -0.110605 1.694958 -1.095863 -0.681380 0.090554 0.538868 1.421633
6 -0.024422 -0.109316 1.693131 -0.690876 -1.083511 0.148624 0.544457 1.413266
6 -0.014220 -0.118175 1.686404 -0.781596 -0.980940 -0.316639 0.527630 1.395175
Cleaner_Face_A.dds
6 0.020928 -0.107585 1.692702 0.603944 -1.122848 0.218766 0.452901 1.410863
6 0.019210 -0.108355 1.693751 1.036880 -0.773254 -0.018775 0.461656 1.419826
6 0.012772 -0.115664 1.687310 0.848731 -0.968272 -0.124497 0.468271 1.399911
Cleaner_Face_A.dds
6 0.015616 -0.109669 1.708712 0.875220 -0.834077 0.460110 0.470793 1.446296
6 0.019210 -0.108355 1.693751 1.036880 -0.773254 -0.018775 0.461656 1.419826
6 0.020928 -0.107585 1.692702 0.603944 -1.122848 0.218766 0.452901 1.410863
Cleaner_Face_A.dds
6 0.017537 -0.095033 1.723344 0.255748 -1.156099 0.520984 0.461630 1.515134
6 0.039674 -0.091806 1.718910 0.360029 -1.150754 0.468551 0.425889 1.501715
21 0.039260 -0.092800 1.727239 0.366800 -1.115874 0.541921 0.424769 1.524227
Cleaner_Face_A.dds
21 0.039260 -0.092800 1.727239 0.366800 -1.115874 0.541921 0.424769 1.524227
6 0.039674 -0.091806 1.718910 0.360029 -1.150754 0.468551 0.425889 1.501715
6 0.046536 -0.087150 1.723283 0.532243 -1.119465 0.370015 0.413496 1.507800
Cleaner_Face_A.dds
6 0.046536 -0.087150 1.723283 0.532243 -1.119465 0.370015 0.413496 1.507800
6 0.039674 -0.091806 1.718910 0.360029 -1.150754 0.468551 0.425889 1.501715
6 0.050722 -0.089348 1.718937 0.549336 -1.024955 0.566651 0.408496 1.498083
Cleaner_Face_A.dds
22 -0.036548 -0.093897 1.725788 -0.239966 -1.137812 0.566742 0.572975 1.522174
6 -0.017350 -0.094464 1.724583 -0.395382 -1.051784 0.640952 0.538280 1.518796
6 -0.020432 -0.092920 1.728331 -0.075996 -0.699781 1.085324 0.544138 1.530728
Cleaner_Face_A.dds
22 -0.036548 -0.093897 1.725788 -0.239966 -1.137812 0.566742 0.572975 1.522174
6 -0.046185 -0.089566 1.723842 -0.614668 -1.130418 0.133166 0.584473 1.519094
6 -0.033120 -0.092232 1.718646 -0.324156 -1.240178 0.174003 0.568536 1.502286
Cleaner_Face_A.dds
6 -0.031048 -0.098894 1.712719 -0.423007 -0.917126 0.808295 0.564654 1.481814
6 -0.033120 -0.092232 1.718646 -0.324156 -1.240178 0.174003 0.568536 1.502286
6 -0.048451 -0.088189 1.720043 -0.625745 -1.057981 0.403131 0.590083 1.507800
Cleaner_Face_A.dds
6 0.039674 -0.091806 1.718910 0.360029 -1.150754 0.468551 0.425889 1.501715
6 0.028682 -0.099612 1.713102 0.378479 -0.976371 0.759506 0.454567 1.483010
6 0.050722 -0.089348 1.718937 0.549336 -1.024955 0.566651 0.408496 1.498083
Cleaner_Face_A.dds
6 0.050722 -0.089348 1.718937 0.549336 -1.024955 0.566651 0.408496 1.498083
6 0.028682 -0.099612 1.713102 0.378479 -0.976371 0.759506 0.454567 1.483010
6 0.046362 -0.100361 1.698364 0.645753 -1.111945 0.141338 0.411498 1.444437
Cleaner_Face_A.dds
6 -0.017350 -0.094464 1.724583 -0.395382 -1.051784 0.640952 0.538280 1.518796
6 -0.033120 -0.092232 1.718646 -0.324156 -1.240178 0.174003 0.568536 1.502286
6 -0.031048 -0.098894 1.712719 -0.423007 -0.917126 0.808295 0.564654 1.481814
Cleaner_Face_A.dds
6 -0.017350 -0.094464 1.724583 -0.395382 -1.051784 0.640952 0.538280 1.518796
6 -0.031048 -0.098894 1.712719 -0.423007 -0.917126 0.808295 0.564654 1.481814
6 -0.013836 -0.101448 1.720228 -0.871424 -0.621892 0.726131 0.529506 1.505918
Cleaner_Face_A.dds
6 0.013581 -0.092439 1.729707 0.399933 -0.981535 0.741646 0.469407 1.537529
6 0.017537 -0.095033 1.723344 0.255748 -1.156099 0.520984 0.461630 1.515134
21 0.019456 -0.094140 1.728428 0.026524 -0.815719 1.003640 0.458289 1.531323
Cleaner_Face_A.dds
22 -0.036548 -0.093897 1.725788 -0.239966 -1.137812 0.566742 0.572975 1.522174
6 -0.033120 -0.092232 1.718646 -0.324156 -1.240178 0.174003 0.568536 1.502286
6 -0.017350 -0.094464 1.724583 -0.395382 -1.051784 0.640952 0.538280 1.518796
Cleaner_Face_A.dds
6 -0.042596 -0.092919 1.735934 -0.459258 -1.201877 -0.134051 0.581092 1.557736
6 -0.051054 -0.083459 1.730138 -0.984738 -0.808360 -0.224142 0.597731 1.536928
6 -0.047331 -0.088858 1.731297 -0.962154 -0.814989 -0.288874 0.590113 1.540172
Cleaner_Face_A.dds
6 -0.051417 -0.083290 1.728773 -0.845699 -0.978122 0.038289 0.598413 1.532585
6 -0.047331 -0.088858 1.731297 -0.962154 -0.814989 -0.288874 0.590113 1.540172
6 -0.051054 -0.083459 1.730138 -0.984738 -0.808360 -0.224142 0.597731 1.536928
Cleaner_Face_A.dds
6 -0.042596 -0.092919 1.735934 -0.459258 -1.201877 -0.134051 0.581092 1.557736
6 -0.047331 -0.088858 1.731297 -0.962154 -0.814989 -0.288874 0.590113 1.540172
18 -0.041953 -0.094454 1.733613 -0.672919 -1.086963 0.197701 0.580068 1.553904
Cleaner_Face_A.dds
18 -0.021156 -0.094276 1.737725 0.154413 -1.226731 0.380371 0.549962 1.565432
18 -0.040905 -0.095339 1.732436 -0.167820 -1.051988 -0.733862 0.578948 1.549510
18 -0.020270 -0.094457 1.734054 0.071065 -1.091124 -0.691227 0.550247 1.558902
Cleaner_Face_A.dds
6 -0.042596 -0.092919 1.735934 -0.459258 -1.201877 -0.134051 0.581092 1.557736
18 -0.041953 -0.094454 1.733613 -0.672919 -1.086963 0.197701 0.580068 1.553904
18 -0.021156 -0.094276 1.737725 0.154413 -1.226731 0.380371 0.549962 1.565432
Cleaner_Face_A.dds
6 -0.012600 -0.091510 1.735266 -0.162340 -1.282937 -0.033372 0.530653 1.549662
6 -0.023044 -0.093690 1.740957 -0.043065 -1.125362 -0.636476 0.545422 1.574275
18 -0.021156 -0.094276 1.737725 0.154413 -1.226731 0.380371 0.549962 1.565432
Cleaner_Face_A.dds
6 0.044803 -0.088938 1.735465 0.949836 -0.872673 -0.098229 0.416106 1.555866
6 0.047583 -0.085867 1.732892 0.757221 -1.042138 -0.118157 0.410516 1.549169
6 0.043285 -0.090747 1.739372 0.425084 -1.167763 -0.359205 0.419856 1.568500
Cleaner_Face_A.dds
6 0.047583 -0.085867 1.732892 0.757221 -1.042138 -0.118157 0.410516 1.549169
6 0.045344 -0.087706 1.732221 0.578244 -0.973712 -0.625230 0.413243 1.546090
6 0.052182 -0.083154 1.729921 0.661808 -1.105340 0.116742 0.401827 1.532481
Cleaner_Face_A.dds
6 0.045344 -0.087706 1.732221 0.578244 -0.973712 -0.625230 0.413243 1.546090
6 0.047583 -0.085867 1.732892 0.757221 -1.042138 -0.118157 0.410516 1.549169
6 0.044803 -0.088938 1.735465 0.949836 -0.872673 -0.098229 0.416106 1.555866
Cleaner_Face_A.dds
6 0.044803 -0.088938 1.735465 0.949836 -0.872673 -0.098229 0.416106 1.555866
17 0.041557 -0.093106 1.738110 0.729493 -1.035242 0.263644 0.421715 1.565547
6 0.045344 -0.087706 1.732221 0.578244 -0.973712 -0.625230 0.413243 1.546090
Cleaner_Face_A.dds
17 0.041557 -0.093106 1.738110 0.729493 -1.035242 0.263644 0.421715 1.565547
17 0.039785 -0.094141 1.735423 0.252261 -1.145997 -0.544473 0.423727 1.562870
6 0.045344 -0.087706 1.732221 0.578244 -0.973712 -0.625230 0.413243 1.546090
Cleaner_Face_A.dds
17 0.021143 -0.094343 1.739692 -0.301888 -1.151318 0.506680 0.457822 1.563418
17 0.021851 -0.094382 1.735543 0.079334 -0.993733 -0.824376 0.458026 1.556718
17 0.039785 -0.094141 1.735423 0.252261 -1.145997 -0.544473 0.423727 1.562870
Cleaner_Face_A.dds
17 0.021143 -0.094343 1.739692 -0.301888 -1.151318 0.506680 0.457822 1.563418
17 0.039785 -0.094141 1.735423 0.252261 -1.145997 -0.544473 0.423727 1.562870
17 0.041557 -0.093106 1.738110 0.729493 -1.035242 0.263644 0.421715 1.565547
Cleaner_Face_A.dds
17 0.021851 -0.094382 1.735543 0.079334 -0.993733 -0.824376 0.458026 1.556718
17 0.021143 -0.094343 1.739692 -0.301888 -1.151318 0.506680 0.457822 1.563418
6 0.014056 -0.092907 1.731293 -0.348170 -1.182626 -0.391876 0.468705 1.542581
Cleaner_Face_A.dds
17 0.021143 -0.094343 1.739692 -0.301888 -1.151318 0.506680 0.457822 1.563418
6 0.014632 -0.091326 1.734390 -0.513367 -1.066106 0.522751 0.468632 1.550416
6 0.014056 -0.092907 1.731293 -0.348170 -1.182626 -0.391876 0.468705 1.542581
Cleaner_Face_A.dds
6 0.014632 -0.091326 1.734390 -0.513367 -1.066106 0.522751 0.468632 1.550416
6 0.013276 -0.092163 1.730667 0.347188 -1.236597 0.153895 0.469869 1.540587
6 0.014056 -0.092907 1.731293 -0.348170 -1.182626 -0.391876 0.468705 1.542581
Cleaner_Face_A.dds
6 -0.012600 -0.091510 1.735266 -0.162340 -1.282937 -0.033372 0.530653 1.549662
18 -0.021156 -0.094276 1.737725 0.154413 -1.226731 0.380371 0.549962 1.565432
6 -0.013167 -0.092463 1.732177 0.025531 -1.281653 -0.173520 0.528319 1.543735
Cleaner_Face_A.dds
6 -0.010187 -0.093154 1.732379 -1.054945 -0.709627 0.238573 0.523061 1.541804
6 -0.012600 -0.091510 1.735266 -0.162340 -1.282937 -0.033372 0.530653 1.549662
6 -0.013167 -0.092463 1.732177 0.025531 -1.281653 -0.173520 0.528319 1.543735
Cleaner_Face_A.dds
10 -0.012127 -0.122516 1.661324 0.287917 0.695540 1.052009 0.983205 1.001180
10 -0.000898 -0.123336 1.659593 -0.015773 -0.083655 1.290794 0.938522 1.001174
7 -0.000849 -0.120984 1.649044 -0.018367 0.317702 1.253843 0.937895 1.003846
Cleaner_Face_A.dds
11 0.010343 -0.122516 1.661324 -0.239983 0.689463 1.067916 0.893546 1.002201
7 0.025139 -0.110677 1.649724 -0.591169 0.326472 1.103327 0.896816 1.007284
7 -0.000849 -0.120984 1.649044 -0.018367 0.317702 1.253843 0.937895 1.003846
Cleaner_Face_A.dds
12 -0.012113 -0.122590 1.661242 0.083456 0.137227 -1.283588 0.979094 1.058439
6 -0.001030 -0.120175 1.674042 -0.020383 0.441063 -1.215913 0.938694 1.061168
14 -0.000898 -0.123411 1.659504 0.006134 0.529746 -1.180138 0.939238 1.055945
Cleaner_Face_A.dds
7 -0.000849 -0.120984 1.649044 -0.018367 0.317702 1.253843 0.937895 1.003846
7 -0.025156 -0.110309 1.649624 0.675820 -0.258360 1.072340 0.980174 1.007101
10 -0.012127 -0.122516 1.661324 0.287917 0.695540 1.052009 0.983205 1.001180
Cleaner_Face_A.dds
6 0.022571 -0.112391 1.674543 -0.449995 0.374521 -1.153531 0.895307 1.062088
14 0.010329 -0.122845 1.661242 -0.178771 0.371959 -1.226003 0.899723 1.058439
6 -0.001030 -0.120175 1.674042 -0.020383 0.441063 -1.215913 0.938694 1.061168
Cleaner_Face_A.dds
11 0.025235 -0.112507 1.657776 -0.170331 -1.184699 0.490787 0.880915 1.046778
14 0.010329 -0.122845 1.661242 -0.178771 0.371959 -1.226003 0.899723 1.058439
11 0.027346 -0.110824 1.660543 -1.077577 0.354641 0.621653 0.883008 1.042914
Cleaner_Face_A.dds
6 -0.001030 -0.120175 1.674042 -0.020383 0.441063 -1.215913 0.938694 1.061168
12 -0.012113 -0.122590 1.661242 0.083456 0.137227 -1.283588 0.979094 1.058439
6 -0.020528 -0.112822 1.674524 0.238395 0.494831 -1.171198 0.982160 1.062054
Cleaner_Face_A.dds
7 -0.025156 -0.110309 1.649624 0.675820 -0.258360 1.072340 0.980174 1.007101
12 -0.025734 -0.110749 1.656865 0.055717 -0.828227 0.992134 0.999122 1.010636
10 -0.012127 -0.122516 1.661324 0.287917 0.695540 1.052009 0.983205 1.001180
Cleaner_Face_A.dds
7 -0.000849 -0.120984 1.649044 -0.018367 0.317702 1.253843 0.937895 1.003846
10 -0.000898 -0.123336 1.659593 -0.015773 -0.083655 1.290794 0.938522 1.001174
11 0.010343 -0.122516 1.661324 -0.239983 0.689463 1.067916 0.893546 1.002201
Cleaner_Face_A.dds
14 -0.000898 -0.123411 1.659504 0.006134 0.529746 -1.180138 0.939238 1.055945
6 -0.001030 -0.120175 1.674042 -0.020383 0.441063 -1.215913 0.938694 1.061168
14 0.010329 -0.122845 1.661242 -0.178771 0.371959 -1.226003 0.899723 1.058439
Cleaner_Face_A.dds
6 0.010494 -0.115423 1.673639 0.494420 -0.973304 -0.693991 0.916429 1.060426
6 0.009616 -0.116908 1.657117 0.428215 -1.207660 -0.177718 0.917540 1.033085
6 0.019896 -0.109754 1.658746 1.001243 -0.787846 -0.224067 0.895336 1.034368
Cleaner_Face_A.dds
6 0.019896 -0.109754 1.658746 1.001243 -0.787846 -0.224067 0.895336 1.034368
6 0.021368 -0.107888 1.673939 0.708754 -0.658668 -0.858615 0.893971 1.060978
6 0.010494 -0.115423 1.673639 0.494420 -0.973304 -0.693991 0.916429 1.060426
Cleaner_Face_A.dds
6 -0.000899 -0.118848 1.673563 0.026581 -1.208982 -0.459404 0.938442 1.060287
6 -0.011083 -0.117410 1.657305 -0.380482 -1.228292 -0.141163 0.958560 1.032970
6 -0.000548 -0.118720 1.657274 0.031564 -1.274833 -0.217255 0.937764 1.032927
Cleaner_Face_A.dds
6 -0.020837 -0.110773 1.657886 -0.959356 -0.791419 -0.355932 0.980477 1.033443
6 -0.011750 -0.115928 1.673573 -0.517883 -1.067830 -0.514715 0.960746 1.060305
6 -0.021492 -0.109572 1.673908 -0.801430 -0.730197 -0.705633 0.982431 1.060922
Cleaner_Face_A.dds
6 0.028343 -0.094498 1.672852 0.037261 -0.605363 -1.142603 0.886545 1.055549
6 0.019896 -0.109754 1.658746 1.001243 -0.787846 -0.224067 0.895336 1.034368
6 0.023427 -0.094498 1.660765 -0.288750 -0.405321 1.194041 0.890544 1.034352
Cleaner_Face_A.dds
6 -0.029760 -0.094497 1.672856 -1.181907 -0.438661 -0.289944 0.989620 1.055557
6 -0.026187 -0.094497 1.660764 -0.885465 -0.792912 0.510526 0.990982 1.033963
6 -0.020837 -0.110773 1.657886 -0.959356 -0.791419 -0.355932 0.980477 1.033443
Cleaner_Face_A.dds
6 -0.020837 -0.110773 1.657886 -0.959356 -0.791419 -0.355932 0.980477 1.033443
6 -0.021492 -0.109572 1.673908 -0.801430 -0.730197 -0.705633 0.982431 1.060922
6 -0.029760 -0.094497 1.672856 -1.181907 -0.438661 -0.289944 0.989620 1.055557
Cleaner_Face_A.dds
7 0.020184 -0.108228 1.647932 0.721136 -0.937395 0.524069 0.897463 1.009897
7 0.019137 -0.108488 1.659565 0.762125 -0.584569 0.866511 0.902630 1.025870
7 0.011120 -0.115047 1.659153 0.503014 -0.996573 0.653617 0.918238 1.028997
Cleaner_Face_A.dds
7 0.011120 -0.115047 1.659153 0.503014 -0.996573 0.653617 0.918238 1.028997
7 0.011230 -0.114552 1.651416 0.412342 -1.051262 0.631045 0.917322 1.009177
7 0.020184 -0.108228 1.647932 0.721136 -0.937395 0.524069 0.897463 1.009897
Cleaner_Face_A.dds
7 -0.022884 -0.107598 1.652047 -0.633177 -0.964654 0.584744 0.979479 1.009803
7 -0.013380 -0.115265 1.659124 -0.533248 -0.921232 0.735101 0.956610 1.028955
7 -0.020823 -0.108734 1.659493 -0.761125 -0.519937 0.907607 0.973925 1.026042
Cleaner_Face_A.dds
7 -0.000937 -0.118216 1.659128 -0.008096 -1.158324 0.575860 0.937788 1.028962
7 -0.013965 -0.114445 1.651431 -0.448226 -1.132438 0.435973 0.957542 1.009205
7 -0.000652 -0.117143 1.651213 0.009084 -1.154987 0.582509 0.937340 1.008598
Cleaner_Face_A.dds
7 0.020184 -0.108228 1.647932 0.721136 -0.937395 0.524069 0.897463 1.009897
7 0.022725 -0.094556 1.660103 0.237974 -0.455590 1.187098 0.888190 1.034056
7 0.019137 -0.108488 1.659565 0.762125 -0.584569 0.866511 0.902630 1.025870
Cleaner_Face_A.dds
7 -0.022884 -0.107598 1.652047 -0.633177 -0.964654 0.584744 0.979479 1.009803
7 -0.020823 -0.108734 1.659493 -0.761125 -0.519937 0.907607 0.973925 1.026042
7 -0.025478 -0.094555 1.660254 -0.121903 -0.748004 1.048344 0.985902 1.019210
Cleaner_Face_A.dds
7 0.019137 -0.108488 1.659565 0.762125 -0.584569 0.866511 0.902630 1.025870
7 0.017482 -0.107718 1.660238 -0.489678 0.309801 1.156561 0.904326 1.026829
7 0.010719 -0.114080 1.659826 -0.151015 0.373541 1.229250 0.919473 1.029955
Cleaner_Face_A.dds
7 0.010719 -0.114080 1.659826 -0.151015 0.373541 1.229250 0.919473 1.029955
7 0.011120 -0.115047 1.659153 0.503014 -0.996573 0.653617 0.918238 1.028997
7 0.019137 -0.108488 1.659565 0.762125 -0.584569 0.866511 0.902630 1.025870
Cleaner_Face_A.dds
7 -0.000937 -0.118216 1.659128 -0.008096 -1.158324 0.575860 0.937788 1.028962
7 -0.000937 -0.116313 1.659802 0.053858 0.208508 1.275547 0.937787 1.029921
7 -0.012611 -0.113470 1.659797 0.236286 0.460364 1.185592 0.955401 1.029915
Cleaner_Face_A.dds
7 -0.012611 -0.113470 1.659797 0.236286 0.460364 1.185592 0.955401 1.029915
7 -0.013380 -0.115265 1.659124 -0.533248 -0.921232 0.735101 0.956610 1.028955
7 -0.000937 -0.118216 1.659128 -0.008096 -1.158324 0.575860 0.937788 1.028962
Cleaner_Face_A.dds
7 0.022725 -0.094556 1.660103 0.237974 -0.455590 1.187098 0.888190 1.034056
7 0.022043 -0.092829 1.660777 -0.564427 0.027263 1.163647 0.885925 1.036658
7 0.017482 -0.107718 1.660238 -0.489678 0.309801 1.156561 0.904326 1.026829
Cleaner_Face_A.dds
7 0.017482 -0.107718 1.660238 -0.489678 0.309801 1.156561 0.904326 1.026829
7 0.019137 -0.108488 1.659565 0.762125 -0.584569 0.866511 0.902630 1.025870
7 0.022725 -0.094556 1.660103 0.237974 -0.455590 1.187098 0.888190 1.034056
Cleaner_Face_A.dds
7 -0.020823 -0.108734 1.659493 -0.761125 -0.519937 0.907607 0.973925 1.026042
7 -0.019243 -0.108021 1.660166 0.540269 0.284106 1.140521 0.972226 1.027002
7 -0.024776 -0.092652 1.660928 0.653186 -0.070149 1.114371 0.990141 1.032813
Cleaner_Face_A.dds
7 -0.024776 -0.092652 1.660928 0.653186 -0.070149 1.114371 0.990141 1.032813
7 -0.025478 -0.094555 1.660254 -0.121903 -0.748004 1.048344 0.985902 1.019210
7 -0.020823 -0.108734 1.659493 -0.761125 -0.519937 0.907607 0.973925 1.026042
Cleaner_Face_A.dds
7 0.017482 -0.107718 1.660238 -0.489678 0.309801 1.156561 0.904326 1.026829
7 0.013477 -0.106823 1.648237 -0.631788 0.682422 0.899188 0.915141 1.014215
7 0.010719 -0.114080 1.659826 -0.151015 0.373541 1.229250 0.919473 1.029955
Cleaner_Face_A.dds
7 -0.000905 -0.108159 1.642072 0.005929 0.699432 1.088189 0.937737 1.005435
7 0.010719 -0.114080 1.659826 -0.151015 0.373541 1.229250 0.919473 1.029955
7 0.013477 -0.106823 1.648237 -0.631788 0.682422 0.899188 0.915141 1.014215
Cleaner_Face_A.dds
7 -0.000937 -0.116313 1.659802 0.053858 0.208508 1.275547 0.937787 1.029921
7 -0.000905 -0.108159 1.642072 0.005929 0.699432 1.088189 0.937737 1.005435
7 -0.012611 -0.113470 1.659797 0.236286 0.460364 1.185592 0.955401 1.029915
Cleaner_Face_A.dds
7 -0.015988 -0.106223 1.648165 0.616766 0.704400 0.892645 0.961436 1.014113
7 -0.012611 -0.113470 1.659797 0.236286 0.460364 1.185592 0.955401 1.029915
7 -0.000905 -0.108159 1.642072 0.005929 0.699432 1.088189 0.937737 1.005435
Cleaner_Face_A.dds
7 0.022043 -0.092829 1.660777 -0.564427 0.027263 1.163647 0.885925 1.036658
7 0.021184 -0.093573 1.646254 -1.003285 0.349492 0.738018 0.894296 1.011391
7 0.017482 -0.107718 1.660238 -0.489678 0.309801 1.156561 0.904326 1.026829
Cleaner_Face_A.dds
7 0.013477 -0.106823 1.648237 -0.631788 0.682422 0.899188 0.915141 1.014215
7 0.017482 -0.107718 1.660238 -0.489678 0.309801 1.156561 0.904326 1.026829
7 0.021184 -0.093573 1.646254 -1.003285 0.349492 0.738018 0.894296 1.011391
Cleaner_Face_A.dds
7 -0.019243 -0.108021 1.660166 0.540269 0.284106 1.140521 0.972226 1.027002
7 -0.015988 -0.106223 1.648165 0.616766 0.704400 0.892645 0.961436 1.014113
7 -0.024016 -0.093572 1.646404 1.006187 0.367380 0.725269 0.981990 1.011606
Cleaner_Face_A.dds
7 -0.024016 -0.093572 1.646404 1.006187 0.367380 0.725269 0.981990 1.011606
7 -0.024776 -0.092652 1.660928 0.653186 -0.070149 1.114371 0.990141 1.032813
7 -0.019243 -0.108021 1.660166 0.540269 0.284106 1.140521 0.972226 1.027002
Cleaner_Face_A.dds
7 0.013477 -0.106823 1.648237 -0.631788 0.682422 0.899188 0.019140 1.001071
7 0.012480 -0.067632 1.644171 -0.024700 -0.468898 1.205371 0.016069 1.013466
7 -0.000905 -0.108159 1.642072 0.005929 0.699432 1.088189 0.030768 1.000938
Cleaner_Face_A.dds
7 -0.000898 -0.073383 1.643301 -0.008874 -1.080064 -0.711883 0.030748 1.005360
7 -0.000905 -0.108159 1.642072 0.005929 0.699432 1.088189 0.030768 1.000938
7 0.012480 -0.067632 1.644171 -0.024700 -0.468898 1.205371 0.016069 1.013466
Cleaner_Face_A.dds
7 -0.000905 -0.108159 1.642072 0.005929 0.699432 1.088189 0.030768 1.000938
7 -0.000898 -0.073383 1.643301 -0.008874 -1.080064 -0.711883 0.030748 1.005360
7 -0.014845 -0.067032 1.644099 0.028236 -0.468583 1.205416 0.045998 1.013675
Cleaner_Face_A.dds
7 -0.014845 -0.067032 1.644099 0.028236 -0.468583 1.205416 0.045998 1.013675
7 -0.015988 -0.106223 1.648165 0.616766 0.704400 0.892645 0.042963 1.000980
7 -0.000905 -0.108159 1.642072 0.005929 0.699432 1.088189 0.030768 1.000938
Cleaner_Face_A.dds
7 0.021184 -0.093573 1.646254 -1.003285 0.349492 0.738018 0.000515 1.001117
7 0.029249 -0.063134 1.652894 -0.316577 -1.107762 0.588249 0.006387 1.023775
7 0.012480 -0.067632 1.644171 -0.024700 -0.468898 1.205371 0.016069 1.013466
Cleaner_Face_A.dds
7 0.012480 -0.067632 1.644171 -0.024700 -0.468898 1.205371 0.016069 1.013466
7 0.013477 -0.106823 1.648237 -0.631788 0.682422 0.899188 0.019140 1.001071
7 0.021184 -0.093573 1.646254 -1.003285 0.349492 0.738018 0.000515 1.001117
Cleaner_Face_A.dds
7 -0.015988 -0.106223 1.648165 0.616766 0.704400 0.892645 0.042963 1.000980
7 -0.014845 -0.067032 1.644099 0.028236 -0.468583 1.205416 0.045998 1.013675
7 -0.024016 -0.093572 1.646404 1.006187 0.367380 0.725269 0.061302 1.001008
Cleaner_Face_A.dds
7 -0.031512 -0.063133 1.653045 1.077343 -0.657294 0.284063 0.055515 1.023815
7 -0.024016 -0.093572 1.646404 1.006187 0.367380 0.725269 0.061302 1.001008
7 -0.014845 -0.067032 1.644099 0.028236 -0.468583 1.205416 0.045998 1.013675
Cleaner_Face_A.dds
7 0.012480 -0.067632 1.644171 -0.024700 -0.468898 1.205371 0.016069 1.013466
9 0.012403 -0.085119 1.654703 0.775750 -0.979090 -0.336140 0.017410 1.019604
7 -0.000898 -0.073383 1.643301 -0.008874 -1.080064 -0.711883 0.030748 1.005360
Cleaner_Face_A.dds
9 -0.000985 -0.093254 1.654444 -0.007605 -1.222234 -0.423651 0.030835 1.013299
7 -0.000898 -0.073383 1.643301 -0.008874 -1.080064 -0.711883 0.030748 1.005360
9 0.012403 -0.085119 1.654703 0.775750 -0.979090 -0.336140 0.017410 1.019604
Cleaner_Face_A.dds
7 -0.000898 -0.073383 1.643301 -0.008874 -1.080064 -0.711883 0.030748 1.005360
9 -0.000985 -0.093254 1.654444 -0.007605 -1.222234 -0.423651 0.030835 1.013299
9 -0.014918 -0.084519 1.654631 -0.830051 -0.963937 -0.235021 0.044807 1.019513
Cleaner_Face_A.dds
9 -0.014918 -0.084519 1.654631 -0.830051 -0.963937 -0.235021 0.044807 1.019513
7 -0.014845 -0.067032 1.644099 0.028236 -0.468583 1.205416 0.045998 1.013675
7 -0.000898 -0.073383 1.643301 -0.008874 -1.080064 -0.711883 0.030748 1.005360
Cleaner_Face_A.dds
9 0.012403 -0.085119 1.654703 0.775750 -0.979090 -0.336140 0.017410 1.019604
7 0.012480 -0.067632 1.644171 -0.024700 -0.468898 1.205371 0.016069 1.013466
7 0.029249 -0.063134 1.652894 -0.316577 -1.107762 0.588249 0.006387 1.023775
Cleaner_Face_A.dds
7 -0.014845 -0.067032 1.644099 0.028236 -0.468583 1.205416 0.045998 1.013675
9 -0.014918 -0.084519 1.654631 -0.830051 -0.963937 -0.235021 0.044807 1.019513
7 -0.031512 -0.063133 1.653045 1.077343 -0.657294 0.284063 0.055515 1.023815
Cleaner_Face_A.dds
9 0.012403 -0.085119 1.654703 0.775750 -0.979090 -0.336140 0.017410 1.019604
9 0.012414 -0.082521 1.658976 0.718058 -0.719529 0.800042 0.017400 1.023355
9 -0.000971 -0.090783 1.659301 -0.009274 -0.728948 1.068618 0.030821 1.017925
Cleaner_Face_A.dds
9 -0.000971 -0.090783 1.659301 -0.009274 -0.728948 1.068618 0.030821 1.017925
9 -0.000985 -0.093254 1.654444 -0.007605 -1.222234 -0.423651 0.030835 1.013299
9 0.012403 -0.085119 1.654703 0.775750 -0.979090 -0.336140 0.017410 1.019604
Cleaner_Face_A.dds
9 -0.000985 -0.093254 1.654444 -0.007605 -1.222234 -0.423651 0.030835 1.013299
9 -0.000971 -0.090783 1.659301 -0.009274 -0.728948 1.068618 0.030821 1.017925
9 -0.014918 -0.084519 1.654631 -0.830051 -0.963937 -0.235021 0.044807 1.019513
Cleaner_Face_A.dds
9 -0.014908 -0.081921 1.658904 -0.594453 -0.677443 0.927951 0.044796 1.023264
9 -0.014918 -0.084519 1.654631 -0.830051 -0.963937 -0.235021 0.044807 1.019513
9 -0.000971 -0.090783 1.659301 -0.009274 -0.728948 1.068618 0.030821 1.017925
Cleaner_Face_A.dds
7 0.029249 -0.063134 1.652894 -0.316577 -1.107762 0.588249 0.006387 1.023775
7 0.029260 -0.060883 1.660505 0.745212 -0.050767 1.056162 0.006377 1.029475
9 0.012414 -0.082521 1.658976 0.718058 -0.719529 0.800042 0.017400 1.023355
Cleaner_Face_A.dds
9 0.012414 -0.082521 1.658976 0.718058 -0.719529 0.800042 0.017400 1.023355
9 0.012403 -0.085119 1.654703 0.775750 -0.979090 -0.336140 0.017410 1.019604
7 0.029249 -0.063134 1.652894 -0.316577 -1.107762 0.588249 0.006387 1.023775
Cleaner_Face_A.dds
9 -0.014918 -0.084519 1.654631 -0.830051 -0.963937 -0.235021 0.044807 1.019513
9 -0.014908 -0.081921 1.658904 -0.594453 -0.677443 0.927951 0.044796 1.023264
7 -0.031499 -0.060882 1.660656 -0.142539 -0.548337 1.162929 0.055505 1.029665
Cleaner_Face_A.dds
7 -0.031499 -0.060882 1.660656 -0.142539 -0.548337 1.162929 0.055505 1.029665
7 -0.031512 -0.063133 1.653045 1.077343 -0.657294 0.284063 0.055515 1.023815
9 -0.014918 -0.084519 1.654631 -0.830051 -0.963937 -0.235021 0.044807 1.019513
Cleaner_Face_A.dds
9 0.012414 -0.082521 1.658976 0.718058 -0.719529 0.800042 0.017400 1.023355
7 0.012490 -0.070098 1.663045 -0.033713 0.213544 1.275405 0.017324 1.028921
9 -0.000971 -0.090783 1.659301 -0.009274 -0.728948 1.068618 0.030821 1.017925
Cleaner_Face_A.dds
7 -0.000872 -0.071993 1.660216 -0.005293 0.202264 1.277676 0.030722 1.029117
9 -0.000971 -0.090783 1.659301 -0.009274 -0.728948 1.068618 0.030821 1.017925
7 0.012490 -0.070098 1.663045 -0.033713 0.213544 1.275405 0.017324 1.028921
Cleaner_Face_A.dds
9 -0.000971 -0.090783 1.659301 -0.009274 -0.728948 1.068618 0.030821 1.017925
7 -0.000872 -0.071993 1.660216 -0.005293 0.202264 1.277676 0.030722 1.029117
7 -0.014833 -0.069498 1.662973 0.029385 0.214908 1.275283 0.044721 1.029130
Cleaner_Face_A.dds
7 -0.014833 -0.069498 1.662973 0.029385 0.214908 1.275283 0.044721 1.029130
9 -0.014908 -0.081921 1.658904 -0.594453 -0.677443 0.927951 0.044796 1.023264
9 -0.000971 -0.090783 1.659301 -0.009274 -0.728948 1.068618 0.030821 1.017925
Cleaner_Face_A.dds
7 0.012490 -0.070098 1.663045 -0.033713 0.213544 1.275405 0.017324 1.028921
9 0.012414 -0.082521 1.658976 0.718058 -0.719529 0.800042 0.017400 1.023355
7 0.029260 -0.060883 1.660505 0.745212 -0.050767 1.056162 0.006377 1.029475
Cleaner_Face_A.dds
9 -0.014908 -0.081921 1.658904 -0.594453 -0.677443 0.927951 0.044796 1.023264
7 -0.014833 -0.069498 1.662973 0.029385 0.214908 1.275283 0.044721 1.029130
7 -0.031499 -0.060882 1.660656 -0.142539 -0.548337 1.162929 0.055505 1.029665
Cleaner_Face_A.dds
7 0.012490 -0.070098 1.663045 -0.033713 0.213544 1.275405 0.017324 1.028921
6 0.011395 -0.051834 1.654293 0.105764 1.180432 -0.518449 0.017314 1.037863
6 -0.000857 -0.051194 1.652270 -0.038756 0.576033 -1.157618 0.030707 1.037859
Cleaner_Face_A.dds
6 -0.000857 -0.051194 1.652270 -0.038756 0.576033 -1.157618 0.030707 1.037859
7 -0.000872 -0.071993 1.660216 -0.005293 0.202264 1.277676 0.030722 1.029117
7 0.012490 -0.070098 1.663045 -0.033713 0.213544 1.275405 0.017324 1.028921
Cleaner_Face_A.dds
7 -0.000872 -0.071993 1.660216 -0.005293 0.202264 1.277676 0.030722 1.029117
6 -0.000857 -0.051194 1.652270 -0.038756 0.576033 -1.157618 0.030707 1.037859
7 -0.014833 -0.069498 1.662973 0.029385 0.214908 1.275283 0.044721 1.029130
Cleaner_Face_A.dds
6 -0.014825 -0.051234 1.654221 -0.097320 1.176959 -0.527913 0.044710 1.037772
7 -0.014833 -0.069498 1.662973 0.029385 0.214908 1.275283 0.044721 1.029130
6 -0.000857 -0.051194 1.652270 -0.038756 0.576033 -1.157618 0.030707 1.037859
Cleaner_Face_A.dds
7 0.029260 -0.060883 1.660505 0.745212 -0.050767 1.056162 0.006377 1.029475
6 0.022251 -0.052339 1.654039 0.198056 0.528692 -1.163896 0.007539 1.035296
7 0.012490 -0.070098 1.663045 -0.033713 0.213544 1.275405 0.017324 1.028921
Cleaner_Face_A.dds
6 0.011395 -0.051834 1.654293 0.105764 1.180432 -0.518449 0.017314 1.037863
7 0.012490 -0.070098 1.663045 -0.033713 0.213544 1.275405 0.017324 1.028921
6 0.022251 -0.052339 1.654039 0.198056 0.528692 -1.163896 0.007539 1.035296
Cleaner_Face_A.dds
7 -0.014833 -0.069498 1.662973 0.029385 0.214908 1.275283 0.044721 1.029130
6 -0.014825 -0.051234 1.654221 -0.097320 1.176959 -0.527913 0.044710 1.037772
6 -0.024418 -0.052338 1.654190 -0.263091 0.101409 -1.262495 0.054328 1.036235
Cleaner_Face_A.dds
6 -0.024418 -0.052338 1.654190 -0.263091 0.101409 -1.262495 0.054328 1.036235
7 -0.031499 -0.060882 1.660656 -0.142539 -0.548337 1.162929 0.055505 1.029665
7 -0.014833 -0.069498 1.662973 0.029385 0.214908 1.275283 0.044721 1.029130
Cleaner_Face_A.dds
6 -0.000548 -0.118720 1.657274 0.031564 -1.274833 -0.217255 0.937764 1.032927
6 -0.000571 -0.118464 1.656523 0.017303 -0.389424 -1.233469 0.937801 1.032050
6 0.009616 -0.116908 1.657117 0.428215 -1.207660 -0.177718 0.917540 1.033085
Cleaner_Face_A.dds
6 0.019416 -0.109468 1.658128 0.007271 0.166607 -1.282803 0.895370 1.033492
6 0.019896 -0.109754 1.658746 1.001243 -0.787846 -0.224067 0.895336 1.034368
6 0.009039 -0.116887 1.656339 0.330212 -0.410174 -1.181572 0.918492 1.032169
Cleaner_Face_A.dds
6 -0.011083 -0.117410 1.657305 -0.380482 -1.228292 -0.141163 0.958560 1.032970
6 -0.010412 -0.117461 1.656525 -0.281067 -0.479763 -1.168000 0.957576 1.032052
6 -0.000571 -0.118464 1.656523 0.017303 -0.389424 -1.233469 0.937801 1.032050
Cleaner_Face_A.dds
6 -0.000571 -0.118464 1.656523 0.017303 -0.389424 -1.233469 0.937801 1.032050
6 -0.000548 -0.118720 1.657274 0.031564 -1.274833 -0.217255 0.937764 1.032927
6 -0.011083 -0.117410 1.657305 -0.380482 -1.228292 -0.141163 0.958560 1.032970
Cleaner_Face_A.dds
6 0.019896 -0.109754 1.658746 1.001243 -0.787846 -0.224067 0.895336 1.034368
6 0.019416 -0.109468 1.658128 0.007271 0.166607 -1.282803 0.895370 1.033492
6 0.026391 -0.092945 1.660150 0.034516 -0.341049 1.247353 0.891824 1.033088
Cleaner_Face_A.dds
6 0.026391 -0.092945 1.660150 0.034516 -0.341049 1.247353 0.891824 1.033088
6 0.023427 -0.094498 1.660765 -0.288750 -0.405321 1.194041 0.890544 1.034352
6 0.019896 -0.109754 1.658746 1.001243 -0.787846 -0.224067 0.895336 1.034368
Cleaner_Face_A.dds
6 -0.026187 -0.094497 1.660764 -0.885465 -0.792912 0.510526 0.990982 1.033963
6 -0.026198 -0.090625 1.660149 -0.839093 -0.363714 -0.914894 0.991004 1.033087
6 -0.020593 -0.110248 1.657271 -0.318568 0.041381 -1.253075 0.980511 1.032567
Cleaner_Face_A.dds
6 -0.020593 -0.110248 1.657271 -0.318568 0.041381 -1.253075 0.980511 1.032567
6 -0.020837 -0.110773 1.657886 -0.959356 -0.791419 -0.355932 0.980477 1.033443
6 -0.026187 -0.094497 1.660764 -0.885465 -0.792912 0.510526 0.990982 1.033963
Cleaner_Face_A.dds
6 -0.000571 -0.118464 1.656523 0.017303 -0.389424 -1.233469 0.937801 1.032050
6 -0.000981 -0.102415 1.673406 0.002232 0.259775 -1.267244 0.938600 1.059102
6 0.019243 -0.095522 1.673408 -0.463348 0.232954 -1.185089 0.894479 1.059105
Cleaner_Face_A.dds
6 0.019243 -0.095522 1.673408 -0.463348 0.232954 -1.185089 0.894479 1.059105
6 0.019416 -0.109468 1.658128 0.007271 0.166607 -1.282803 0.895370 1.033492
6 0.009039 -0.116887 1.656339 0.330212 -0.410174 -1.181572 0.918492 1.032169
Cleaner_Face_A.dds
6 -0.010412 -0.117461 1.656525 -0.281067 -0.479763 -1.168000 0.957576 1.032052
6 -0.020518 -0.095522 1.673408 0.498866 0.219916 -1.173101 0.981610 1.059105
6 -0.000571 -0.118464 1.656523 0.017303 -0.389424 -1.233469 0.937801 1.032050
Cleaner_Face_A.dds
6 -0.000981 -0.102415 1.673406 0.002232 0.259775 -1.267244 0.938600 1.059102
6 -0.000571 -0.118464 1.656523 0.017303 -0.389424 -1.233469 0.937801 1.032050
6 -0.020518 -0.095522 1.673408 0.498866 0.219916 -1.173101 0.981610 1.059105
Cleaner_Face_A.dds
6 0.019416 -0.109468 1.658128 0.007271 0.166607 -1.282803 0.895370 1.033492
6 0.019243 -0.095522 1.673408 -0.463348 0.232954 -1.185089 0.894479 1.059105
6 0.026391 -0.092945 1.660150 0.034516 -0.341049 1.247353 0.891824 1.033088
Cleaner_Face_A.dds
6 0.029742 -0.066546 1.658861 1.285118 0.009916 0.147545 0.000029 1.033885
6 0.026391 -0.092945 1.660150 0.034516 -0.341049 1.247353 0.000582 1.062029
6 0.022251 -0.052339 1.654039 0.198056 0.528692 -1.163896 0.007539 1.035296
Cleaner_Face_A.dds
6 -0.026198 -0.090625 1.660149 -0.839093 -0.363714 -0.914894 0.061414 1.062029
6 -0.024418 -0.052338 1.654190 -0.263091 0.101409 -1.262495 0.054328 1.036235
6 -0.020518 -0.095522 1.673408 0.498866 0.219916 -1.173101 0.048210 1.062128
Cleaner_Face_A.dds
6 -0.020518 -0.095522 1.673408 0.498866 0.219916 -1.173101 0.981610 1.059105
6 -0.020593 -0.110248 1.657271 -0.318568 0.041381 -1.253075 0.980511 1.032567
6 -0.026198 -0.090625 1.660149 -0.839093 -0.363714 -0.914894 0.991004 1.033087
Cleaner_Face_A.dds
6 -0.000981 -0.102415 1.673406 0.002232 0.259775 -1.267244 0.030834 1.062126
6 -0.000857 -0.051194 1.652270 -0.038756 0.576033 -1.157618 0.030707 1.037859
6 0.019243 -0.095522 1.673408 -0.463348 0.232954 -1.185089 0.012848 1.062128
Cleaner_Face_A.dds
6 0.011395 -0.051834 1.654293 0.105764 1.180432 -0.518449 0.017314 1.037863
6 0.019243 -0.095522 1.673408 -0.463348 0.232954 -1.185089 0.012848 1.062128
6 -0.000857 -0.051194 1.652270 -0.038756 0.576033 -1.157618 0.030707 1.037859
Cleaner_Face_A.dds
6 -0.020518 -0.095522 1.673408 0.498866 0.219916 -1.173101 0.048210 1.062128
6 -0.014825 -0.051234 1.654221 -0.097320 1.176959 -0.527913 0.044710 1.037772
6 -0.000857 -0.051194 1.652270 -0.038756 0.576033 -1.157618 0.030707 1.037859
Cleaner_Face_A.dds
6 -0.000857 -0.051194 1.652270 -0.038756 0.576033 -1.157618 0.030707 1.037859
6 -0.000981 -0.102415 1.673406 0.002232 0.259775 -1.267244 0.030834 1.062126
6 -0.020518 -0.095522 1.673408 0.498866 0.219916 -1.173101 0.048210 1.062128
Cleaner_Face_A.dds
6 0.019243 -0.095522 1.673408 -0.463348 0.232954 -1.185089 0.012848 1.062128
6 0.011395 -0.051834 1.654293 0.105764 1.180432 -0.518449 0.017314 1.037863
6 0.022251 -0.052339 1.654039 0.198056 0.528692 -1.163896 0.007539 1.035296
Cleaner_Face_A.dds
6 0.022251 -0.052339 1.654039 0.198056 0.528692 -1.163896 0.007539 1.035296
6 0.026391 -0.092945 1.660150 0.034516 -0.341049 1.247353 0.000582 1.062029
6 0.019243 -0.095522 1.673408 -0.463348 0.232954 -1.185089 0.012848 1.062128
Cleaner_Face_A.dds
6 -0.032038 -0.082191 1.668686 -0.954041 -0.576314 -0.656553 0.061968 1.033885
6 -0.024418 -0.052338 1.654190 -0.263091 0.101409 -1.262495 0.054328 1.036235
6 -0.026198 -0.090625 1.660149 -0.839093 -0.363714 -0.914894 0.061414 1.062029
Cleaner_Face_A.dds
6 -0.014825 -0.051234 1.654221 -0.097320 1.176959 -0.527913 0.044710 1.037772
6 -0.020518 -0.095522 1.673408 0.498866 0.219916 -1.173101 0.048210 1.062128
6 -0.024418 -0.052338 1.654190 -0.263091 0.101409 -1.262495 0.054328 1.036235
Cleaner_Face_A.dds
6 0.026391 -0.092945 1.660150 0.034516 -0.341049 1.247353 0.000582 1.062029
6 0.029742 -0.066546 1.658861 1.285118 0.009916 0.147545 0.000029 1.033885
7 0.022043 -0.092829 1.660777 -0.564427 0.027263 1.163647 0.003291 1.029511
Cleaner_Face_A.dds
6 0.029742 -0.066546 1.658861 1.285118 0.009916 0.147545 0.000029 1.033885
7 0.029260 -0.060883 1.660505 0.745212 -0.050767 1.056162 0.006377 1.029475
7 0.022043 -0.092829 1.660777 -0.564427 0.027263 1.163647 0.003291 1.029511
Cleaner_Face_A.dds
6 0.029742 -0.066546 1.658861 1.285118 0.009916 0.147545 0.000029 1.033885
6 0.022251 -0.052339 1.654039 0.198056 0.528692 -1.163896 0.007539 1.035296
7 0.029260 -0.060883 1.660505 0.745212 -0.050767 1.056162 0.006377 1.029475
Cleaner_Face_A.dds
7 0.022043 -0.092829 1.660777 -0.564427 0.027263 1.163647 0.885925 1.036658
7 0.029249 -0.063134 1.652894 -0.316577 -1.107762 0.588249 0.880388 1.018527
7 0.021184 -0.093573 1.646254 -1.003285 0.349492 0.738018 0.894296 1.011391
Cleaner_Face_A.dds
7 0.029260 -0.060883 1.660505 0.745212 -0.050767 1.056162 0.876702 1.025791
7 0.029249 -0.063134 1.652894 -0.316577 -1.107762 0.588249 0.880388 1.018527
7 0.022043 -0.092829 1.660777 -0.564427 0.027263 1.163647 0.885925 1.036658
Cleaner_Face_A.dds
6 -0.026198 -0.090625 1.660149 -0.839093 -0.363714 -0.914894 0.061414 1.062029
7 -0.024776 -0.092652 1.660928 0.653186 -0.070149 1.114371 0.058608 1.029701
6 -0.032038 -0.082191 1.668686 -0.954041 -0.576314 -0.656553 0.061968 1.033885
Cleaner_Face_A.dds
6 -0.024418 -0.052338 1.654190 -0.263091 0.101409 -1.262495 0.054328 1.036235
6 -0.032038 -0.082191 1.668686 -0.954041 -0.576314 -0.656553 0.061968 1.033885
7 -0.031499 -0.060882 1.660656 -0.142539 -0.548337 1.162929 0.055505 1.029665
Cleaner_Face_A.dds
6 -0.032038 -0.082191 1.668686 -0.954041 -0.576314 -0.656553 0.061968 1.033885
7 -0.024776 -0.092652 1.660928 0.653186 -0.070149 1.114371 0.058608 1.029701
7 -0.031499 -0.060882 1.660656 -0.142539 -0.548337 1.162929 0.055505 1.029665
Cleaner_Face_A.dds
7 -0.031499 -0.060882 1.660656 -0.142539 -0.548337 1.162929 0.991992 1.035575
7 -0.024776 -0.092652 1.660928 0.653186 -0.070149 1.114371 0.990141 1.032813
7 -0.031512 -0.063133 1.653045 1.077343 -0.657294 0.284063 0.991720 1.014971
Cleaner_Face_A.dds
7 -0.031512 -0.063133 1.653045 1.077343 -0.657294 0.284063 0.991720 1.014971
7 -0.024776 -0.092652 1.660928 0.653186 -0.070149 1.114371 0.990141 1.032813
7 -0.024016 -0.093572 1.646404 1.006187 0.367380 0.725269 0.981990 1.011606
Cleaner_Face_A.dds
7 -0.029901 -0.108741 1.655726 1.164777 0.199798 0.526090 0.994031 1.029010
12 -0.025734 -0.110749 1.656865 0.055717 -0.828227 0.992134 0.999122 1.010636
7 -0.026593 -0.094559 1.650892 0.501043 0.062519 1.190984 0.993816 1.013834
Cleaner_Face_A.dds
11 0.026932 -0.109957 1.660586 -0.945899 -0.167063 0.866464 0.880562 1.027677
7 0.022725 -0.094556 1.660103 0.237974 -0.455590 1.187098 0.888190 1.034056
7 0.023846 -0.094560 1.650921 -1.125633 -0.206673 0.603019 0.882071 1.014359
Cleaner_Face_A.dds
6 -0.026198 -0.090625 1.660149 -0.839093 -0.363714 -0.914894 0.991004 1.033087
6 -0.026187 -0.094497 1.660764 -0.885465 -0.792912 0.510526 0.990982 1.033963
7 -0.024776 -0.092652 1.660928 0.653186 -0.070149 1.114371 0.993675 1.033192
Cleaner_Face_A.dds
7 -0.024776 -0.092652 1.660928 0.653186 -0.070149 1.114371 0.993675 1.033192
6 -0.026187 -0.094497 1.660764 -0.885465 -0.792912 0.510526 0.990982 1.033963
7 -0.025478 -0.094555 1.660254 -0.121903 -0.748004 1.048344 0.994159 1.034166
Cleaner_Face_A.dds
6 -0.026187 -0.094497 1.660764 -0.885465 -0.792912 0.510526 0.990982 1.033963
6 -0.030649 -0.090422 1.674625 -0.170137 -1.161915 0.542589 0.993243 1.049272
7 -0.029901 -0.108741 1.655726 1.164777 0.199798 0.526090 0.996527 1.047322
Cleaner_Face_A.dds
12 -0.025734 -0.110749 1.656865 0.055717 -0.828227 0.992134 0.996866 1.051324
7 -0.029901 -0.108741 1.655726 1.164777 0.199798 0.526090 0.996527 1.047322
6 -0.020528 -0.112822 1.674524 0.238395 0.494831 -1.171198 0.982160 1.062054
Cleaner_Face_A.dds
6 0.023427 -0.094498 1.660765 -0.288750 -0.405321 1.194041 0.890544 1.034352
6 0.026391 -0.092945 1.660150 0.034516 -0.341049 1.247353 0.891824 1.033088
7 0.022043 -0.092829 1.660777 -0.564427 0.027263 1.163647 0.889151 1.032688
Cleaner_Face_A.dds
7 0.022043 -0.092829 1.660777 -0.564427 0.027263 1.163647 0.889151 1.032688
7 0.022725 -0.094556 1.660103 0.237974 -0.455590 1.187098 0.879621 1.038109
6 0.023427 -0.094498 1.660765 -0.288750 -0.405321 1.194041 0.890544 1.034352
Cleaner_Face_A.dds
11 0.027346 -0.110824 1.660543 -1.077577 0.354641 0.621653 0.883008 1.042914
6 0.023427 -0.094498 1.660765 -0.288750 -0.405321 1.194041 0.890544 1.034352
7 0.022725 -0.094556 1.660103 0.237974 -0.455590 1.187098 0.879621 1.038109
Cleaner_Face_A.dds
6 0.028343 -0.094498 1.672852 0.037261 -0.605363 -1.142603 0.886545 1.055549
6 0.023427 -0.094498 1.660765 -0.288750 -0.405321 1.194041 0.890544 1.034352
11 0.027346 -0.110824 1.660543 -1.077577 0.354641 0.621653 0.883008 1.042914
Cleaner_Face_A.dds
11 0.025235 -0.112507 1.657776 -0.170331 -1.184699 0.490787 0.877045 1.011896
7 0.023846 -0.094560 1.650921 -1.125633 -0.206673 0.603019 0.882071 1.014359
7 0.020184 -0.108228 1.647932 0.721136 -0.937395 0.524069 0.897463 1.009897
Cleaner_Face_A.dds
7 0.025139 -0.110677 1.649724 -0.591169 0.326472 1.103327 0.896816 1.007284
11 0.025235 -0.112507 1.657776 -0.170331 -1.184699 0.490787 0.877045 1.011896
7 0.020184 -0.108228 1.647932 0.721136 -0.937395 0.524069 0.897463 1.009897
Cleaner_Face_A.dds
7 -0.022884 -0.107598 1.652047 -0.633177 -0.964654 0.584744 0.979479 1.009803
7 -0.026593 -0.094559 1.650892 0.501043 0.062519 1.190984 0.993816 1.013834
12 -0.025734 -0.110749 1.656865 0.055717 -0.828227 0.992134 0.999122 1.010636
Cleaner_Face_A.dds
7 -0.025156 -0.110309 1.649624 0.675820 -0.258360 1.072340 0.980174 1.007101
7 -0.022884 -0.107598 1.652047 -0.633177 -0.964654 0.584744 0.979479 1.009803
12 -0.025734 -0.110749 1.656865 0.055717 -0.828227 0.992134 0.999122 1.010636
Cleaner_Face_A.dds
11 0.025235 -0.112507 1.657776 -0.170331 -1.184699 0.490787 0.877045 1.011896
7 0.025139 -0.110677 1.649724 -0.591169 0.326472 1.103327 0.896816 1.007284
11 0.010343 -0.122516 1.661324 -0.239983 0.689463 1.067916 0.893546 1.002201
Cleaner_Face_A.dds
7 0.011230 -0.114552 1.651416 0.412342 -1.051262 0.631045 0.917322 1.009177
7 -0.000652 -0.117143 1.651213 0.009084 -1.154987 0.582509 0.937340 1.008598
7 -0.000849 -0.120984 1.649044 -0.018367 0.317702 1.253843 0.937895 1.003846
Cleaner_Face_A.dds
7 0.011230 -0.114552 1.651416 0.412342 -1.051262 0.631045 0.917322 1.009177
7 0.025139 -0.110677 1.649724 -0.591169 0.326472 1.103327 0.896816 1.007284
7 0.020184 -0.108228 1.647932 0.721136 -0.937395 0.524069 0.897463 1.009897
Cleaner_Face_A.dds
7 -0.013965 -0.114445 1.651431 -0.448226 -1.132438 0.435973 0.957542 1.009205
7 -0.000849 -0.120984 1.649044 -0.018367 0.317702 1.253843 0.937895 1.003846
7 -0.000652 -0.117143 1.651213 0.009084 -1.154987 0.582509 0.937340 1.008598
Cleaner_Face_A.dds
7 -0.013965 -0.114445 1.651431 -0.448226 -1.132438 0.435973 0.957542 1.009205
7 -0.022884 -0.107598 1.652047 -0.633177 -0.964654 0.584744 0.979479 1.009803
7 -0.025156 -0.110309 1.649624 0.675820 -0.258360 1.072340 0.980174 1.007101
Cleaner_Face_A.dds
7 0.020184 -0.108228 1.647932 0.721136 -0.937395 0.524069 0.897463 1.009897
7 0.023846 -0.094560 1.650921 -1.125633 -0.206673 0.603019 0.882071 1.014359
7 0.022725 -0.094556 1.660103 0.237974 -0.455590 1.187098 0.888190 1.034056
Cleaner_Face_A.dds
7 -0.026593 -0.094559 1.650892 0.501043 0.062519 1.190984 0.993816 1.013834
7 -0.022884 -0.107598 1.652047 -0.633177 -0.964654 0.584744 0.979479 1.009803
7 -0.025478 -0.094555 1.660254 -0.121903 -0.748004 1.048344 0.985902 1.019210
Cleaner_Face_A.dds
6 0.021368 -0.107888 1.673939 0.708754 -0.658668 -0.858615 0.893971 1.060978
6 0.028343 -0.094498 1.672852 0.037261 -0.605363 -1.142603 0.886545 1.055549
6 0.022571 -0.112391 1.674543 -0.449995 0.374521 -1.153531 0.895307 1.062088
Cleaner_Face_A.dds
6 0.022571 -0.112391 1.674543 -0.449995 0.374521 -1.153531 0.895307 1.062088
6 0.028343 -0.094498 1.672852 0.037261 -0.605363 -1.142603 0.886545 1.055549
11 0.027346 -0.110824 1.660543 -1.077577 0.354641 0.621653 0.883008 1.042914
Cleaner_Face_A.dds
6 -0.029760 -0.094497 1.672856 -1.181907 -0.438661 -0.289944 0.989620 1.055557
6 -0.021492 -0.109572 1.673908 -0.801430 -0.730197 -0.705633 0.982431 1.060922
6 -0.020528 -0.112822 1.674524 0.238395 0.494831 -1.171198 0.982160 1.062054
Cleaner_Face_A.dds
7 -0.029901 -0.108741 1.655726 1.164777 0.199798 0.526090 0.996527 1.047322
6 -0.030649 -0.090422 1.674625 -0.170137 -1.161915 0.542589 0.993243 1.049272
6 -0.020528 -0.112822 1.674524 0.238395 0.494831 -1.171198 0.982160 1.062054
Cleaner_Face_A.dds
12 -0.025734 -0.110749 1.656865 0.055717 -0.828227 0.992134 0.996866 1.051324
6 -0.020528 -0.112822 1.674524 0.238395 0.494831 -1.171198 0.982160 1.062054
12 -0.012113 -0.122590 1.661242 0.083456 0.137227 -1.283588 0.979094 1.058439
Cleaner_Face_A.dds
6 0.019896 -0.109754 1.658746 1.001243 -0.787846 -0.224067 0.895336 1.034368
6 0.028343 -0.094498 1.672852 0.037261 -0.605363 -1.142603 0.886545 1.055549
6 0.021368 -0.107888 1.673939 0.708754 -0.658668 -0.858615 0.893971 1.060978
Cleaner_Face_A.dds
6 0.022571 -0.112391 1.674543 -0.449995 0.374521 -1.153531 0.895307 1.062088
6 -0.001030 -0.120175 1.674042 -0.020383 0.441063 -1.215913 0.938694 1.061168
6 0.010494 -0.115423 1.673639 0.494420 -0.973304 -0.693991 0.916429 1.060426
Cleaner_Face_A.dds
6 0.010494 -0.115423 1.673639 0.494420 -0.973304 -0.693991 0.916429 1.060426
6 0.021368 -0.107888 1.673939 0.708754 -0.658668 -0.858615 0.893971 1.060978
6 0.022571 -0.112391 1.674543 -0.449995 0.374521 -1.153531 0.895307 1.062088
Cleaner_Face_A.dds
6 -0.011750 -0.115928 1.673573 -0.517883 -1.067830 -0.514715 0.960746 1.060305
6 -0.000899 -0.118848 1.673563 0.026581 -1.208982 -0.459404 0.938442 1.060287
6 -0.001030 -0.120175 1.674042 -0.020383 0.441063 -1.215913 0.938694 1.061168
Cleaner_Face_A.dds
6 -0.001030 -0.120175 1.674042 -0.020383 0.441063 -1.215913 0.938694 1.061168
6 -0.020528 -0.112822 1.674524 0.238395 0.494831 -1.171198 0.982160 1.062054
6 -0.011750 -0.115928 1.673573 -0.517883 -1.067830 -0.514715 0.960746 1.060305
Cleaner_Face_A.dds
6 0.009039 -0.116887 1.656339 0.330212 -0.410174 -1.181572 0.918492 1.032169
6 0.019896 -0.109754 1.658746 1.001243 -0.787846 -0.224067 0.895336 1.034368
6 0.009616 -0.116908 1.657117 0.428215 -1.207660 -0.177718 0.917540 1.033085
Cleaner_Face_A.dds
6 0.019243 -0.095522 1.673408 -0.463348 0.232954 -1.185089 0.894479 1.059105
6 0.009039 -0.116887 1.656339 0.330212 -0.410174 -1.181572 0.918492 1.032169
6 -0.000571 -0.118464 1.656523 0.017303 -0.389424 -1.233469 0.937801 1.032050
Cleaner_Face_A.dds
6 0.009039 -0.116887 1.656339 0.330212 -0.410174 -1.181572 0.918492 1.032169
6 0.009616 -0.116908 1.657117 0.428215 -1.207660 -0.177718 0.917540 1.033085
6 -0.000571 -0.118464 1.656523 0.017303 -0.389424 -1.233469 0.937801 1.032050
Cleaner_Face_A.dds
6 -0.000899 -0.118848 1.673563 0.026581 -1.208982 -0.459404 0.938442 1.060287
6 -0.000548 -0.118720 1.657274 0.031564 -1.274833 -0.217255 0.937764 1.032927
6 0.009616 -0.116908 1.657117 0.428215 -1.207660 -0.177718 0.917540 1.033085
Cleaner_Face_A.dds
6 0.009616 -0.116908 1.657117 0.428215 -1.207660 -0.177718 0.917540 1.033085
6 0.010494 -0.115423 1.673639 0.494420 -0.973304 -0.693991 0.916429 1.060426
6 -0.000899 -0.118848 1.673563 0.026581 -1.208982 -0.459404 0.938442 1.060287
Cleaner_Face_A.dds
6 0.010494 -0.115423 1.673639 0.494420 -0.973304 -0.693991 0.916429 1.060426
6 -0.001030 -0.120175 1.674042 -0.020383 0.441063 -1.215913 0.938694 1.061168
6 -0.000899 -0.118848 1.673563 0.026581 -1.208982 -0.459404 0.938442 1.060287
Cleaner_Face_A.dds
6 -0.020837 -0.110773 1.657886 -0.959356 -0.791419 -0.355932 0.980477 1.033443
6 -0.020593 -0.110248 1.657271 -0.318568 0.041381 -1.253075 0.980511 1.032567
6 -0.010412 -0.117461 1.656525 -0.281067 -0.479763 -1.168000 0.957576 1.032052
Cleaner_Face_A.dds
6 -0.020593 -0.110248 1.657271 -0.318568 0.041381 -1.253075 0.980511 1.032567
6 -0.020518 -0.095522 1.673408 0.498866 0.219916 -1.173101 0.981610 1.059105
6 -0.010412 -0.117461 1.656525 -0.281067 -0.479763 -1.168000 0.957576 1.032052
Cleaner_Face_A.dds
6 -0.010412 -0.117461 1.656525 -0.281067 -0.479763 -1.168000 0.957576 1.032052
6 -0.011083 -0.117410 1.657305 -0.380482 -1.228292 -0.141163 0.958560 1.032970
6 -0.020837 -0.110773 1.657886 -0.959356 -0.791419 -0.355932 0.980477 1.033443
Cleaner_Face_A.dds
6 -0.000899 -0.118848 1.673563 0.026581 -1.208982 -0.459404 0.938442 1.060287
6 -0.011750 -0.115928 1.673573 -0.517883 -1.067830 -0.514715 0.960746 1.060305
6 -0.011083 -0.117410 1.657305 -0.380482 -1.228292 -0.141163 0.958560 1.032970
Cleaner_Face_A.dds
6 -0.011750 -0.115928 1.673573 -0.517883 -1.067830 -0.514715 0.960746 1.060305
6 -0.020837 -0.110773 1.657886 -0.959356 -0.791419 -0.355932 0.980477 1.033443
6 -0.011083 -0.117410 1.657305 -0.380482 -1.228292 -0.141163 0.958560 1.032970
Cleaner_Face_A.dds
6 -0.011750 -0.115928 1.673573 -0.517883 -1.067830 -0.514715 0.960746 1.060305
6 -0.020528 -0.112822 1.674524 0.238395 0.494831 -1.171198 0.982160 1.062054
6 -0.021492 -0.109572 1.673908 -0.801430 -0.730197 -0.705633 0.982431 1.060922
Cleaner_Face_A.dds
7 -0.000937 -0.118216 1.659128 -0.008096 -1.158324 0.575860 0.937788 1.028962
7 -0.013380 -0.115265 1.659124 -0.533248 -0.921232 0.735101 0.956610 1.028955
7 -0.013965 -0.114445 1.651431 -0.448226 -1.132438 0.435973 0.957542 1.009205
Cleaner_Face_A.dds
7 -0.025156 -0.110309 1.649624 0.675820 -0.258360 1.072340 0.980174 1.007101
7 -0.000849 -0.120984 1.649044 -0.018367 0.317702 1.253843 0.937895 1.003846
7 -0.013965 -0.114445 1.651431 -0.448226 -1.132438 0.435973 0.957542 1.009205
Cleaner_Face_A.dds
7 -0.013380 -0.115265 1.659124 -0.533248 -0.921232 0.735101 0.956610 1.028955
7 -0.022884 -0.107598 1.652047 -0.633177 -0.964654 0.584744 0.979479 1.009803
7 -0.013965 -0.114445 1.651431 -0.448226 -1.132438 0.435973 0.957542 1.009205
Cleaner_Face_A.dds
7 -0.019243 -0.108021 1.660166 0.540269 0.284106 1.140521 0.972226 1.027002
7 -0.020823 -0.108734 1.659493 -0.761125 -0.519937 0.907607 0.973925 1.026042
7 -0.013380 -0.115265 1.659124 -0.533248 -0.921232 0.735101 0.956610 1.028955
Cleaner_Face_A.dds
7 -0.013380 -0.115265 1.659124 -0.533248 -0.921232 0.735101 0.956610 1.028955
7 -0.012611 -0.113470 1.659797 0.236286 0.460364 1.185592 0.955401 1.029915
7 -0.019243 -0.108021 1.660166 0.540269 0.284106 1.140521 0.972226 1.027002
Cleaner_Face_A.dds
7 -0.012611 -0.113470 1.659797 0.236286 0.460364 1.185592 0.955401 1.029915
7 -0.015988 -0.106223 1.648165 0.616766 0.704400 0.892645 0.961436 1.014113
7 -0.019243 -0.108021 1.660166 0.540269 0.284106 1.140521 0.972226 1.027002
Cleaner_Face_A.dds
7 -0.000937 -0.118216 1.659128 -0.008096 -1.158324 0.575860 0.937788 1.028962
7 -0.000652 -0.117143 1.651213 0.009084 -1.154987 0.582509 0.937340 1.008598
7 0.011230 -0.114552 1.651416 0.412342 -1.051262 0.631045 0.917322 1.009177
Cleaner_Face_A.dds
7 -0.000849 -0.120984 1.649044 -0.018367 0.317702 1.253843 0.937895 1.003846
7 0.025139 -0.110677 1.649724 -0.591169 0.326472 1.103327 0.896816 1.007284
7 0.011230 -0.114552 1.651416 0.412342 -1.051262 0.631045 0.917322 1.009177
Cleaner_Face_A.dds
7 0.011230 -0.114552 1.651416 0.412342 -1.051262 0.631045 0.917322 1.009177
7 0.011120 -0.115047 1.659153 0.503014 -0.996573 0.653617 0.918238 1.028997
7 -0.000937 -0.118216 1.659128 -0.008096 -1.158324 0.575860 0.937788 1.028962
Cleaner_Face_A.dds
7 -0.000937 -0.116313 1.659802 0.053858 0.208508 1.275547 0.937787 1.029921
7 -0.000937 -0.118216 1.659128 -0.008096 -1.158324 0.575860 0.937788 1.028962
7 0.011120 -0.115047 1.659153 0.503014 -0.996573 0.653617 0.918238 1.028997
Cleaner_Face_A.dds
7 0.011120 -0.115047 1.659153 0.503014 -0.996573 0.653617 0.918238 1.028997
7 0.010719 -0.114080 1.659826 -0.151015 0.373541 1.229250 0.919473 1.029955
7 -0.000937 -0.116313 1.659802 0.053858 0.208508 1.275547 0.937787 1.029921
Cleaner_Face_A.dds
7 -0.000905 -0.108159 1.642072 0.005929 0.699432 1.088189 0.937737 1.005435
7 -0.000937 -0.116313 1.659802 0.053858 0.208508 1.275547 0.937787 1.029921
7 0.010719 -0.114080 1.659826 -0.151015 0.373541 1.229250 0.919473 1.029955
Cleaner_Face_A.dds
6 -0.032836 -0.083581 1.729351 0.236774 -1.233405 0.309915 0.570229 1.534609
6 -0.044064 -0.088342 1.728319 -0.350477 -1.047800 0.672813 0.585642 1.530692
22 -0.036548 -0.093897 1.725788 -0.239966 -1.137812 0.566742 0.572975 1.522174
Cleaner_Face_A.dds
6 0.041096 -0.084117 1.730567 -0.202619 -1.275574 0.072475 0.418992 1.534540
6 0.044388 -0.087166 1.730067 0.337061 -0.957967 0.801301 0.416555 1.531168
6 0.045534 -0.085968 1.731040 0.054470 -1.281157 -0.170483 0.413858 1.534266
Cleaner_Face_A.dds
6 -0.021925 -0.083638 1.729474 -0.579720 -1.056507 -0.470228 0.546289 1.536269
6 -0.020432 -0.092920 1.728331 -0.075996 -0.699781 1.085324 0.544138 1.530728
6 -0.013718 -0.092195 1.729424 -0.570068 -0.777353 0.862635 0.528157 1.534128
Cleaner_Face_A.dds
6 -0.021925 -0.083638 1.729474 -0.579720 -1.056507 -0.470228 0.546289 1.536269
6 -0.013718 -0.092195 1.729424 -0.570068 -0.777353 0.862635 0.528157 1.534128
6 -0.013377 -0.091706 1.730517 -0.617293 -1.121637 -0.185137 0.527656 1.537607
Cleaner_Face_A.dds
6 -0.021925 -0.083638 1.729474 -0.579720 -1.056507 -0.470228 0.546289 1.536269
6 -0.014470 -0.091720 1.731084 -0.263871 -0.891442 -0.899499 0.529664 1.539413
18 -0.020270 -0.094457 1.734054 0.071065 -1.091124 -0.691227 0.550247 1.558902
Cleaner_Face_A.dds
6 0.041096 -0.084117 1.730567 -0.202619 -1.275574 0.072475 0.418992 1.534540
6 0.045534 -0.085968 1.731040 0.054470 -1.281157 -0.170483 0.413858 1.534266
6 0.045344 -0.087706 1.732221 0.578244 -0.973712 -0.625230 0.413243 1.546090
Cleaner_Face_A.dds
6 -0.021925 -0.083638 1.729474 -0.579720 -1.056507 -0.470228 0.546289 1.536269
6 -0.013377 -0.091706 1.730517 -0.617293 -1.121637 -0.185137 0.527656 1.537607
6 -0.014470 -0.091720 1.731084 -0.263871 -0.891442 -0.899499 0.529664 1.539413
Cleaner_Face_A.dds
6 -0.032836 -0.083581 1.729351 0.236774 -1.233405 0.309915 0.570229 1.534609
6 -0.044385 -0.090356 1.729887 -0.481537 -0.673605 -0.993868 0.584594 1.539180
6 -0.044889 -0.087931 1.729275 -0.399786 -0.983469 -0.739159 0.587213 1.533736
Cleaner_Face_A.dds
6 -0.032836 -0.083581 1.729351 0.236774 -1.233405 0.309915 0.570229 1.534609
6 -0.044889 -0.087931 1.729275 -0.399786 -0.983469 -0.739159 0.587213 1.533736
6 -0.044064 -0.088342 1.728319 -0.350477 -1.047800 0.672813 0.585642 1.530692
Cleaner_Face_A.dds
6 0.041096 -0.084117 1.730567 -0.202619 -1.275574 0.072475 0.418992 1.534540
21 0.039260 -0.092800 1.727239 0.366800 -1.115874 0.541921 0.424769 1.524227
6 0.044388 -0.087166 1.730067 0.337061 -0.957967 0.801301 0.416555 1.531168
Cleaner_Face_A.dds
6 0.018938 -0.084182 1.730291 0.844248 -0.971442 -0.130157 0.459658 1.538237
6 0.013276 -0.092163 1.730667 0.347188 -1.236597 0.153895 0.469869 1.540587
6 0.013581 -0.092439 1.729707 0.399933 -0.981535 0.741646 0.469407 1.537529
Cleaner_Face_A.dds
6 0.018938 -0.084182 1.730291 0.844248 -0.971442 -0.130157 0.459658 1.538237
6 0.014056 -0.092907 1.731293 -0.348170 -1.182626 -0.391876 0.468705 1.542581
6 0.013276 -0.092163 1.730667 0.347188 -1.236597 0.153895 0.469869 1.540587
Cleaner_Face_A.dds
6 -0.032836 -0.083581 1.729351 0.236774 -1.233405 0.309915 0.570229 1.534609
18 -0.040905 -0.095339 1.732436 -0.167820 -1.051988 -0.733862 0.578948 1.549510
6 -0.044385 -0.090356 1.729887 -0.481537 -0.673605 -0.993868 0.584594 1.539180
Cleaner_Face_A.dds
21 0.039260 -0.092800 1.727239 0.366800 -1.115874 0.541921 0.424769 1.524227
6 0.041096 -0.084117 1.730567 -0.202619 -1.275574 0.072475 0.418992 1.534540
21 0.019456 -0.094140 1.728428 0.026524 -0.815719 1.003640 0.458289 1.531323
Cleaner_Face_A.dds
6 0.018938 -0.084182 1.730291 0.844248 -0.971442 -0.130157 0.459658 1.538237
21 0.019456 -0.094140 1.728428 0.026524 -0.815719 1.003640 0.458289 1.531323
6 0.041096 -0.084117 1.730567 -0.202619 -1.275574 0.072475 0.418992 1.534540
Cleaner_Face_A.dds
6 -0.020432 -0.092920 1.728331 -0.075996 -0.699781 1.085324 0.544138 1.530728
6 -0.021925 -0.083638 1.729474 -0.579720 -1.056507 -0.470228 0.546289 1.536269
6 -0.032836 -0.083581 1.729351 0.236774 -1.233405 0.309915 0.570229 1.534609
Cleaner_Face_A.dds
6 -0.032836 -0.083581 1.729351 0.236774 -1.233405 0.309915 0.570229 1.534609
22 -0.036548 -0.093897 1.725788 -0.239966 -1.137812 0.566742 0.572975 1.522174
6 -0.020432 -0.092920 1.728331 -0.075996 -0.699781 1.085324 0.544138 1.530728
Cleaner_Face_A.dds
6 0.018938 -0.084182 1.730291 0.844248 -0.971442 -0.130157 0.459658 1.538237
6 0.013581 -0.092439 1.729707 0.399933 -0.981535 0.741646 0.469407 1.537529
21 0.019456 -0.094140 1.728428 0.026524 -0.815719 1.003640 0.458289 1.531323
Cleaner_Face_A.dds
18 -0.040905 -0.095339 1.732436 -0.167820 -1.051988 -0.733862 0.578948 1.549510
6 -0.032836 -0.083581 1.729351 0.236774 -1.233405 0.309915 0.570229 1.534609
6 -0.021925 -0.083638 1.729474 -0.579720 -1.056507 -0.470228 0.546289 1.536269
Cleaner_Face_A.dds
6 -0.021925 -0.083638 1.729474 -0.579720 -1.056507 -0.470228 0.546289 1.536269
18 -0.020270 -0.094457 1.734054 0.071065 -1.091124 -0.691227 0.550247 1.558902
18 -0.040905 -0.095339 1.732436 -0.167820 -1.051988 -0.733862 0.578948 1.549510
Cleaner_Face_A.dds
6 0.041096 -0.084117 1.730567 -0.202619 -1.275574 0.072475 0.418992 1.534540
6 0.045344 -0.087706 1.732221 0.578244 -0.973712 -0.625230 0.413243 1.546090
17 0.039785 -0.094141 1.735423 0.252261 -1.145997 -0.544473 0.423727 1.562870
Cleaner_Face_A.dds
17 0.021851 -0.094382 1.735543 0.079334 -0.993733 -0.824376 0.458026 1.556718
6 0.018938 -0.084182 1.730291 0.844248 -0.971442 -0.130157 0.459658 1.538237
6 0.041096 -0.084117 1.730567 -0.202619 -1.275574 0.072475 0.418992 1.534540
Cleaner_Face_A.dds
6 0.041096 -0.084117 1.730567 -0.202619 -1.275574 0.072475 0.418992 1.534540
17 0.039785 -0.094141 1.735423 0.252261 -1.145997 -0.544473 0.423727 1.562870
17 0.021851 -0.094382 1.735543 0.079334 -0.993733 -0.824376 0.458026 1.556718
Cleaner_Face_A.dds
6 0.018938 -0.084182 1.730291 0.844248 -0.971442 -0.130157 0.459658 1.538237
17 0.021851 -0.094382 1.735543 0.079334 -0.993733 -0.824376 0.458026 1.556718
6 0.014056 -0.092907 1.731293 -0.348170 -1.182626 -0.391876 0.468705 1.542581
Cleaner_Face_A.dds
20 -0.021503 -0.110517 1.760905 -0.375906 -1.197658 0.312580 0.531229 1.641140
20 -0.012114 -0.112036 1.749099 -0.215194 -1.119355 -0.611663 0.522744 1.594174
6 -0.000883 -0.109132 1.768449 0.002718 -1.254773 0.314538 0.502081 1.666310
Cleaner_Face_A.dds
20 -0.012114 -0.112036 1.749099 -0.215194 -1.119355 -0.611663 0.522744 1.594174
6 -0.011153 -0.096445 1.739842 -0.742444 -0.682076 -0.810521 0.522837 1.557928
20 -0.009138 -0.108617 1.745265 -0.884986 -0.811510 -0.481297 0.512842 1.588698
Cleaner_Face_A.dds
19 0.040347 -0.105049 1.749622 0.590480 -1.078175 -0.402823 0.418637 1.591987
19 0.011556 -0.112705 1.749076 0.069486 -1.067953 -0.726667 0.467978 1.595367
6 0.023535 -0.092929 1.743444 -0.016702 -1.040723 -0.768123 0.451309 1.576924
Cleaner_Face_A.dds
19 0.011556 -0.112705 1.749076 0.069486 -1.067953 -0.726667 0.467978 1.595367
19 0.040347 -0.105049 1.749622 0.590480 -1.078175 -0.402823 0.418637 1.591987
19 0.019736 -0.111424 1.760905 0.395293 -1.148915 0.443997 0.458277 1.638496
Cleaner_Face_A.dds
6 0.023535 -0.092929 1.743444 -0.016702 -1.040723 -0.768123 0.451309 1.576924
19 0.011556 -0.112705 1.749076 0.069486 -1.067953 -0.726667 0.467978 1.595367
6 0.009165 -0.093232 1.740499 0.645364 -0.767453 -0.817262 0.473958 1.579180
Cleaner_Face_A.dds
6 -0.010155 -0.074026 1.591998 -0.534043 -0.759558 -0.900703 0.556121 1.129251
6 -0.033995 -0.040876 1.589633 -0.995336 -0.653311 -0.505852 0.633830 1.181629
6 -0.019904 -0.054769 1.570248 -0.960171 -0.808044 -0.313898 0.569412 1.085136
Cleaner_Face_A.dds
6 -0.061158 -0.015105 1.615699 -1.226017 -0.277563 -0.305345 0.704872 1.257300
6 -0.035044 -0.041377 1.569493 -0.877508 -0.947051 -0.080423 0.650432 1.105952
6 -0.033995 -0.040876 1.589633 -0.995336 -0.653311 -0.505852 0.633830 1.181629
Cleaner_Face_A.dds
6 -0.033995 -0.040876 1.589633 -0.995336 -0.653311 -0.505852 0.633830 1.181629
6 -0.035044 -0.041377 1.569493 -0.877508 -0.947051 -0.080423 0.650432 1.105952
6 -0.019904 -0.054769 1.570248 -0.960171 -0.808044 -0.313898 0.569412 1.085136
Cleaner_Face_A.dds
4 0.001326 -0.050579 1.534057 0.017703 -1.289950 0.095455 0.497169 1.001654
6 -0.008649 -0.069131 1.565660 -0.395792 -1.148041 -0.445810 0.529879 1.071483
6 -0.019904 -0.054769 1.570248 -0.960171 -0.808044 -0.313898 0.569412 1.085136
Cleaner_Face_A.dds
6 -0.019904 -0.054769 1.570248 -0.960171 -0.808044 -0.313898 0.569412 1.085136
6 -0.008649 -0.069131 1.565660 -0.395792 -1.148041 -0.445810 0.529879 1.071483
6 -0.010155 -0.074026 1.591998 -0.534043 -0.759558 -0.900703 0.556121 1.129251
Cleaner_Face_A.dds
6 -0.008649 -0.069131 1.565660 -0.395792 -1.148041 -0.445810 0.529879 1.071483
6 0.014597 -0.071938 1.591714 0.624658 -0.864732 -0.731735 0.439365 1.134868
6 -0.010155 -0.074026 1.591998 -0.534043 -0.759558 -0.900703 0.556121 1.129251
Cleaner_Face_A.dds
6 0.010951 -0.067410 1.565288 0.546100 -1.068124 -0.484026 0.479971 1.070376
6 0.014597 -0.071938 1.591714 0.624658 -0.864732 -0.731735 0.439365 1.134868
6 -0.008649 -0.069131 1.565660 -0.395792 -1.148041 -0.445810 0.529879 1.071483
Cleaner_Face_A.dds
6 0.024885 -0.053833 1.570077 0.972187 -0.814226 -0.255507 0.431425 1.084626
6 0.010951 -0.067410 1.565288 0.546100 -1.068124 -0.484026 0.479971 1.070376
4 0.001326 -0.050579 1.534057 0.017703 -1.289950 0.095455 0.497169 1.001654
Cleaner_Face_A.dds
6 0.024885 -0.053833 1.570077 0.972187 -0.814226 -0.255507 0.431425 1.084626
6 0.014597 -0.071938 1.591714 0.624658 -0.864732 -0.731735 0.439365 1.134868
6 0.010951 -0.067410 1.565288 0.546100 -1.068124 -0.484026 0.479971 1.070376
Cleaner_Face_A.dds
6 0.024885 -0.053833 1.570077 0.972187 -0.814226 -0.255507 0.431425 1.084626
6 0.031947 -0.040330 1.590120 1.049763 -0.631908 -0.414832 0.370953 1.193098
6 0.014597 -0.071938 1.591714 0.624658 -0.864732 -0.731735 0.439365 1.134868
Cleaner_Face_A.dds
6 0.039430 -0.039120 1.567653 0.932928 -0.894187 -0.058909 0.344551 1.100477
6 0.031947 -0.040330 1.590120 1.049763 -0.631908 -0.414832 0.370953 1.193098
6 0.024885 -0.053833 1.570077 0.972187 -0.814226 -0.255507 0.431425 1.084626
Cleaner_Face_A.dds
6 0.039430 -0.039120 1.567653 0.932928 -0.894187 -0.058909 0.344551 1.100477
6 0.059590 -0.016109 1.616023 1.225784 -0.255980 -0.324535 0.288777 1.286639
6 0.031947 -0.040330 1.590120 1.049763 -0.631908 -0.414832 0.370953 1.193098
Cleaner_Face_A.dds
6 0.064066 -0.000943 1.614510 1.233487 -0.379248 -0.089865 0.260507 1.272285
6 0.067660 0.022888 1.651228 1.278424 -0.157881 -0.118742 0.193516 1.377326
6 0.059590 -0.016109 1.616023 1.225784 -0.255980 -0.324535 0.288777 1.286639
Cleaner_Face_A.dds
4 0.065993 0.021930 1.588578 1.137919 -0.387176 0.478154 0.175360 1.162744
6 0.067660 0.022888 1.651228 1.278424 -0.157881 -0.118742 0.193516 1.377326
6 0.064066 -0.000943 1.614510 1.233487 -0.379248 -0.089865 0.260507 1.272285
Cleaner_Face_A.dds
16 0.030465 -0.092021 1.736971 0.000019 -1.248937 0.336974 0.094823 1.040171
16 0.025817 -0.092021 1.733595 -0.320465 -1.248941 0.104134 0.102741 1.034418
16 0.030464 -0.092701 1.732085 0.000003 -1.293598 0.000004 0.094823 1.031845
Cleaner_Face_A.dds
16 0.025764 -0.090814 1.738554 -0.343743 -1.153850 0.473145 0.102832 1.042868
16 0.021524 -0.090031 1.734989 -0.642223 -1.103358 0.208677 0.110056 1.036795
16 0.025817 -0.092021 1.733595 -0.320465 -1.248941 0.104134 0.102741 1.034418
Cleaner_Face_A.dds
16 0.030465 -0.092021 1.736971 0.000019 -1.248937 0.336974 0.094823 1.040171
16 0.025764 -0.090814 1.738554 -0.343743 -1.153850 0.473145 0.102832 1.042868
16 0.025817 -0.092021 1.733595 -0.320465 -1.248941 0.104134 0.102741 1.034418
Cleaner_Face_A.dds
16 0.030465 -0.090031 1.741484 0.000021 -1.098274 0.683514 0.094823 1.047862
16 0.025764 -0.090814 1.738554 -0.343743 -1.153850 0.473145 0.102832 1.042868
16 0.030465 -0.092021 1.736971 0.000019 -1.248937 0.336974 0.094823 1.040171
Cleaner_Face_A.dds
16 0.021420 -0.088060 1.739999 -0.656286 -0.958266 0.569570 0.110234 1.045331
16 0.017912 -0.086884 1.736163 -0.915247 -0.864451 0.297396 0.116212 1.038795
16 0.021524 -0.090031 1.734989 -0.642223 -1.103358 0.208677 0.110056 1.036795
Cleaner_Face_A.dds
16 0.025764 -0.090814 1.738554 -0.343743 -1.153850 0.473145 0.102832 1.042868
16 0.021420 -0.088060 1.739999 -0.656286 -0.958266 0.569570 0.110234 1.045331
16 0.021524 -0.090031 1.734989 -0.642223 -1.103358 0.208677 0.110056 1.036795
Cleaner_Face_A.dds
16 0.025732 -0.088060 1.743132 -0.405475 -0.954631 0.773087 0.102887 1.050669
16 0.021420 -0.088060 1.739999 -0.656286 -0.958266 0.569570 0.110234 1.045331
16 0.025764 -0.090814 1.738554 -0.343743 -1.153850 0.473145 0.102832 1.042868
Cleaner_Face_A.dds
16 0.030465 -0.090031 1.741484 0.000021 -1.098274 0.683514 0.094823 1.047862
16 0.025732 -0.088060 1.743132 -0.405475 -0.954631 0.773087 0.102887 1.050669
16 0.025764 -0.090814 1.738554 -0.343743 -1.153850 0.473145 0.102832 1.042868
Cleaner_Face_A.dds
16 0.017912 -0.083864 1.741049 -0.869820 -0.690038 0.663818 0.116212 1.047120
16 0.015255 -0.082818 1.737027 -1.100398 -0.578512 0.357553 0.120740 1.040266
16 0.017912 -0.086884 1.736163 -0.915247 -0.864451 0.297396 0.116212 1.038795
Cleaner_Face_A.dds
16 0.021420 -0.088060 1.739999 -0.656286 -0.958266 0.569570 0.110234 1.045331
16 0.017912 -0.083864 1.741049 -0.869820 -0.690038 0.663818 0.116212 1.047120
16 0.017912 -0.086884 1.736163 -0.915247 -0.864451 0.297396 0.116212 1.038795
Cleaner_Face_A.dds
16 0.021525 -0.084222 1.744389 -0.755292 -0.748482 0.736684 0.110056 1.052812
16 0.017912 -0.083864 1.741049 -0.869820 -0.690038 0.663818 0.116212 1.047120
16 0.025732 -0.088060 1.743132 -0.405475 -0.954631 0.773087 0.102887 1.050669
Cleaner_Face_A.dds
16 0.025732 -0.088060 1.743132 -0.405475 -0.954631 0.773087 0.102887 1.050669
16 0.017912 -0.083864 1.741049 -0.869820 -0.690038 0.663818 0.116212 1.047120
16 0.021420 -0.088060 1.739999 -0.656286 -0.958266 0.569570 0.110234 1.045331
Cleaner_Face_A.dds
16 0.035111 -0.092021 1.733595 0.320478 -1.248938 0.104127 0.086905 1.034418
16 0.030465 -0.092021 1.736971 0.000019 -1.248937 0.336974 0.094823 1.040171
16 0.030464 -0.092701 1.732085 0.000003 -1.293598 0.000004 0.094823 1.031845
Cleaner_Face_A.dds
16 0.035164 -0.090814 1.738554 0.343769 -1.153844 0.473141 0.086814 1.042868
16 0.030465 -0.090031 1.741484 0.000021 -1.098274 0.683514 0.094823 1.047862
16 0.030465 -0.092021 1.736971 0.000019 -1.248937 0.336974 0.094823 1.040171
Cleaner_Face_A.dds
16 0.035111 -0.092021 1.733595 0.320478 -1.248938 0.104127 0.086905 1.034418
16 0.035164 -0.090814 1.738554 0.343769 -1.153844 0.473141 0.086814 1.042868
16 0.030465 -0.092021 1.736971 0.000019 -1.248937 0.336974 0.094823 1.040171
Cleaner_Face_A.dds
16 0.039403 -0.090031 1.734989 0.642220 -1.103360 0.208676 0.079589 1.036795
16 0.035164 -0.090814 1.738554 0.343769 -1.153844 0.473141 0.086814 1.042868
16 0.035111 -0.092021 1.733595 0.320478 -1.248938 0.104127 0.086905 1.034418
Cleaner_Face_A.dds
16 0.035196 -0.088060 1.743132 0.405486 -0.954628 0.773086 0.086759 1.050669
16 0.025732 -0.088060 1.743132 -0.405475 -0.954631 0.773087 0.102887 1.050669
16 0.030465 -0.090031 1.741484 0.000021 -1.098274 0.683514 0.094823 1.047862
Cleaner_Face_A.dds
16 0.035164 -0.090814 1.738554 0.343769 -1.153844 0.473141 0.086814 1.042868
16 0.035196 -0.088060 1.743132 0.405486 -0.954628 0.773086 0.086759 1.050669
16 0.030465 -0.090031 1.741484 0.000021 -1.098274 0.683514 0.094823 1.047862
Cleaner_Face_A.dds
16 0.039508 -0.088060 1.739999 0.656285 -0.958266 0.569570 0.079412 1.045331
16 0.035196 -0.088060 1.743132 0.405486 -0.954628 0.773086 0.086759 1.050669
16 0.035164 -0.090814 1.738554 0.343769 -1.153844 0.473141 0.086814 1.042868
Cleaner_Face_A.dds
16 0.039403 -0.090031 1.734989 0.642220 -1.103360 0.208676 0.079589 1.036795
16 0.039508 -0.088060 1.739999 0.656285 -0.958266 0.569570 0.079412 1.045331
16 0.035164 -0.090814 1.738554 0.343769 -1.153844 0.473141 0.086814 1.042868
Cleaner_Face_A.dds
16 0.043016 -0.086884 1.736163 0.915249 -0.864448 0.297396 0.073434 1.038795
16 0.039508 -0.088060 1.739999 0.656285 -0.958266 0.569570 0.079412 1.045331
16 0.039403 -0.090031 1.734989 0.642220 -1.103360 0.208676 0.079589 1.036795
Cleaner_Face_A.dds
16 0.043016 -0.083864 1.741049 0.869823 -0.690037 0.663817 0.073434 1.047120
16 0.039403 -0.084222 1.744389 0.755292 -0.748482 0.736684 0.079589 1.052812
16 0.035196 -0.088060 1.743132 0.405486 -0.954628 0.773086 0.086759 1.050669
Cleaner_Face_A.dds
16 0.043016 -0.083864 1.741049 0.869823 -0.690037 0.663817 0.073434 1.047120
16 0.035196 -0.088060 1.743132 0.405486 -0.954628 0.773086 0.086759 1.050669
16 0.039508 -0.088060 1.739999 0.656285 -0.958266 0.569570 0.079412 1.045331
Cleaner_Face_A.dds
16 0.043016 -0.086884 1.736163 0.915249 -0.864448 0.297396 0.073434 1.038795
16 0.043016 -0.083864 1.741049 0.869823 -0.690037 0.663817 0.073434 1.047120
16 0.039508 -0.088060 1.739999 0.656285 -0.958266 0.569570 0.079412 1.045331
Cleaner_Face_A.dds
16 0.045673 -0.082818 1.737027 1.100398 -0.578512 0.357552 0.068906 1.040266
16 0.043016 -0.083864 1.741049 0.869823 -0.690037 0.663817 0.073434 1.047120
16 0.043016 -0.086884 1.736163 0.915249 -0.864448 0.297396 0.073434 1.038795
Cleaner_Face_A.dds
16 0.033336 -0.092021 1.728132 0.198066 -1.248941 -0.272602 0.089929 1.025109
16 0.035111 -0.092021 1.733595 0.320478 -1.248938 0.104127 0.086905 1.034418
16 0.030464 -0.092701 1.732085 0.000003 -1.293598 0.000004 0.094823 1.031845
Cleaner_Face_A.dds
16 0.038068 -0.090814 1.729614 0.556206 -1.153851 -0.180719 0.081865 1.027635
16 0.039403 -0.090031 1.734989 0.642220 -1.103360 0.208676 0.079589 1.036795
16 0.035111 -0.092021 1.733595 0.320478 -1.248938 0.104127 0.086905 1.034418
Cleaner_Face_A.dds
16 0.033336 -0.092021 1.728132 0.198066 -1.248941 -0.272602 0.089929 1.025109
16 0.038068 -0.090814 1.729614 0.556206 -1.153851 -0.180719 0.081865 1.027635
16 0.035111 -0.092021 1.733595 0.320478 -1.248938 0.104127 0.086905 1.034418
Cleaner_Face_A.dds
16 0.035989 -0.090031 1.724481 0.396924 -1.103357 -0.546306 0.085408 1.018887
16 0.038068 -0.090814 1.729614 0.556206 -1.153851 -0.180719 0.081865 1.027635
16 0.033336 -0.092021 1.728132 0.198066 -1.248941 -0.272602 0.089929 1.025109
Cleaner_Face_A.dds
16 0.042432 -0.088060 1.730998 0.872540 -0.951597 -0.080829 0.074428 1.029993
16 0.043016 -0.086884 1.736163 0.915249 -0.864448 0.297396 0.073434 1.038795
16 0.039403 -0.090031 1.734989 0.642220 -1.103360 0.208676 0.079589 1.036795
Cleaner_Face_A.dds
16 0.038068 -0.090814 1.729614 0.556206 -1.153851 -0.180719 0.081865 1.027635
16 0.042432 -0.088060 1.730998 0.872540 -0.951597 -0.080829 0.074428 1.029993
16 0.039403 -0.090031 1.734989 0.642220 -1.103360 0.208676 0.079589 1.036795
Cleaner_Face_A.dds
16 0.040785 -0.088060 1.725929 0.753414 -0.951595 -0.447469 0.077234 1.021355
16 0.042432 -0.088060 1.730998 0.872540 -0.951597 -0.080829 0.074428 1.029993
16 0.038068 -0.090814 1.729614 0.556206 -1.153851 -0.180719 0.081865 1.027635
Cleaner_Face_A.dds
16 0.035989 -0.090031 1.724481 0.396924 -1.103357 -0.546306 0.085408 1.018887
16 0.040785 -0.088060 1.725929 0.753414 -0.951595 -0.447469 0.077234 1.021355
16 0.038068 -0.090814 1.729614 0.556206 -1.153851 -0.180719 0.081865 1.027635
Cleaner_Face_A.dds
16 0.038221 -0.086884 1.721408 0.618579 -0.897219 -0.696960 0.081604 1.013650
16 0.040785 -0.088060 1.725929 0.753414 -0.951595 -0.447469 0.077234 1.021355
16 0.035989 -0.090031 1.724481 0.396924 -1.103357 -0.546306 0.085408 1.018887
Cleaner_Face_A.dds
16 0.045888 -0.083864 1.732211 1.116756 -0.652568 0.020150 0.068540 1.032059
16 0.045673 -0.082818 1.737027 1.100398 -0.578512 0.357552 0.068906 1.040266
16 0.043016 -0.086884 1.736163 0.915249 -0.864448 0.297396 0.073434 1.038795
Cleaner_Face_A.dds
16 0.042432 -0.088060 1.730998 0.872540 -0.951597 -0.080829 0.074428 1.029993
16 0.045888 -0.083864 1.732211 1.116756 -0.652568 0.020150 0.068540 1.032059
16 0.043016 -0.086884 1.736163 0.915249 -0.864448 0.297396 0.073434 1.038795
Cleaner_Face_A.dds
16 0.044928 -0.084222 1.727385 1.046542 -0.680087 -0.340041 0.070175 1.023836
16 0.045888 -0.083864 1.732211 1.116756 -0.652568 0.020150 0.068540 1.032059
16 0.042432 -0.088060 1.730998 0.872540 -0.951597 -0.080829 0.074428 1.029993
Cleaner_Face_A.dds
16 0.040785 -0.088060 1.725929 0.753414 -0.951595 -0.447469 0.077234 1.021355
16 0.044928 -0.084222 1.727385 1.046542 -0.680087 -0.340041 0.070175 1.023836
16 0.042432 -0.088060 1.730998 0.872540 -0.951597 -0.080829 0.074428 1.029993
Cleaner_Face_A.dds
16 0.042868 -0.083864 1.722917 0.891637 -0.652572 -0.672703 0.073685 1.016223
16 0.044928 -0.084222 1.727385 1.046542 -0.680087 -0.340041 0.070175 1.023836
16 0.040785 -0.088060 1.725929 0.753414 -0.951595 -0.447469 0.077234 1.021355
Cleaner_Face_A.dds
16 0.038221 -0.086884 1.721408 0.618579 -0.897219 -0.696960 0.081604 1.013650
16 0.042868 -0.083864 1.722917 0.891637 -0.652572 -0.672703 0.073685 1.016223
16 0.040785 -0.088060 1.725929 0.753414 -0.951595 -0.447469 0.077234 1.021355
Cleaner_Face_A.dds
16 0.039863 -0.082818 1.719148 0.796402 -0.622320 -0.807377 0.078805 1.009799
16 0.042868 -0.083864 1.722917 0.891637 -0.652572 -0.672703 0.073685 1.016223
16 0.038221 -0.086884 1.721408 0.618579 -0.897219 -0.696960 0.081604 1.013650
Cleaner_Face_A.dds
16 0.027592 -0.092021 1.728132 -0.198056 -1.248941 -0.272608 0.099717 1.025109
16 0.033336 -0.092021 1.728132 0.198066 -1.248941 -0.272602 0.089929 1.025109
16 0.030464 -0.092701 1.732085 0.000003 -1.293598 0.000004 0.094823 1.031845
Cleaner_Face_A.dds
16 0.030465 -0.090814 1.724089 0.000017 -1.153850 -0.584829 0.094823 1.018220
16 0.035989 -0.090031 1.724481 0.396924 -1.103357 -0.546306 0.085408 1.018887
16 0.033336 -0.092021 1.728132 0.198066 -1.248941 -0.272602 0.089929 1.025109
Cleaner_Face_A.dds
16 0.027592 -0.092021 1.728132 -0.198056 -1.248941 -0.272608 0.099717 1.025109
16 0.030465 -0.090814 1.724089 0.000017 -1.153850 -0.584829 0.094823 1.018220
16 0.033336 -0.092021 1.728132 0.198066 -1.248941 -0.272602 0.089929 1.025109
Cleaner_Face_A.dds
16 0.024939 -0.090031 1.724481 -0.396907 -1.103362 -0.546309 0.104238 1.018887
16 0.030465 -0.090814 1.724089 0.000017 -1.153850 -0.584829 0.094823 1.018220
16 0.027592 -0.092021 1.728132 -0.198056 -1.248941 -0.272608 0.099717 1.025109
Cleaner_Face_A.dds
16 0.033129 -0.088060 1.720366 0.195561 -1.049839 -0.730061 0.090282 1.011876
16 0.038221 -0.086884 1.721408 0.618579 -0.897219 -0.696960 0.081604 1.013650
16 0.035989 -0.090031 1.724481 0.396924 -1.103357 -0.546306 0.085408 1.018887
Cleaner_Face_A.dds
16 0.030465 -0.090814 1.724089 0.000017 -1.153850 -0.584829 0.094823 1.018220
16 0.033129 -0.088060 1.720366 0.195561 -1.049839 -0.730061 0.090282 1.011876
16 0.035989 -0.090031 1.724481 0.396924 -1.103357 -0.546306 0.085408 1.018887
Cleaner_Face_A.dds
16 0.027799 -0.088060 1.720366 -0.195544 -1.049847 -0.730054 0.099364 1.011876
16 0.033129 -0.088060 1.720366 0.195561 -1.049839 -0.730061 0.090282 1.011876
16 0.030465 -0.090814 1.724089 0.000017 -1.153850 -0.584829 0.094823 1.018220
Cleaner_Face_A.dds
16 0.024939 -0.090031 1.724481 -0.396907 -1.103362 -0.546309 0.104238 1.018887
16 0.027799 -0.088060 1.720366 -0.195544 -1.049847 -0.730054 0.099364 1.011876
16 0.030465 -0.090814 1.724089 0.000017 -1.153850 -0.584829 0.094823 1.018220
Cleaner_Face_A.dds
16 0.022706 -0.086884 1.721408 -0.618581 -0.897218 -0.696960 0.108042 1.013650
16 0.027799 -0.088060 1.720366 -0.195544 -1.049847 -0.730054 0.099364 1.011876
16 0.024939 -0.090031 1.724481 -0.396907 -1.103362 -0.546309 0.104238 1.018887
Cleaner_Face_A.dds
16 0.025817 -0.092021 1.733595 -0.320465 -1.248941 0.104134 0.102741 1.034418
16 0.027592 -0.092021 1.728132 -0.198056 -1.248941 -0.272608 0.099717 1.025109
16 0.030464 -0.092701 1.732085 0.000003 -1.293598 0.000004 0.094823 1.031845
Cleaner_Face_A.dds
16 0.022860 -0.090814 1.729614 -0.556207 -1.153850 -0.180719 0.107781 1.027635
16 0.024939 -0.090031 1.724481 -0.396907 -1.103362 -0.546309 0.104238 1.018887
16 0.027592 -0.092021 1.728132 -0.198056 -1.248941 -0.272608 0.099717 1.025109
Cleaner_Face_A.dds
16 0.025817 -0.092021 1.733595 -0.320465 -1.248941 0.104134 0.102741 1.034418
16 0.022860 -0.090814 1.729614 -0.556207 -1.153850 -0.180719 0.107781 1.027635
16 0.027592 -0.092021 1.728132 -0.198056 -1.248941 -0.272608 0.099717 1.025109
Cleaner_Face_A.dds
16 0.021524 -0.090031 1.734989 -0.642223 -1.103358 0.208677 0.110056 1.036795
16 0.022860 -0.090814 1.729614 -0.556207 -1.153850 -0.180719 0.107781 1.027635
16 0.025817 -0.092021 1.733595 -0.320465 -1.248941 0.104134 0.102741 1.034418
Cleaner_Face_A.dds
16 0.020142 -0.088060 1.725929 -0.753415 -0.951595 -0.447469 0.112411 1.021355
16 0.022706 -0.086884 1.721408 -0.618581 -0.897218 -0.696960 0.108042 1.013650
16 0.024939 -0.090031 1.724481 -0.396907 -1.103362 -0.546309 0.104238 1.018887
Cleaner_Face_A.dds
16 0.022860 -0.090814 1.729614 -0.556207 -1.153850 -0.180719 0.107781 1.027635
16 0.020142 -0.088060 1.725929 -0.753415 -0.951595 -0.447469 0.112411 1.021355
16 0.024939 -0.090031 1.724481 -0.396907 -1.103362 -0.546309 0.104238 1.018887
Cleaner_Face_A.dds
16 0.018496 -0.088060 1.730998 -0.872539 -0.951598 -0.080829 0.115218 1.029993
16 0.020142 -0.088060 1.725929 -0.753415 -0.951595 -0.447469 0.112411 1.021355
16 0.022860 -0.090814 1.729614 -0.556207 -1.153850 -0.180719 0.107781 1.027635
Cleaner_Face_A.dds
16 0.021524 -0.090031 1.734989 -0.642223 -1.103358 0.208677 0.110056 1.036795
16 0.018496 -0.088060 1.730998 -0.872539 -0.951598 -0.080829 0.115218 1.029993
16 0.022860 -0.090814 1.729614 -0.556207 -1.153850 -0.180719 0.107781 1.027635
Cleaner_Face_A.dds
16 0.017912 -0.086884 1.736163 -0.915247 -0.864451 0.297396 0.116212 1.038795
16 0.018496 -0.088060 1.730998 -0.872539 -0.951598 -0.080829 0.115218 1.029993
16 0.021524 -0.090031 1.734989 -0.642223 -1.103358 0.208677 0.110056 1.036795
Cleaner_Face_A.dds
16 0.018060 -0.083864 1.722917 -0.891638 -0.652561 -0.672712 0.115960 1.016223
16 0.021064 -0.082818 1.719148 -0.796417 -0.622296 -0.807380 0.110840 1.009799
16 0.022706 -0.086884 1.721408 -0.618581 -0.897218 -0.696960 0.108042 1.013650
Cleaner_Face_A.dds
16 0.020142 -0.088060 1.725929 -0.753415 -0.951595 -0.447469 0.112411 1.021355
16 0.018060 -0.083864 1.722917 -0.891638 -0.652561 -0.672712 0.115960 1.016223
16 0.022706 -0.086884 1.721408 -0.618581 -0.897218 -0.696960 0.108042 1.013650
Cleaner_Face_A.dds
16 0.016000 -0.084222 1.727385 -1.046541 -0.680088 -0.340042 0.119471 1.023836
16 0.018060 -0.083864 1.722917 -0.891638 -0.652561 -0.672712 0.115960 1.016223
16 0.020142 -0.088060 1.725929 -0.753415 -0.951595 -0.447469 0.112411 1.021355
Cleaner_Face_A.dds
16 0.018496 -0.088060 1.730998 -0.872539 -0.951598 -0.080829 0.115218 1.029993
16 0.016000 -0.084222 1.727385 -1.046541 -0.680088 -0.340042 0.119471 1.023836
16 0.020142 -0.088060 1.725929 -0.753415 -0.951595 -0.447469 0.112411 1.021355
Cleaner_Face_A.dds
16 0.015040 -0.083864 1.732211 -1.116756 -0.652568 0.020147 0.121106 1.032059
16 0.016000 -0.084222 1.727385 -1.046541 -0.680088 -0.340042 0.119471 1.023836
16 0.018496 -0.088060 1.730998 -0.872539 -0.951598 -0.080829 0.115218 1.029993
Cleaner_Face_A.dds
16 0.017912 -0.086884 1.736163 -0.915247 -0.864451 0.297396 0.116212 1.038795
16 0.015040 -0.083864 1.732211 -1.116756 -0.652568 0.020147 0.121106 1.032059
16 0.018496 -0.088060 1.730998 -0.872539 -0.951598 -0.080829 0.115218 1.029993
Cleaner_Face_A.dds
16 0.015255 -0.082818 1.737027 -1.100398 -0.578512 0.357553 0.120740 1.040266
16 0.015040 -0.083864 1.732211 -1.116756 -0.652568 0.020147 0.121106 1.032059
16 0.017912 -0.086884 1.736163 -0.915247 -0.864451 0.297396 0.116212 1.038795
Cleaner_Face_A.dds
16 0.015040 -0.078978 1.740116 -1.115975 -0.313273 0.574331 0.121106 1.045530
16 0.013265 -0.078978 1.734654 -1.240424 -0.313271 0.191321 0.124130 1.036222
16 0.015255 -0.082818 1.737027 -1.100398 -0.578512 0.357553 0.120740 1.040266
Cleaner_Face_A.dds
16 0.013460 -0.074822 1.737610 -1.223894 -0.131665 0.397672 0.123799 1.041260
16 0.012585 -0.074822 1.732085 -1.286328 -0.136865 -0.004849 0.125290 1.031845
16 0.013265 -0.078978 1.734654 -1.240424 -0.313271 0.191321 0.124130 1.036222
Cleaner_Face_A.dds
16 0.015040 -0.078978 1.740116 -1.115975 -0.313273 0.574331 0.121106 1.045530
16 0.013460 -0.074822 1.737610 -1.223894 -0.131665 0.397672 0.123799 1.041260
16 0.013265 -0.078978 1.734654 -1.240424 -0.313271 0.191321 0.124130 1.036222
Cleaner_Face_A.dds
16 0.016000 -0.074822 1.742594 -1.091845 -0.151629 0.676963 0.119471 1.049753
16 0.013460 -0.074822 1.737610 -1.223894 -0.131665 0.397672 0.123799 1.041260
16 0.015040 -0.078978 1.740116 -1.115975 -0.313273 0.574331 0.121106 1.045530
Cleaner_Face_A.dds
16 0.047662 -0.078978 1.734654 1.240423 -0.313273 0.191324 0.065516 1.036222
16 0.045888 -0.078978 1.740116 1.115975 -0.313272 0.574331 0.068540 1.045530
16 0.045673 -0.082818 1.737027 1.100398 -0.578512 0.357552 0.068906 1.040266
Cleaner_Face_A.dds
16 0.047468 -0.074822 1.737610 1.223893 -0.131663 0.397674 0.065847 1.041260
16 0.044928 -0.074822 1.742594 1.091845 -0.151628 0.676963 0.070175 1.049753
16 0.045888 -0.078978 1.740116 1.115975 -0.313272 0.574331 0.068540 1.045530
Cleaner_Face_A.dds
16 0.047662 -0.078978 1.734654 1.240423 -0.313273 0.191324 0.065516 1.036222
16 0.047468 -0.074822 1.737610 1.223893 -0.131663 0.397674 0.065847 1.041260
16 0.045888 -0.078978 1.740116 1.115975 -0.313272 0.574331 0.068540 1.045530
Cleaner_Face_A.dds
16 0.048343 -0.074822 1.732085 1.286329 -0.136859 -0.004849 0.064356 1.031845
16 0.047468 -0.074822 1.737610 1.223893 -0.131663 0.397674 0.065847 1.041260
16 0.047662 -0.078978 1.734654 1.240423 -0.313273 0.191324 0.065516 1.036222
Cleaner_Face_A.dds
16 0.015040 -0.078978 1.740116 -1.115975 -0.313273 0.574331 0.121106 1.045530
16 0.018268 -0.079384 1.744337 -0.952615 -0.405983 0.775304 0.115605 1.052724
16 0.016000 -0.074822 1.742594 -1.091845 -0.151629 0.676963 0.119471 1.049753
Cleaner_Face_A.dds
16 0.017912 -0.083864 1.741049 -0.869820 -0.690038 0.663818 0.116212 1.047120
16 0.021525 -0.084222 1.744389 -0.755292 -0.748482 0.736684 0.110056 1.052812
16 0.018268 -0.079384 1.744337 -0.952615 -0.405983 0.775304 0.115605 1.052724
Cleaner_Face_A.dds
16 0.015040 -0.078978 1.740116 -1.115975 -0.313273 0.574331 0.121106 1.045530
16 0.017912 -0.083864 1.741049 -0.869820 -0.690038 0.663818 0.116212 1.047120
16 0.018268 -0.079384 1.744337 -0.952615 -0.405983 0.775304 0.115605 1.052724
Cleaner_Face_A.dds
16 0.015255 -0.082818 1.737027 -1.100398 -0.578512 0.357553 0.120740 1.040266
16 0.017912 -0.083864 1.741049 -0.869820 -0.690038 0.663818 0.116212 1.047120
16 0.015040 -0.078978 1.740116 -1.115975 -0.313273 0.574331 0.121106 1.045530
Cleaner_Face_A.dds
16 0.042660 -0.079384 1.744337 0.952618 -0.405980 0.775303 0.074041 1.052724
16 0.045888 -0.078978 1.740116 1.115975 -0.313272 0.574331 0.068540 1.045530
16 0.044928 -0.074822 1.742594 1.091845 -0.151628 0.676963 0.070175 1.049753
Cleaner_Face_A.dds
16 0.043016 -0.083864 1.741049 0.869823 -0.690037 0.663817 0.073434 1.047120
16 0.045673 -0.082818 1.737027 1.100398 -0.578512 0.357552 0.068906 1.040266
16 0.045888 -0.078978 1.740116 1.115975 -0.313272 0.574331 0.068540 1.045530
Cleaner_Face_A.dds
16 0.042660 -0.079384 1.744337 0.952618 -0.405980 0.775303 0.074041 1.052724
16 0.043016 -0.083864 1.741049 0.869823 -0.690037 0.663817 0.073434 1.047120
16 0.045888 -0.078978 1.740116 1.115975 -0.313272 0.574331 0.068540 1.045530
Cleaner_Face_A.dds
16 0.039403 -0.084222 1.744389 0.755292 -0.748482 0.736684 0.079589 1.052812
16 0.043016 -0.083864 1.741049 0.869823 -0.690037 0.663817 0.073434 1.047120
16 0.042660 -0.079384 1.744337 0.952618 -0.405980 0.775303 0.074041 1.052724
Cleaner_Face_A.dds
16 0.045885 -0.079384 1.724272 1.113488 -0.339002 -0.564462 0.068544 1.018532
16 0.042868 -0.078978 1.719898 0.966110 -0.393035 -0.765213 0.073685 1.011077
16 0.044928 -0.074822 1.721576 1.098398 -0.161991 -0.663834 0.070175 1.013937
Cleaner_Face_A.dds
16 0.047468 -0.074822 1.726560 1.222459 -0.145669 -0.397202 0.065847 1.022430
16 0.045885 -0.079384 1.724272 1.113488 -0.339002 -0.564462 0.068544 1.018532
16 0.044928 -0.074822 1.721576 1.098398 -0.161991 -0.663834 0.070175 1.013937
Cleaner_Face_A.dds
16 0.047532 -0.079384 1.729341 1.232614 -0.339004 -0.197826 0.065738 1.027169
16 0.045885 -0.079384 1.724272 1.113488 -0.339002 -0.564462 0.068544 1.018532
16 0.047468 -0.074822 1.726560 1.222459 -0.145669 -0.397202 0.065847 1.022430
Cleaner_Face_A.dds
16 0.048343 -0.074822 1.732085 1.286329 -0.136859 -0.004849 0.064356 1.031845
16 0.047532 -0.079384 1.729341 1.232614 -0.339004 -0.197826 0.065738 1.027169
16 0.047468 -0.074822 1.726560 1.222459 -0.145669 -0.397202 0.065847 1.022430
Cleaner_Face_A.dds
16 0.047662 -0.078978 1.734654 1.240423 -0.313273 0.191324 0.065516 1.036222
16 0.047532 -0.079384 1.729341 1.232614 -0.339004 -0.197826 0.065738 1.027169
16 0.048343 -0.074822 1.732085 1.286329 -0.136859 -0.004849 0.064356 1.031845
Cleaner_Face_A.dds
16 0.042868 -0.083864 1.722917 0.891637 -0.652572 -0.672703 0.073685 1.016223
16 0.039863 -0.082818 1.719148 0.796402 -0.622320 -0.807377 0.078805 1.009799
16 0.042868 -0.078978 1.719898 0.966110 -0.393035 -0.765213 0.073685 1.011077
Cleaner_Face_A.dds
16 0.045885 -0.079384 1.724272 1.113488 -0.339002 -0.564462 0.068544 1.018532
16 0.042868 -0.083864 1.722917 0.891637 -0.652572 -0.672703 0.073685 1.016223
16 0.042868 -0.078978 1.719898 0.966110 -0.393035 -0.765213 0.073685 1.011077
Cleaner_Face_A.dds
16 0.044928 -0.084222 1.727385 1.046542 -0.680087 -0.340041 0.070175 1.023836
16 0.042868 -0.083864 1.722917 0.891637 -0.652572 -0.672703 0.073685 1.016223
16 0.045885 -0.079384 1.724272 1.113488 -0.339002 -0.564462 0.068544 1.018532
Cleaner_Face_A.dds
16 0.047532 -0.079384 1.729341 1.232614 -0.339004 -0.197826 0.065738 1.027169
16 0.044928 -0.084222 1.727385 1.046542 -0.680087 -0.340041 0.070175 1.023836
16 0.045885 -0.079384 1.724272 1.113488 -0.339002 -0.564462 0.068544 1.018532
Cleaner_Face_A.dds
16 0.045888 -0.083864 1.732211 1.116756 -0.652568 0.020150 0.068540 1.032059
16 0.044928 -0.084222 1.727385 1.046542 -0.680087 -0.340041 0.070175 1.023836
16 0.047532 -0.079384 1.729341 1.232614 -0.339004 -0.197826 0.065738 1.027169
Cleaner_Face_A.dds
16 0.047662 -0.078978 1.734654 1.240423 -0.313273 0.191324 0.065516 1.036222
16 0.045888 -0.083864 1.732211 1.116756 -0.652568 0.020150 0.068540 1.032059
16 0.047532 -0.079384 1.729341 1.232614 -0.339004 -0.197826 0.065738 1.027169
Cleaner_Face_A.dds
16 0.045673 -0.082818 1.737027 1.100398 -0.578512 0.357552 0.068906 1.040266
16 0.045888 -0.083864 1.732211 1.116756 -0.652568 0.020150 0.068540 1.032059
16 0.047662 -0.078978 1.734654 1.240423 -0.313273 0.191324 0.065516 1.036222
Cleaner_Face_A.dds
16 0.013396 -0.079384 1.729341 -1.232614 -0.339003 -0.197824 0.123908 1.027169
16 0.013265 -0.078978 1.734654 -1.240424 -0.313271 0.191321 0.124130 1.036222
16 0.012585 -0.074822 1.732085 -1.286328 -0.136865 -0.004849 0.125290 1.031845
Cleaner_Face_A.dds
16 0.013460 -0.074822 1.726560 -1.222460 -0.145672 -0.397199 0.123799 1.022430
16 0.013396 -0.079384 1.729341 -1.232614 -0.339003 -0.197824 0.123908 1.027169
16 0.012585 -0.074822 1.732085 -1.286328 -0.136865 -0.004849 0.125290 1.031845
Cleaner_Face_A.dds
16 0.015043 -0.079384 1.724272 -1.113481 -0.339005 -0.564475 0.121102 1.018532
16 0.013396 -0.079384 1.729341 -1.232614 -0.339003 -0.197824 0.123908 1.027169
16 0.013460 -0.074822 1.726560 -1.222460 -0.145672 -0.397199 0.123799 1.022430
Cleaner_Face_A.dds
16 0.016000 -0.074822 1.721576 -1.098384 -0.162005 -0.663854 0.119471 1.013937
16 0.015043 -0.079384 1.724272 -1.113481 -0.339005 -0.564475 0.121102 1.018532
16 0.013460 -0.074822 1.726560 -1.222460 -0.145672 -0.397199 0.123799 1.022430
Cleaner_Face_A.dds
16 0.018060 -0.078978 1.719898 -0.966096 -0.393022 -0.765237 0.115960 1.011077
16 0.015043 -0.079384 1.724272 -1.113481 -0.339005 -0.564475 0.121102 1.018532
16 0.016000 -0.074822 1.721576 -1.098384 -0.162005 -0.663854 0.119471 1.013937
Cleaner_Face_A.dds
16 0.015040 -0.083864 1.732211 -1.116756 -0.652568 0.020147 0.121106 1.032059
16 0.015255 -0.082818 1.737027 -1.100398 -0.578512 0.357553 0.120740 1.040266
16 0.013265 -0.078978 1.734654 -1.240424 -0.313271 0.191321 0.124130 1.036222
Cleaner_Face_A.dds
16 0.013396 -0.079384 1.729341 -1.232614 -0.339003 -0.197824 0.123908 1.027169
16 0.015040 -0.083864 1.732211 -1.116756 -0.652568 0.020147 0.121106 1.032059
16 0.013265 -0.078978 1.734654 -1.240424 -0.313271 0.191321 0.124130 1.036222
Cleaner_Face_A.dds
16 0.016000 -0.084222 1.727385 -1.046541 -0.680088 -0.340042 0.119471 1.023836
16 0.015040 -0.083864 1.732211 -1.116756 -0.652568 0.020147 0.121106 1.032059
16 0.013396 -0.079384 1.729341 -1.232614 -0.339003 -0.197824 0.123908 1.027169
Cleaner_Face_A.dds
16 0.015043 -0.079384 1.724272 -1.113481 -0.339005 -0.564475 0.121102 1.018532
16 0.016000 -0.084222 1.727385 -1.046541 -0.680088 -0.340042 0.119471 1.023836
16 0.013396 -0.079384 1.729341 -1.232614 -0.339003 -0.197824 0.123908 1.027169
Cleaner_Face_A.dds
16 0.018060 -0.083864 1.722917 -0.891638 -0.652561 -0.672712 0.115960 1.016223
16 0.016000 -0.084222 1.727385 -1.046541 -0.680088 -0.340042 0.119471 1.023836
16 0.015043 -0.079384 1.724272 -1.113481 -0.339005 -0.564475 0.121102 1.018532
Cleaner_Face_A.dds
16 0.018060 -0.078978 1.719898 -0.966096 -0.393022 -0.765237 0.115960 1.011077
16 0.018060 -0.083864 1.722917 -0.891638 -0.652561 -0.672712 0.115960 1.016223
16 0.015043 -0.079384 1.724272 -1.113481 -0.339005 -0.564475 0.121102 1.018532
Cleaner_Face_A.dds
16 0.021064 -0.082818 1.719148 -0.796417 -0.622296 -0.807380 0.110840 1.009799
16 0.018060 -0.083864 1.722917 -0.891638 -0.652561 -0.672712 0.115960 1.016223
16 0.018060 -0.078978 1.719898 -0.966096 -0.393022 -0.765237 0.115960 1.011077
Cleaner_Face_A.dds
15 -0.030465 -0.092021 1.736971 0.000180 -1.248937 0.336975 0.094823 1.040171
15 -0.035118 -0.092021 1.733595 -0.320413 -1.248952 0.104164 0.102741 1.034418
15 -0.030471 -0.092701 1.732085 0.000024 -1.293598 0.000004 0.094823 1.031845
Cleaner_Face_A.dds
15 -0.035171 -0.090814 1.738554 -0.343629 -1.153879 0.473157 0.102832 1.042868
15 -0.039411 -0.090031 1.734989 -0.642225 -1.103356 0.208680 0.110056 1.036795
15 -0.035118 -0.092021 1.733595 -0.320413 -1.248952 0.104164 0.102741 1.034418
Cleaner_Face_A.dds
15 -0.030465 -0.092021 1.736971 0.000180 -1.248937 0.336975 0.094823 1.040171
15 -0.035171 -0.090814 1.738554 -0.343629 -1.153879 0.473157 0.102832 1.042868
15 -0.035118 -0.092021 1.733595 -0.320413 -1.248952 0.104164 0.102741 1.034418
Cleaner_Face_A.dds
15 -0.030465 -0.090031 1.741484 0.000198 -1.098274 0.683513 0.094823 1.047862
15 -0.035171 -0.090814 1.738554 -0.343629 -1.153879 0.473157 0.102832 1.042868
15 -0.030465 -0.092021 1.736971 0.000180 -1.248937 0.336975 0.094823 1.040171
Cleaner_Face_A.dds
15 -0.039515 -0.088060 1.739999 -0.656294 -0.958265 0.569563 0.110234 1.045331
15 -0.043023 -0.086884 1.736163 -0.915251 -0.864448 0.297390 0.116212 1.038795
15 -0.039411 -0.090031 1.734989 -0.642225 -1.103356 0.208680 0.110056 1.036795
Cleaner_Face_A.dds
15 -0.035171 -0.090814 1.738554 -0.343629 -1.153879 0.473157 0.102832 1.042868
15 -0.039515 -0.088060 1.739999 -0.656294 -0.958265 0.569563 0.110234 1.045331
15 -0.039411 -0.090031 1.734989 -0.642225 -1.103356 0.208680 0.110056 1.036795
Cleaner_Face_A.dds
15 -0.035203 -0.088060 1.743132 -0.405422 -0.954648 0.773094 0.102887 1.050669
15 -0.039515 -0.088060 1.739999 -0.656294 -0.958265 0.569563 0.110234 1.045331
15 -0.035171 -0.090814 1.738554 -0.343629 -1.153879 0.473157 0.102832 1.042868
Cleaner_Face_A.dds
15 -0.030465 -0.090031 1.741484 0.000198 -1.098274 0.683513 0.094823 1.047862
15 -0.035203 -0.088060 1.743132 -0.405422 -0.954648 0.773094 0.102887 1.050669
15 -0.035171 -0.090814 1.738554 -0.343629 -1.153879 0.473157 0.102832 1.042868
Cleaner_Face_A.dds
15 -0.043023 -0.083864 1.741049 -0.869825 -0.690041 0.663810 0.116212 1.047120
15 -0.045680 -0.082818 1.737027 -1.100396 -0.578519 0.357549 0.120740 1.040266
15 -0.043023 -0.086884 1.736163 -0.915251 -0.864448 0.297390 0.116212 1.038795
Cleaner_Face_A.dds
15 -0.039515 -0.088060 1.739999 -0.656294 -0.958265 0.569563 0.110234 1.045331
15 -0.043023 -0.083864 1.741049 -0.869825 -0.690041 0.663810 0.116212 1.047120
15 -0.043023 -0.086884 1.736163 -0.915251 -0.864448 0.297390 0.116212 1.038795
Cleaner_Face_A.dds
15 -0.039411 -0.084222 1.744389 -0.755297 -0.748480 0.736681 0.110056 1.052812
15 -0.043023 -0.083864 1.741049 -0.869825 -0.690041 0.663810 0.116212 1.047120
15 -0.035203 -0.088060 1.743132 -0.405422 -0.954648 0.773094 0.102887 1.050669
Cleaner_Face_A.dds
15 -0.035203 -0.088060 1.743132 -0.405422 -0.954648 0.773094 0.102887 1.050669
15 -0.043023 -0.083864 1.741049 -0.869825 -0.690041 0.663810 0.116212 1.047120
15 -0.039515 -0.088060 1.739999 -0.656294 -0.958265 0.569563 0.110234 1.045331
Cleaner_Face_A.dds
15 -0.025825 -0.092021 1.733595 0.320530 -1.248927 0.104101 0.086905 1.034418
15 -0.030465 -0.092021 1.736971 0.000180 -1.248937 0.336975 0.094823 1.040171
15 -0.030471 -0.092701 1.732085 0.000024 -1.293598 0.000004 0.094823 1.031845
Cleaner_Face_A.dds
15 -0.025771 -0.090814 1.738554 0.343886 -1.153813 0.473130 0.086814 1.042868
15 -0.030465 -0.090031 1.741484 0.000198 -1.098274 0.683513 0.094823 1.047862
15 -0.030465 -0.092021 1.736971 0.000180 -1.248937 0.336975 0.094823 1.040171
Cleaner_Face_A.dds
15 -0.025825 -0.092021 1.733595 0.320530 -1.248927 0.104101 0.086905 1.034418
15 -0.025771 -0.090814 1.738554 0.343886 -1.153813 0.473130 0.086814 1.042868
15 -0.030465 -0.092021 1.736971 0.000180 -1.248937 0.336975 0.094823 1.040171
Cleaner_Face_A.dds
15 -0.021532 -0.090031 1.734989 0.642221 -1.103358 0.208682 0.079589 1.036795
15 -0.025771 -0.090814 1.738554 0.343886 -1.153813 0.473130 0.086814 1.042868
15 -0.025825 -0.092021 1.733595 0.320530 -1.248927 0.104101 0.086905 1.034418
Cleaner_Face_A.dds
15 -0.025739 -0.088060 1.743132 0.405543 -0.954616 0.773071 0.086759 1.050669
15 -0.035203 -0.088060 1.743132 -0.405422 -0.954648 0.773094 0.102887 1.050669
15 -0.030465 -0.090031 1.741484 0.000198 -1.098274 0.683513 0.094823 1.047862
Cleaner_Face_A.dds
15 -0.025771 -0.090814 1.738554 0.343886 -1.153813 0.473130 0.086814 1.042868
15 -0.025739 -0.088060 1.743132 0.405543 -0.954616 0.773071 0.086759 1.050669
15 -0.030465 -0.090031 1.741484 0.000198 -1.098274 0.683513 0.094823 1.047862
Cleaner_Face_A.dds
15 -0.021427 -0.088060 1.739999 0.656284 -0.958266 0.569572 0.079412 1.045331
15 -0.025739 -0.088060 1.743132 0.405543 -0.954616 0.773071 0.086759 1.050669
15 -0.025771 -0.090814 1.738554 0.343886 -1.153813 0.473130 0.086814 1.042868
Cleaner_Face_A.dds
15 -0.021532 -0.090031 1.734989 0.642221 -1.103358 0.208682 0.079589 1.036795
15 -0.021427 -0.088060 1.739999 0.656284 -0.958266 0.569572 0.079412 1.045331
15 -0.025771 -0.090814 1.738554 0.343886 -1.153813 0.473130 0.086814 1.042868
Cleaner_Face_A.dds
15 -0.017919 -0.086884 1.736163 0.915249 -0.864447 0.297397 0.073434 1.038795
15 -0.021427 -0.088060 1.739999 0.656284 -0.958266 0.569572 0.079412 1.045331
15 -0.021532 -0.090031 1.734989 0.642221 -1.103358 0.208682 0.079589 1.036795
Cleaner_Face_A.dds
15 -0.017919 -0.083864 1.741049 0.869824 -0.690038 0.663815 0.073434 1.047120
15 -0.021532 -0.084222 1.744389 0.755296 -0.748485 0.736678 0.079589 1.052812
15 -0.025739 -0.088060 1.743132 0.405543 -0.954616 0.773071 0.086759 1.050669
Cleaner_Face_A.dds
15 -0.017919 -0.083864 1.741049 0.869824 -0.690038 0.663815 0.073434 1.047120
15 -0.025739 -0.088060 1.743132 0.405543 -0.954616 0.773071 0.086759 1.050669
15 -0.021427 -0.088060 1.739999 0.656284 -0.958266 0.569572 0.079412 1.045331
Cleaner_Face_A.dds
15 -0.017919 -0.086884 1.736163 0.915249 -0.864447 0.297397 0.073434 1.038795
15 -0.017919 -0.083864 1.741049 0.869824 -0.690038 0.663815 0.073434 1.047120
15 -0.021427 -0.088060 1.739999 0.656284 -0.958266 0.569572 0.079412 1.045331
Cleaner_Face_A.dds
15 -0.015262 -0.082818 1.737027 1.100401 -0.578507 0.357550 0.068906 1.040266
15 -0.017919 -0.083864 1.741049 0.869824 -0.690038 0.663815 0.073434 1.047120
15 -0.017919 -0.086884 1.736163 0.915249 -0.864447 0.297397 0.073434 1.038795
Cleaner_Face_A.dds
15 -0.027599 -0.092021 1.728132 0.198099 -1.248941 -0.272579 0.089929 1.025109
15 -0.025825 -0.092021 1.733595 0.320530 -1.248927 0.104101 0.086905 1.034418
15 -0.030471 -0.092701 1.732085 0.000024 -1.293598 0.000004 0.094823 1.031845
Cleaner_Face_A.dds
15 -0.022867 -0.090814 1.729614 0.556208 -1.153849 -0.180720 0.081865 1.027635
15 -0.021532 -0.090031 1.734989 0.642221 -1.103358 0.208682 0.079589 1.036795
15 -0.025825 -0.092021 1.733595 0.320530 -1.248927 0.104101 0.086905 1.034418
Cleaner_Face_A.dds
15 -0.027599 -0.092021 1.728132 0.198099 -1.248941 -0.272579 0.089929 1.025109
15 -0.022867 -0.090814 1.729614 0.556208 -1.153849 -0.180720 0.081865 1.027635
15 -0.025825 -0.092021 1.733595 0.320530 -1.248927 0.104101 0.086905 1.034418
Cleaner_Face_A.dds
15 -0.024946 -0.090031 1.724481 0.454155 -1.072779 -0.562391 0.085408 1.018887
15 -0.022867 -0.090814 1.729614 0.556208 -1.153849 -0.180720 0.081865 1.027635
15 -0.027599 -0.092021 1.728132 0.198099 -1.248941 -0.272579 0.089929 1.025109
Cleaner_Face_A.dds
15 -0.018503 -0.088060 1.730998 0.872543 -0.951594 -0.080830 0.074428 1.029993
15 -0.017919 -0.086884 1.736163 0.915249 -0.864447 0.297397 0.073434 1.038795
15 -0.021532 -0.090031 1.734989 0.642221 -1.103358 0.208682 0.079589 1.036795
Cleaner_Face_A.dds
15 -0.022867 -0.090814 1.729614 0.556208 -1.153849 -0.180720 0.081865 1.027635
15 -0.018503 -0.088060 1.730998 0.872543 -0.951594 -0.080830 0.074428 1.029993
15 -0.021532 -0.090031 1.734989 0.642221 -1.103358 0.208682 0.079589 1.036795
Cleaner_Face_A.dds
15 -0.020150 -0.088060 1.725929 0.755957 -0.949485 -0.447663 0.077234 1.021355
15 -0.018503 -0.088060 1.730998 0.872543 -0.951594 -0.080830 0.074428 1.029993
15 -0.022867 -0.090814 1.729614 0.556208 -1.153849 -0.180720 0.081865 1.027635
Cleaner_Face_A.dds
15 -0.024946 -0.090031 1.724481 0.454155 -1.072779 -0.562391 0.085408 1.018887
15 -0.020150 -0.088060 1.725929 0.755957 -0.949485 -0.447663 0.077234 1.021355
15 -0.022867 -0.090814 1.729614 0.556208 -1.153849 -0.180720 0.081865 1.027635
Cleaner_Face_A.dds
15 -0.018067 -0.083864 1.722917 0.857144 -0.705891 -0.663640 0.073685 1.016223
15 -0.020150 -0.088060 1.725929 0.755957 -0.949485 -0.447663 0.077234 1.021355
15 -0.024946 -0.090031 1.724481 0.454155 -1.072779 -0.562391 0.085408 1.018887
Cleaner_Face_A.dds
15 -0.015048 -0.083864 1.732211 1.116758 -0.652565 0.020149 0.068540 1.032059
15 -0.015262 -0.082818 1.737027 1.100401 -0.578507 0.357550 0.068906 1.040266
15 -0.017919 -0.086884 1.736163 0.915249 -0.864447 0.297397 0.073434 1.038795
Cleaner_Face_A.dds
15 -0.018503 -0.088060 1.730998 0.872543 -0.951594 -0.080830 0.074428 1.029993
15 -0.015048 -0.083864 1.732211 1.116758 -0.652565 0.020149 0.068540 1.032059
15 -0.017919 -0.086884 1.736163 0.915249 -0.864447 0.297397 0.073434 1.038795
Cleaner_Face_A.dds
15 -0.016007 -0.084222 1.727385 1.046541 -0.680088 -0.340041 0.070175 1.023836
15 -0.015048 -0.083864 1.732211 1.116758 -0.652565 0.020149 0.068540 1.032059
15 -0.018503 -0.088060 1.730998 0.872543 -0.951594 -0.080830 0.074428 1.029993
Cleaner_Face_A.dds
15 -0.020150 -0.088060 1.725929 0.755957 -0.949485 -0.447663 0.077234 1.021355
15 -0.016007 -0.084222 1.727385 1.046541 -0.680088 -0.340041 0.070175 1.023836
15 -0.018503 -0.088060 1.730998 0.872543 -0.951594 -0.080830 0.074428 1.029993
Cleaner_Face_A.dds
15 -0.018067 -0.083864 1.722917 0.857144 -0.705891 -0.663640 0.073685 1.016223
15 -0.016007 -0.084222 1.727385 1.046541 -0.680088 -0.340041 0.070175 1.023836
15 -0.020150 -0.088060 1.725929 0.755957 -0.949485 -0.447663 0.077234 1.021355
Cleaner_Face_A.dds
15 -0.022714 -0.086884 1.721408 0.635717 -0.910766 -0.663147 0.081604 1.013650
15 -0.018067 -0.083864 1.722917 0.857144 -0.705891 -0.663640 0.073685 1.016223
15 -0.024946 -0.090031 1.724481 0.454155 -1.072779 -0.562391 0.085408 1.018887
Cleaner_Face_A.dds
15 -0.021072 -0.082818 1.719148 0.796402 -0.622316 -0.807379 0.078805 1.009799
15 -0.018067 -0.083864 1.722917 0.857144 -0.705891 -0.663640 0.073685 1.016223
15 -0.022714 -0.086884 1.721408 0.635717 -0.910766 -0.663147 0.081604 1.013650
Cleaner_Face_A.dds
15 -0.033343 -0.092021 1.728132 -0.198022 -1.248941 -0.272633 0.099717 1.025109
15 -0.027599 -0.092021 1.728132 0.198099 -1.248941 -0.272579 0.089929 1.025109
15 -0.030471 -0.092701 1.732085 0.000024 -1.293598 0.000004 0.094823 1.031845
Cleaner_Face_A.dds
15 -0.030465 -0.090814 1.724089 0.000157 -1.153851 -0.584828 0.094823 1.018220
15 -0.024946 -0.090031 1.724481 0.454155 -1.072779 -0.562391 0.085408 1.018887
15 -0.027599 -0.092021 1.728132 0.198099 -1.248941 -0.272579 0.089929 1.025109
Cleaner_Face_A.dds
15 -0.033343 -0.092021 1.728132 -0.198022 -1.248941 -0.272633 0.099717 1.025109
15 -0.030465 -0.090814 1.724089 0.000157 -1.153851 -0.584828 0.094823 1.018220
15 -0.027599 -0.092021 1.728132 0.198099 -1.248941 -0.272579 0.089929 1.025109
Cleaner_Face_A.dds
15 -0.035996 -0.090031 1.724481 -0.396840 -1.103380 -0.546319 0.104238 1.018887
15 -0.030465 -0.090814 1.724089 0.000157 -1.153851 -0.584828 0.094823 1.018220
15 -0.033343 -0.092021 1.728132 -0.198022 -1.248941 -0.272633 0.099717 1.025109
Cleaner_Face_A.dds
15 -0.027806 -0.088060 1.720366 0.195630 -1.049807 -0.730089 0.090282 1.011876
15 -0.022714 -0.086884 1.721408 0.635717 -0.910766 -0.663147 0.081604 1.013650
15 -0.024946 -0.090031 1.724481 0.454155 -1.072779 -0.562391 0.085408 1.018887
Cleaner_Face_A.dds
15 -0.030465 -0.090814 1.724089 0.000157 -1.153851 -0.584828 0.094823 1.018220
15 -0.027806 -0.088060 1.720366 0.195630 -1.049807 -0.730089 0.090282 1.011876
15 -0.024946 -0.090031 1.724481 0.454155 -1.072779 -0.562391 0.085408 1.018887
Cleaner_Face_A.dds
15 -0.033136 -0.088060 1.720366 -0.195475 -1.049883 -0.730021 0.099364 1.011876
15 -0.027806 -0.088060 1.720366 0.195630 -1.049807 -0.730089 0.090282 1.011876
15 -0.030465 -0.090814 1.724089 0.000157 -1.153851 -0.584828 0.094823 1.018220
Cleaner_Face_A.dds
15 -0.035996 -0.090031 1.724481 -0.396840 -1.103380 -0.546319 0.104238 1.018887
15 -0.033136 -0.088060 1.720366 -0.195475 -1.049883 -0.730021 0.099364 1.011876
15 -0.030465 -0.090814 1.724089 0.000157 -1.153851 -0.584828 0.094823 1.018220
Cleaner_Face_A.dds
15 -0.038229 -0.086884 1.721408 -0.618582 -0.897217 -0.696960 0.108042 1.013650
15 -0.033136 -0.088060 1.720366 -0.195475 -1.049883 -0.730021 0.099364 1.011876
15 -0.035996 -0.090031 1.724481 -0.396840 -1.103380 -0.546319 0.104238 1.018887
Cleaner_Face_A.dds
15 -0.035118 -0.092021 1.733595 -0.320413 -1.248952 0.104164 0.102741 1.034418
15 -0.033343 -0.092021 1.728132 -0.198022 -1.248941 -0.272633 0.099717 1.025109
15 -0.030471 -0.092701 1.732085 0.000024 -1.293598 0.000004 0.094823 1.031845
Cleaner_Face_A.dds
15 -0.038076 -0.090814 1.729614 -0.556205 -1.153851 -0.180720 0.107781 1.027635
15 -0.035996 -0.090031 1.724481 -0.396840 -1.103380 -0.546319 0.104238 1.018887
15 -0.033343 -0.092021 1.728132 -0.198022 -1.248941 -0.272633 0.099717 1.025109
Cleaner_Face_A.dds
15 -0.035118 -0.092021 1.733595 -0.320413 -1.248952 0.104164 0.102741 1.034418
15 -0.038076 -0.090814 1.729614 -0.556205 -1.153851 -0.180720 0.107781 1.027635
15 -0.033343 -0.092021 1.728132 -0.198022 -1.248941 -0.272633 0.099717 1.025109
Cleaner_Face_A.dds
15 -0.039411 -0.090031 1.734989 -0.642225 -1.103356 0.208680 0.110056 1.036795
15 -0.038076 -0.090814 1.729614 -0.556205 -1.153851 -0.180720 0.107781 1.027635
15 -0.035118 -0.092021 1.733595 -0.320413 -1.248952 0.104164 0.102741 1.034418
Cleaner_Face_A.dds
15 -0.040793 -0.088060 1.725929 -0.753417 -0.951593 -0.447471 0.112411 1.021355
15 -0.038229 -0.086884 1.721408 -0.618582 -0.897217 -0.696960 0.108042 1.013650
15 -0.035996 -0.090031 1.724481 -0.396840 -1.103380 -0.546319 0.104238 1.018887
Cleaner_Face_A.dds
15 -0.038076 -0.090814 1.729614 -0.556205 -1.153851 -0.180720 0.107781 1.027635
15 -0.040793 -0.088060 1.725929 -0.753417 -0.951593 -0.447471 0.112411 1.021355
15 -0.035996 -0.090031 1.724481 -0.396840 -1.103380 -0.546319 0.104238 1.018887
Cleaner_Face_A.dds
15 -0.042440 -0.088060 1.730998 -0.872543 -0.951594 -0.080830 0.115218 1.029993
15 -0.040793 -0.088060 1.725929 -0.753417 -0.951593 -0.447471 0.112411 1.021355
15 -0.038076 -0.090814 1.729614 -0.556205 -1.153851 -0.180720 0.107781 1.027635
Cleaner_Face_A.dds
15 -0.039411 -0.090031 1.734989 -0.642225 -1.103356 0.208680 0.110056 1.036795
15 -0.042440 -0.088060 1.730998 -0.872543 -0.951594 -0.080830 0.115218 1.029993
15 -0.038076 -0.090814 1.729614 -0.556205 -1.153851 -0.180720 0.107781 1.027635
Cleaner_Face_A.dds
15 -0.043023 -0.086884 1.736163 -0.915251 -0.864448 0.297390 0.116212 1.038795
15 -0.042440 -0.088060 1.730998 -0.872543 -0.951594 -0.080830 0.115218 1.029993
15 -0.039411 -0.090031 1.734989 -0.642225 -1.103356 0.208680 0.110056 1.036795
Cleaner_Face_A.dds
15 -0.042875 -0.083864 1.722917 -0.891639 -0.652571 -0.672701 0.115960 1.016223
15 -0.039871 -0.082818 1.719148 -0.796403 -0.622319 -0.807376 0.110840 1.009799
15 -0.038229 -0.086884 1.721408 -0.618582 -0.897217 -0.696960 0.108042 1.013650
Cleaner_Face_A.dds
15 -0.040793 -0.088060 1.725929 -0.753417 -0.951593 -0.447471 0.112411 1.021355
15 -0.042875 -0.083864 1.722917 -0.891639 -0.652571 -0.672701 0.115960 1.016223
15 -0.038229 -0.086884 1.721408 -0.618582 -0.897217 -0.696960 0.108042 1.013650
Cleaner_Face_A.dds
15 -0.044935 -0.084222 1.727385 -1.046542 -0.680085 -0.340044 0.119471 1.023836
15 -0.042875 -0.083864 1.722917 -0.891639 -0.652571 -0.672701 0.115960 1.016223
15 -0.040793 -0.088060 1.725929 -0.753417 -0.951593 -0.447471 0.112411 1.021355
Cleaner_Face_A.dds
15 -0.042440 -0.088060 1.730998 -0.872543 -0.951594 -0.080830 0.115218 1.029993
15 -0.044935 -0.084222 1.727385 -1.046542 -0.680085 -0.340044 0.119471 1.023836
15 -0.040793 -0.088060 1.725929 -0.753417 -0.951593 -0.447471 0.112411 1.021355
Cleaner_Face_A.dds
15 -0.045895 -0.083864 1.732211 -1.116756 -0.652569 0.020147 0.121106 1.032059
15 -0.044935 -0.084222 1.727385 -1.046542 -0.680085 -0.340044 0.119471 1.023836
15 -0.042440 -0.088060 1.730998 -0.872543 -0.951594 -0.080830 0.115218 1.029993
Cleaner_Face_A.dds
15 -0.043023 -0.086884 1.736163 -0.915251 -0.864448 0.297390 0.116212 1.038795
15 -0.045895 -0.083864 1.732211 -1.116756 -0.652569 0.020147 0.121106 1.032059
15 -0.042440 -0.088060 1.730998 -0.872543 -0.951594 -0.080830 0.115218 1.029993
Cleaner_Face_A.dds
15 -0.045680 -0.082818 1.737027 -1.100396 -0.578519 0.357549 0.120740 1.040266
15 -0.045895 -0.083864 1.732211 -1.116756 -0.652569 0.020147 0.121106 1.032059
15 -0.043023 -0.086884 1.736163 -0.915251 -0.864448 0.297390 0.116212 1.038795
Cleaner_Face_A.dds
15 -0.045895 -0.078978 1.740116 -1.115975 -0.313270 0.574332 0.121106 1.045530
15 -0.047670 -0.078978 1.734654 -1.240424 -0.313272 0.191324 0.124130 1.036222
15 -0.045680 -0.082818 1.737027 -1.100396 -0.578519 0.357549 0.120740 1.040266
Cleaner_Face_A.dds
15 -0.047475 -0.074822 1.737610 -1.223894 -0.131658 0.397676 0.123799 1.041260
15 -0.048350 -0.074822 1.732085 -1.286328 -0.136861 -0.004848 0.125290 1.031845
15 -0.047670 -0.078978 1.734654 -1.240424 -0.313272 0.191324 0.124130 1.036222
Cleaner_Face_A.dds
15 -0.045895 -0.078978 1.740116 -1.115975 -0.313270 0.574332 0.121106 1.045530
15 -0.047475 -0.074822 1.737610 -1.223894 -0.131658 0.397676 0.123799 1.041260
15 -0.047670 -0.078978 1.734654 -1.240424 -0.313272 0.191324 0.124130 1.036222
Cleaner_Face_A.dds
15 -0.044936 -0.074822 1.742594 -1.091846 -0.151628 0.676962 0.119471 1.049753
15 -0.047475 -0.074822 1.737610 -1.223894 -0.131658 0.397676 0.123799 1.041260
15 -0.045895 -0.078978 1.740116 -1.115975 -0.313270 0.574332 0.121106 1.045530
Cleaner_Face_A.dds
15 -0.013273 -0.078978 1.734654 1.240424 -0.313271 0.191323 0.065516 1.036222
15 -0.015048 -0.078978 1.740116 1.115977 -0.313270 0.574328 0.068540 1.045530
15 -0.015262 -0.082818 1.737027 1.100401 -0.578507 0.357550 0.068906 1.040266
Cleaner_Face_A.dds
15 -0.013467 -0.074822 1.737610 1.223894 -0.131666 0.397672 0.065847 1.041260
15 -0.016007 -0.074822 1.742594 1.091847 -0.151626 0.676960 0.070175 1.049753
15 -0.015048 -0.078978 1.740116 1.115977 -0.313270 0.574328 0.068540 1.045530
Cleaner_Face_A.dds
15 -0.013273 -0.078978 1.734654 1.240424 -0.313271 0.191323 0.065516 1.036222
15 -0.013467 -0.074822 1.737610 1.223894 -0.131666 0.397672 0.065847 1.041260
15 -0.015048 -0.078978 1.740116 1.115977 -0.313270 0.574328 0.068540 1.045530
Cleaner_Face_A.dds
15 -0.012592 -0.074822 1.732085 1.286329 -0.136859 -0.004846 0.064356 1.031845
15 -0.013467 -0.074822 1.737610 1.223894 -0.131666 0.397672 0.065847 1.041260
15 -0.013273 -0.078978 1.734654 1.240424 -0.313271 0.191323 0.065516 1.036222
Cleaner_Face_A.dds
15 -0.045895 -0.078978 1.740116 -1.115975 -0.313270 0.574332 0.121106 1.045530
15 -0.042667 -0.079384 1.744337 -0.952617 -0.405978 0.775305 0.115605 1.052724
15 -0.044936 -0.074822 1.742594 -1.091846 -0.151628 0.676962 0.119471 1.049753
Cleaner_Face_A.dds
15 -0.043023 -0.083864 1.741049 -0.869825 -0.690041 0.663810 0.116212 1.047120
15 -0.039411 -0.084222 1.744389 -0.755297 -0.748480 0.736681 0.110056 1.052812
15 -0.042667 -0.079384 1.744337 -0.952617 -0.405978 0.775305 0.115605 1.052724
Cleaner_Face_A.dds
15 -0.045895 -0.078978 1.740116 -1.115975 -0.313270 0.574332 0.121106 1.045530
15 -0.043023 -0.083864 1.741049 -0.869825 -0.690041 0.663810 0.116212 1.047120
15 -0.042667 -0.079384 1.744337 -0.952617 -0.405978 0.775305 0.115605 1.052724
Cleaner_Face_A.dds
15 -0.045680 -0.082818 1.737027 -1.100396 -0.578519 0.357549 0.120740 1.040266
15 -0.043023 -0.083864 1.741049 -0.869825 -0.690041 0.663810 0.116212 1.047120
15 -0.045895 -0.078978 1.740116 -1.115975 -0.313270 0.574332 0.121106 1.045530
Cleaner_Face_A.dds
15 -0.018276 -0.079384 1.744337 0.952622 -0.405978 0.775299 0.074041 1.052724
15 -0.015048 -0.078978 1.740116 1.115977 -0.313270 0.574328 0.068540 1.045530
15 -0.016007 -0.074822 1.742594 1.091847 -0.151626 0.676960 0.070175 1.049753
Cleaner_Face_A.dds
15 -0.017919 -0.083864 1.741049 0.869824 -0.690038 0.663815 0.073434 1.047120
15 -0.015262 -0.082818 1.737027 1.100401 -0.578507 0.357550 0.068906 1.040266
15 -0.015048 -0.078978 1.740116 1.115977 -0.313270 0.574328 0.068540 1.045530
Cleaner_Face_A.dds
15 -0.018276 -0.079384 1.744337 0.952622 -0.405978 0.775299 0.074041 1.052724
15 -0.017919 -0.083864 1.741049 0.869824 -0.690038 0.663815 0.073434 1.047120
15 -0.015048 -0.078978 1.740116 1.115977 -0.313270 0.574328 0.068540 1.045530
Cleaner_Face_A.dds
15 -0.021532 -0.084222 1.744389 0.755296 -0.748485 0.736678 0.079589 1.052812
15 -0.017919 -0.083864 1.741049 0.869824 -0.690038 0.663815 0.073434 1.047120
15 -0.018276 -0.079384 1.744337 0.952622 -0.405978 0.775299 0.074041 1.052724
Cleaner_Face_A.dds
15 -0.015050 -0.079384 1.724272 1.113487 -0.339005 -0.564462 0.068544 1.018532
15 -0.018067 -0.078979 1.719898 0.966105 -0.393042 -0.765215 0.073685 1.011077
15 -0.016007 -0.074822 1.721576 1.098400 -0.162002 -0.663829 0.070175 1.013937
Cleaner_Face_A.dds
15 -0.013467 -0.074822 1.726560 1.222461 -0.145663 -0.397197 0.065847 1.022430
15 -0.015050 -0.079384 1.724272 1.113487 -0.339005 -0.564462 0.068544 1.018532
15 -0.016007 -0.074822 1.721576 1.098400 -0.162002 -0.663829 0.070175 1.013937
Cleaner_Face_A.dds
15 -0.013403 -0.079384 1.729341 1.232615 -0.339002 -0.197824 0.065738 1.027169
15 -0.015050 -0.079384 1.724272 1.113487 -0.339005 -0.564462 0.068544 1.018532
15 -0.013467 -0.074822 1.726560 1.222461 -0.145663 -0.397197 0.065847 1.022430
Cleaner_Face_A.dds
15 -0.012592 -0.074822 1.732085 1.286329 -0.136859 -0.004846 0.064356 1.031845
15 -0.013403 -0.079384 1.729341 1.232615 -0.339002 -0.197824 0.065738 1.027169
15 -0.013467 -0.074822 1.726560 1.222461 -0.145663 -0.397197 0.065847 1.022430
Cleaner_Face_A.dds
15 -0.013273 -0.078978 1.734654 1.240424 -0.313271 0.191323 0.065516 1.036222
15 -0.013403 -0.079384 1.729341 1.232615 -0.339002 -0.197824 0.065738 1.027169
15 -0.012592 -0.074822 1.732085 1.286329 -0.136859 -0.004846 0.064356 1.031845
Cleaner_Face_A.dds
15 -0.018067 -0.083864 1.722917 0.857144 -0.705891 -0.663640 0.073685 1.016223
15 -0.021072 -0.082818 1.719148 0.796402 -0.622316 -0.807379 0.078805 1.009799
15 -0.018067 -0.078979 1.719898 0.966105 -0.393042 -0.765215 0.073685 1.011077
Cleaner_Face_A.dds
15 -0.015050 -0.079384 1.724272 1.113487 -0.339005 -0.564462 0.068544 1.018532
15 -0.018067 -0.083864 1.722917 0.857144 -0.705891 -0.663640 0.073685 1.016223
15 -0.018067 -0.078979 1.719898 0.966105 -0.393042 -0.765215 0.073685 1.011077
Cleaner_Face_A.dds
15 -0.016007 -0.084222 1.727385 1.046541 -0.680088 -0.340041 0.070175 1.023836
15 -0.018067 -0.083864 1.722917 0.857144 -0.705891 -0.663640 0.073685 1.016223
15 -0.015050 -0.079384 1.724272 1.113487 -0.339005 -0.564462 0.068544 1.018532
Cleaner_Face_A.dds
15 -0.013403 -0.079384 1.729341 1.232615 -0.339002 -0.197824 0.065738 1.027169
15 -0.016007 -0.084222 1.727385 1.046541 -0.680088 -0.340041 0.070175 1.023836
15 -0.015050 -0.079384 1.724272 1.113487 -0.339005 -0.564462 0.068544 1.018532
Cleaner_Face_A.dds
15 -0.015048 -0.083864 1.732211 1.116758 -0.652565 0.020149 0.068540 1.032059
15 -0.016007 -0.084222 1.727385 1.046541 -0.680088 -0.340041 0.070175 1.023836
15 -0.013403 -0.079384 1.729341 1.232615 -0.339002 -0.197824 0.065738 1.027169
Cleaner_Face_A.dds
15 -0.013273 -0.078978 1.734654 1.240424 -0.313271 0.191323 0.065516 1.036222
15 -0.015048 -0.083864 1.732211 1.116758 -0.652565 0.020149 0.068540 1.032059
15 -0.013403 -0.079384 1.729341 1.232615 -0.339002 -0.197824 0.065738 1.027169
Cleaner_Face_A.dds
15 -0.015262 -0.082818 1.737027 1.100401 -0.578507 0.357550 0.068906 1.040266
15 -0.015048 -0.083864 1.732211 1.116758 -0.652565 0.020149 0.068540 1.032059
15 -0.013273 -0.078978 1.734654 1.240424 -0.313271 0.191323 0.065516 1.036222
Cleaner_Face_A.dds
15 -0.047539 -0.079384 1.729341 -1.232613 -0.339006 -0.197830 0.123908 1.027169
15 -0.047670 -0.078978 1.734654 -1.240424 -0.313272 0.191324 0.124130 1.036222
15 -0.048350 -0.074822 1.732085 -1.286328 -0.136861 -0.004848 0.125290 1.031845
Cleaner_Face_A.dds
15 -0.047475 -0.074822 1.726560 -1.222459 -0.145668 -0.397204 0.123799 1.022430
15 -0.047539 -0.079384 1.729341 -1.232613 -0.339006 -0.197830 0.123908 1.027169
15 -0.048350 -0.074822 1.732085 -1.286328 -0.136861 -0.004848 0.125290 1.031845
Cleaner_Face_A.dds
15 -0.045892 -0.079384 1.724272 -1.113488 -0.339003 -0.564461 0.121102 1.018532
15 -0.047539 -0.079384 1.729341 -1.232613 -0.339006 -0.197830 0.123908 1.027169
15 -0.047475 -0.074822 1.726560 -1.222459 -0.145668 -0.397204 0.123799 1.022430
Cleaner_Face_A.dds
15 -0.044936 -0.074822 1.721576 -1.098399 -0.161994 -0.663832 0.119471 1.013937
15 -0.045892 -0.079384 1.724272 -1.113488 -0.339003 -0.564461 0.121102 1.018532
15 -0.047475 -0.074822 1.726560 -1.222459 -0.145668 -0.397204 0.123799 1.022430
Cleaner_Face_A.dds
15 -0.042875 -0.078979 1.719898 -0.966110 -0.393036 -0.765212 0.115960 1.011077
15 -0.045892 -0.079384 1.724272 -1.113488 -0.339003 -0.564461 0.121102 1.018532
15 -0.044936 -0.074822 1.721576 -1.098399 -0.161994 -0.663832 0.119471 1.013937
Cleaner_Face_A.dds
15 -0.045895 -0.083864 1.732211 -1.116756 -0.652569 0.020147 0.121106 1.032059
15 -0.045680 -0.082818 1.737027 -1.100396 -0.578519 0.357549 0.120740 1.040266
15 -0.047670 -0.078978 1.734654 -1.240424 -0.313272 0.191324 0.124130 1.036222
Cleaner_Face_A.dds
15 -0.047539 -0.079384 1.729341 -1.232613 -0.339006 -0.197830 0.123908 1.027169
15 -0.045895 -0.083864 1.732211 -1.116756 -0.652569 0.020147 0.121106 1.032059
15 -0.047670 -0.078978 1.734654 -1.240424 -0.313272 0.191324 0.124130 1.036222
Cleaner_Face_A.dds
15 -0.044935 -0.084222 1.727385 -1.046542 -0.680085 -0.340044 0.119471 1.023836
15 -0.045895 -0.083864 1.732211 -1.116756 -0.652569 0.020147 0.121106 1.032059
15 -0.047539 -0.079384 1.729341 -1.232613 -0.339006 -0.197830 0.123908 1.027169
Cleaner_Face_A.dds
15 -0.045892 -0.079384 1.724272 -1.113488 -0.339003 -0.564461 0.121102 1.018532
15 -0.044935 -0.084222 1.727385 -1.046542 -0.680085 -0.340044 0.119471 1.023836
15 -0.047539 -0.079384 1.729341 -1.232613 -0.339006 -0.197830 0.123908 1.027169
Cleaner_Face_A.dds
15 -0.042875 -0.083864 1.722917 -0.891639 -0.652571 -0.672701 0.115960 1.016223
15 -0.044935 -0.084222 1.727385 -1.046542 -0.680085 -0.340044 0.119471 1.023836
15 -0.045892 -0.079384 1.724272 -1.113488 -0.339003 -0.564461 0.121102 1.018532
Cleaner_Face_A.dds
15 -0.042875 -0.078979 1.719898 -0.966110 -0.393036 -0.765212 0.115960 1.011077
15 -0.042875 -0.083864 1.722917 -0.891639 -0.652571 -0.672701 0.115960 1.016223
15 -0.045892 -0.079384 1.724272 -1.113488 -0.339003 -0.564461 0.121102 1.018532
Cleaner_Face_A.dds
15 -0.039871 -0.082818 1.719148 -0.796403 -0.622319 -0.807376 0.110840 1.009799
15 -0.042875 -0.083864 1.722917 -0.891639 -0.652571 -0.672701 0.115960 1.016223
15 -0.042875 -0.078979 1.719898 -0.966110 -0.393036 -0.765212 0.115960 1.011077
Cleaner_Face_A.dds
6 0.086060 0.002009 1.797040 1.058467 -0.593475 0.448141 0.273635 1.787528
6 0.072346 0.042521 1.820105 1.082329 0.337511 0.622934 0.167843 1.829265
6 0.069377 0.009101 1.825999 0.877717 -0.677359 0.666478 0.302817 1.849676
Cleaner_Face_A.dds
6 0.072346 0.042521 1.820105 1.082329 0.337511 0.622934 0.167843 1.829265
6 0.086060 0.002009 1.797040 1.058467 -0.593475 0.448141 0.273635 1.787528
6 0.091260 0.034086 1.765254 1.287712 0.092691 0.081257 0.195791 1.631737
Cleaner_Face_A.dds
6 -0.000148 0.129574 1.689749 0.033261 1.194687 -0.494986 0.000395 1.515581
6 0.044286 0.116894 1.697784 0.626120 1.100918 -0.263341 0.037751 1.517223
6 0.049825 0.089390 1.647805 0.611452 0.952477 -0.626346 0.053433 1.397270
Cleaner_Face_A.dds
6 -0.050999 0.122493 1.729949 -0.590845 1.143725 0.127242 0.928268 1.556600
6 -0.000142 0.134132 1.727084 0.035750 1.292768 0.029469 1.000350 1.587178
6 -0.048940 0.119299 1.699182 -0.572683 1.119825 -0.302360 0.930729 1.494794
Cleaner_Face_A.dds
6 -0.053320 0.089370 1.646037 -0.589546 0.984811 -0.596639 0.914712 1.394399
6 -0.078945 0.062652 1.660026 -1.202896 0.290047 -0.377240 0.849101 1.397505
6 -0.080924 0.089326 1.708567 -1.047204 0.720186 -0.241021 0.873225 1.510050
Cleaner_Face_A.dds
6 0.043813 0.121672 1.731096 0.504275 1.181661 0.150931 0.036590 1.586604
6 0.042405 0.103735 1.797725 0.531660 0.984267 0.649578 0.045542 1.761428
6 0.076201 0.095766 1.744040 1.008033 0.793145 0.167888 0.090058 1.577946
Cleaner_Face_A.dds
6 0.042405 0.103735 1.797725 0.531660 0.984267 0.649578 0.045542 1.761428
6 0.037713 0.069171 1.830594 0.499526 0.744653 0.932396 0.062342 1.830149
6 0.064915 0.074056 1.803000 0.938223 0.621986 0.637390 0.099650 1.751100
Cleaner_Face_A.dds
6 0.037713 0.069171 1.830594 0.499526 0.744653 0.932396 0.062342 1.830149
6 0.042405 0.103735 1.797725 0.531660 0.984267 0.649578 0.045542 1.761428
6 -0.000168 0.084986 1.828291 -0.022962 0.891321 0.937238 0.001184 1.873746
Cleaner_Face_A.dds
6 0.042405 0.103735 1.797725 0.531660 0.984267 0.649578 0.045542 1.761428
6 -0.000148 0.111045 1.797106 0.005871 1.174056 0.543097 0.000735 1.759587
6 -0.000168 0.084986 1.828291 -0.022962 0.891321 0.937238 0.001184 1.873746
Cleaner_Face_A.dds
6 -0.000148 0.111045 1.797106 0.005871 1.174056 0.543097 1.000735 1.759587
6 -0.000142 0.134132 1.727084 0.035750 1.292768 0.029469 1.000350 1.587178
6 -0.050999 0.122493 1.729949 -0.590845 1.143725 0.127242 0.928268 1.556600
Cleaner_Face_A.dds
6 -0.000168 0.084986 1.828291 -0.022962 0.891321 0.937238 1.001184 1.873746
6 -0.042459 0.102270 1.799825 -0.558173 0.928034 0.707525 0.937601 1.766569
6 -0.034739 0.069163 1.828249 -0.526914 0.720447 0.936330 0.918171 1.840432
Cleaner_Face_A.dds
6 -0.000148 0.111045 1.797106 0.005871 1.174056 0.543097 1.000735 1.759587
6 -0.042459 0.102270 1.799825 -0.558173 0.928034 0.707525 0.937601 1.766569
6 -0.000168 0.084986 1.828291 -0.022962 0.891321 0.937238 1.001184 1.873746
Cleaner_Face_A.dds
6 -0.065377 0.067673 1.804374 -0.853113 0.652439 0.721053 0.870395 1.760899
6 -0.034739 0.069163 1.828249 -0.526914 0.720447 0.936330 0.918171 1.840432
6 -0.042459 0.102270 1.799825 -0.558173 0.928034 0.707525 0.937601 1.766569
Cleaner_Face_A.dds
4 0.002546 0.076454 1.613530 -0.055543 -0.512198 -1.186576 1.001857 1.285245
6 -0.047099 0.076845 1.621745 -0.560610 0.930093 -0.702879 0.901274 1.341684
6 -0.000102 0.087914 1.623962 0.028797 1.043986 -0.763321 1.001367 1.333617
Cleaner_Face_A.dds
6 0.022571 -0.112391 1.674543 -0.449995 0.374521 -1.153531 0.895307 1.062088
11 0.027346 -0.110824 1.660543 -1.077577 0.354641 0.621653 0.883008 1.042914
14 0.010329 -0.122845 1.661242 -0.178771 0.371959 -1.226003 0.899723 1.058439
Cleaner_Face_A.dds
11 0.027346 -0.110824 1.660543 -1.077577 0.354641 0.621653 0.883008 1.042914
11 0.026932 -0.109957 1.660586 -0.945899 -0.167063 0.866464 0.877400 1.043053
11 0.025235 -0.112507 1.657776 -0.170331 -1.184699 0.490787 0.880915 1.046778
Cleaner_Face_A.dds
11 0.027346 -0.110824 1.660543 -1.077577 0.354641 0.621653 0.883008 1.042914
7 0.022725 -0.094556 1.660103 0.237974 -0.455590 1.187098 0.879621 1.038109
11 0.026932 -0.109957 1.660586 -0.945899 -0.167063 0.866464 0.877400 1.043053
Cleaner_Face_A.dds
11 0.025235 -0.112507 1.657776 -0.170331 -1.184699 0.490787 0.877045 1.011896
11 0.026932 -0.109957 1.660586 -0.945899 -0.167063 0.866464 0.880562 1.027677
7 0.023846 -0.094560 1.650921 -1.125633 -0.206673 0.603019 0.882071 1.014359
Cleaner_Face_A.dds
7 -0.029901 -0.108741 1.655726 1.164777 0.199798 0.526090 0.996527 1.047322
7 -0.025478 -0.094555 1.660254 -0.121903 -0.748004 1.048344 0.994159 1.034166
6 -0.026187 -0.094497 1.660764 -0.885465 -0.792912 0.510526 0.990982 1.033963
Cleaner_Face_A.dds
7 -0.025478 -0.094555 1.660254 -0.121903 -0.748004 1.048344 0.985902 1.019210
7 -0.029901 -0.108741 1.655726 1.164777 0.199798 0.526090 0.994031 1.029010
7 -0.026593 -0.094559 1.650892 0.501043 0.062519 1.190984 0.993816 1.013834
Cleaner_Face_A.dds
6 -0.030649 -0.090422 1.674625 -0.170137 -1.161915 0.542589 0.993243 1.049272
6 -0.029760 -0.094497 1.672856 -1.181907 -0.438661 -0.289944 0.989620 1.055557
6 -0.020528 -0.112822 1.674524 0.238395 0.494831 -1.171198 0.982160 1.062054
Cleaner_Face_A.dds
6 -0.026187 -0.094497 1.660764 -0.885465 -0.792912 0.510526 0.990982 1.033963
6 -0.029760 -0.094497 1.672856 -1.181907 -0.438661 -0.289944 0.989620 1.055557
6 -0.030649 -0.090422 1.674625 -0.170137 -1.161915 0.542589 0.993243 1.049272
Cleaner_Face_A.dds
7 -0.012393 -0.122820 1.660956 -0.267515 -0.812729 0.970207 0.521118 1.331162
10 -0.012127 -0.122516 1.661324 0.287917 0.695540 1.052009 0.520740 1.332257
12 -0.025734 -0.110749 1.656865 0.055717 -0.828227 0.992134 0.552436 1.329508
Cleaner_Face_A.dds
10 -0.000898 -0.123336 1.659593 -0.015773 -0.083655 1.290794 0.500231 1.325182
10 -0.012127 -0.122516 1.661324 0.287917 0.695540 1.052009 0.520740 1.332257
7 -0.012393 -0.122820 1.660956 -0.267515 -0.812729 0.970207 0.521118 1.331162
Cleaner_Face_A.dds
11 0.025235 -0.112507 1.657776 -0.170331 -1.184699 0.490787 0.449870 1.331510
11 0.010265 -0.122857 1.661037 0.261325 -0.889057 0.902597 0.478499 1.331406
11 0.014933 -0.123936 1.655016 0.613271 -1.137716 0.053826 0.472815 1.314595
Cleaner_Face_A.dds
11 0.014933 -0.123936 1.655016 0.613271 -1.137716 0.053826 0.472815 1.314595
11 0.010265 -0.122857 1.661037 0.261325 -0.889057 0.902597 0.478499 1.331406
7 -0.000898 -0.128336 1.655122 0.032023 -1.275693 0.212078 0.501042 1.311806
Cleaner_Face_A.dds
6 -0.066951 -0.000123 1.614802 -1.208291 -0.460024 -0.042502 0.746770 1.240784
4 -0.069606 0.022620 1.589175 -1.121504 -0.437793 0.473246 0.795563 1.164523
4 -0.055479 -0.018517 1.556703 -0.512254 -0.926372 0.743523 0.695959 1.067890
Cleaner_Face_A.dds
4 -0.069606 0.022620 1.589175 -1.121504 -0.437793 0.473246 0.795563 1.164523
6 -0.066951 -0.000123 1.614802 -1.208291 -0.460024 -0.042502 0.746770 1.240784
6 -0.070342 0.023851 1.639416 -1.276625 -0.200132 -0.059764 0.802316 1.305791
Cleaner_Face_A.dds
6 -0.000148 0.111045 1.797106 0.005871 1.174056 0.543097 0.000735 1.759587
6 0.043813 0.121672 1.731096 0.504275 1.181661 0.150931 0.036590 1.586604
6 -0.000142 0.134132 1.727084 0.035750 1.292768 0.029469 0.000350 1.587178
Cleaner_Face_A.dds
6 -0.059654 -0.075557 1.732034 -1.076251 -0.713157 0.080538 0.621188 1.551504
6 -0.063020 -0.064986 1.757426 -1.232124 -0.388223 0.067445 0.631452 1.629901
6 -0.071950 -0.039268 1.706599 -1.246726 -0.328914 0.104331 0.667665 1.496332
Cleaner_Face_A.dds
6 -0.096042 0.014813 1.731755 -1.214596 -0.416940 0.155924 0.759286 1.592519
6 -0.083377 -0.004741 1.722064 -1.174182 -0.542816 -0.006505 0.723488 1.556248
6 -0.073867 -0.016545 1.758082 -1.138768 -0.608651 0.078401 0.713049 1.642961
Cleaner_Face_A.dds
6 0.063564 -0.060092 1.790733 1.153380 -0.450547 0.374322 0.368519 1.751245
6 0.062993 -0.063860 1.757617 1.212153 -0.448147 0.056960 0.353967 1.615088
6 0.073188 -0.016537 1.757712 1.175050 -0.538943 0.046833 0.295407 1.636580
Cleaner_Face_A.dds
6 0.073188 -0.016537 1.757712 1.175050 -0.538943 0.046833 0.295407 1.636580
6 0.086060 0.002009 1.797040 1.058467 -0.593475 0.448141 0.273635 1.787528
6 0.070125 -0.009076 1.799359 1.047119 -0.517030 0.556433 0.308233 1.789991
Cleaner_Face_A.dds
6 -0.000171 -0.049932 1.837517 -0.027336 -0.910781 0.918218 0.497245 1.857446
6 0.027535 -0.046488 1.836567 0.657437 -0.599136 0.939260 0.430418 1.840166
6 -0.000193 -0.041882 1.853030 -0.001915 -0.770118 1.039380 0.480627 1.901077
Cleaner_Face_A.dds
6 -0.096042 0.014813 1.731755 -1.214596 -0.416940 0.155924 0.759286 1.592519
6 -0.073867 -0.016545 1.758082 -1.138768 -0.608651 0.078401 0.713049 1.642961
6 -0.097861 0.007429 1.763479 -1.176009 -0.538360 0.023797 0.760499 1.648290
Cleaner_Face_A.dds
6 -0.097861 0.007429 1.763479 -1.176009 -0.538360 0.023797 0.760499 1.648290
6 -0.100305 0.039280 1.764667 -1.281762 0.077275 0.156559 0.796041 1.641897
6 -0.096042 0.014813 1.731755 -1.214596 -0.416940 0.155924 0.759286 1.592519
Cleaner_Face_A.dds
6 0.089257 0.005355 1.763600 1.216761 -0.435078 -0.059963 0.244025 1.645737
6 0.086060 0.002009 1.797040 1.058467 -0.593475 0.448141 0.273635 1.787528
6 0.073188 -0.016537 1.757712 1.175050 -0.538943 0.046833 0.295407 1.636580
Cleaner_Face_A.dds
6 0.086060 0.002009 1.797040 1.058467 -0.593475 0.448141 0.273635 1.787528
6 0.089257 0.005355 1.763600 1.216761 -0.435078 -0.059963 0.244025 1.645737
6 0.091260 0.034086 1.765254 1.287712 0.092691 0.081257 0.195791 1.631737
Cleaner_Face_A.dds
6 0.086060 0.002009 1.797040 1.058467 -0.593475 0.448141 0.273635 1.787528
6 0.069377 0.009101 1.825999 0.877717 -0.677359 0.666478 0.302817 1.849676
6 0.056888 0.003242 1.821131 0.749679 -0.745612 0.745278 0.314167 1.835876
Cleaner_Face_A.dds
6 0.056888 0.003242 1.821131 0.749679 -0.745612 0.745278 0.314167 1.835876
6 0.069377 0.009101 1.825999 0.877717 -0.677359 0.666478 0.302817 1.849676
6 0.044524 0.012366 1.862312 0.759688 -0.309865 1.000127 0.343410 1.910369
Cleaner_Face_A.dds
6 -0.048940 0.119299 1.699182 -0.572683 1.119825 -0.302360 0.930729 1.494794
6 -0.080924 0.089326 1.708567 -1.047204 0.720186 -0.241021 0.873225 1.510050
6 -0.050999 0.122493 1.729949 -0.590845 1.143725 0.127242 0.928268 1.556600
Cleaner_Face_A.dds
6 -0.096416 0.067880 1.755539 -1.156633 0.515802 0.263712 0.837788 1.614291
6 -0.080072 0.095089 1.743289 -0.956304 0.830411 0.263240 0.878016 1.586537
6 -0.080924 0.089326 1.708567 -1.047204 0.720186 -0.241021 0.873225 1.510050
Cleaner_Face_A.dds
6 -0.053320 0.089370 1.646037 -0.589546 0.984811 -0.596639 0.914712 1.394399
6 -0.080924 0.089326 1.708567 -1.047204 0.720186 -0.241021 0.873225 1.510050
6 -0.048940 0.119299 1.699182 -0.572683 1.119825 -0.302360 0.930729 1.494794
Cleaner_Face_A.dds
6 -0.048940 0.119299 1.699182 -0.572683 1.119825 -0.302360 0.930729 1.494794
6 -0.000148 0.129574 1.689749 0.033261 1.194687 -0.494986 1.000395 1.515581
6 -0.053320 0.089370 1.646037 -0.589546 0.984811 -0.596639 0.914712 1.394399
Cleaner_Face_A.dds
6 -0.000148 0.129574 1.689749 0.033261 1.194687 -0.494986 1.000395 1.515581
6 -0.000162 0.096689 1.638575 0.018866 1.098659 -0.682633 1.000975 1.382190
6 -0.053320 0.089370 1.646037 -0.589546 0.984811 -0.596639 0.914712 1.394399
Cleaner_Face_A.dds
6 -0.000162 0.096689 1.638575 0.018866 1.098659 -0.682633 0.000975 1.382190
6 -0.000148 0.129574 1.689749 0.033261 1.194687 -0.494986 0.000395 1.515581
6 0.049825 0.089390 1.647805 0.611452 0.952477 -0.626346 0.053433 1.397270
Cleaner_Face_A.dds
6 0.076201 0.095766 1.744040 1.008033 0.793145 0.167888 0.090058 1.577946
6 0.044286 0.116894 1.697784 0.626120 1.100918 -0.263341 0.037751 1.517223
6 0.043813 0.121672 1.731096 0.504275 1.181661 0.150931 0.036590 1.586604
Cleaner_Face_A.dds
6 -0.000142 0.134132 1.727084 0.035750 1.292768 0.029469 0.000350 1.587178
6 0.043813 0.121672 1.731096 0.504275 1.181661 0.150931 0.036590 1.586604
6 0.044286 0.116894 1.697784 0.626120 1.100918 -0.263341 0.037751 1.517223
Cleaner_Face_A.dds
6 0.080567 0.087290 1.706029 1.143350 0.566060 -0.213825 0.102731 1.515793
6 0.083933 0.062032 1.756454 1.238194 0.336886 0.163645 0.136084 1.595579
6 0.087328 0.046310 1.712341 1.274961 -0.007323 -0.218666 0.180317 1.530030
Cleaner_Face_A.dds
6 0.080567 0.087290 1.706029 1.143350 0.566060 -0.213825 0.102731 1.515793
6 0.044286 0.116894 1.697784 0.626120 1.100918 -0.263341 0.037751 1.517223
6 0.076201 0.095766 1.744040 1.008033 0.793145 0.167888 0.090058 1.577946
Cleaner_Face_A.dds
10 -0.045954 -0.097900 1.646605 -0.989855 -0.832554 0.020897 0.597181 1.312168
7 -0.045880 -0.096896 1.630553 -1.029377 -0.744977 -0.242462 0.593838 1.247519
6 -0.033380 -0.111514 1.644009 -0.726709 -1.056663 0.169567 0.560988 1.286596
Cleaner_Face_A.dds
6 -0.024422 -0.109316 1.693131 -0.690876 -1.083511 0.148624 0.544457 1.413266
6 -0.048128 -0.100410 1.698461 -0.673072 -1.088094 0.190842 0.594762 1.427953
6 -0.054864 -0.082200 1.674810 -0.933167 -0.890388 -0.099013 0.623350 1.375799
Cleaner_Face_A.dds
7 -0.045880 -0.096896 1.630553 -1.029377 -0.744977 -0.242462 0.593838 1.247519
7 -0.040663 -0.094736 1.615181 -0.765038 -0.512273 -0.908674 0.582761 1.190662
7 -0.024801 -0.115851 1.615299 -0.754063 -0.773199 -0.712002 0.559206 1.201576
Cleaner_Face_A.dds
7 -0.061257 -0.072521 1.640964 -1.138303 -0.584591 -0.189509 0.640778 1.264479
7 -0.054286 -0.069605 1.616458 -0.989129 -0.406762 -0.727710 0.643174 1.231986
7 -0.045880 -0.096896 1.630553 -1.029377 -0.744977 -0.242462 0.593838 1.247519
Cleaner_Face_A.dds
7 -0.040663 -0.094736 1.615181 -0.765038 -0.512273 -0.908674 0.582761 1.190662
7 -0.054286 -0.069605 1.616458 -0.989129 -0.406762 -0.727710 0.643174 1.231986
6 -0.010155 -0.074026 1.591998 -0.534043 -0.759558 -0.900703 0.556121 1.129251
Cleaner_Face_A.dds
7 -0.045880 -0.096896 1.630553 -1.029377 -0.744977 -0.242462 0.593838 1.247519
7 -0.054286 -0.069605 1.616458 -0.989129 -0.406762 -0.727710 0.643174 1.231986
7 -0.040663 -0.094736 1.615181 -0.765038 -0.512273 -0.908674 0.582761 1.190662
Cleaner_Face_A.dds
6 0.046568 -0.098566 1.646482 1.006011 -0.811464 -0.053499 0.399822 1.295112
11 0.030928 -0.109906 1.658135 0.669283 -1.097924 -0.141482 0.437684 1.325307
11 0.032966 -0.111771 1.643988 0.714942 -1.077071 0.046582 0.434350 1.275187
Cleaner_Face_A.dds
11 0.030928 -0.109906 1.658135 0.669283 -1.097924 -0.141482 0.437684 1.325307
6 0.046568 -0.098566 1.646482 1.006011 -0.811464 -0.053499 0.399822 1.295112
13 0.034497 -0.110208 1.672439 0.725223 -1.056266 0.178183 0.433473 1.362773
Cleaner_Face_A.dds
7 0.043364 -0.098573 1.628758 1.022877 -0.729846 -0.307315 0.408929 1.249802
11 0.032966 -0.111771 1.643988 0.714942 -1.077071 0.046582 0.434350 1.275187
7 0.029844 -0.110846 1.629009 0.946634 -0.881026 -0.032734 0.432459 1.244805
Cleaner_Face_A.dds
7 0.043364 -0.098573 1.628758 1.022877 -0.729846 -0.307315 0.408929 1.249802
6 0.046568 -0.098566 1.646482 1.006011 -0.811464 -0.053499 0.399822 1.295112
11 0.032966 -0.111771 1.643988 0.714942 -1.077071 0.046582 0.434350 1.275187
Cleaner_Face_A.dds
7 0.052355 -0.069605 1.616458 1.021700 -0.395502 -0.687825 0.372577 1.234768
7 0.043364 -0.098573 1.628758 1.022877 -0.729846 -0.307315 0.408929 1.249802
7 0.038463 -0.093516 1.615176 0.760770 -0.501460 -0.918239 0.419120 1.189334
Cleaner_Face_A.dds
7 0.052355 -0.069605 1.616458 1.021700 -0.395502 -0.687825 0.372577 1.234768
7 0.038463 -0.093516 1.615176 0.760770 -0.501460 -0.918239 0.419120 1.189334
6 0.014597 -0.071938 1.591714 0.624658 -0.864732 -0.731735 0.439365 1.134868
Cleaner_Face_A.dds
12 -0.015737 -0.128083 1.666338 -0.628560 -1.128999 -0.060574 0.528055 1.349123
12 -0.027068 -0.111412 1.671666 -0.795668 -0.995992 0.219791 0.552174 1.372709
12 -0.026018 -0.115114 1.659289 -0.648502 -0.861084 -0.715105 0.548320 1.333435
Cleaner_Face_A.dds
12 -0.026018 -0.115114 1.659289 -0.648502 -0.861084 -0.715105 0.548320 1.333435
12 -0.027068 -0.111412 1.671666 -0.795668 -0.995992 0.219791 0.552174 1.372709
10 -0.031689 -0.108816 1.656965 -0.694443 -1.086136 -0.107020 0.561006 1.325624
Cleaner_Face_A.dds
14 0.025068 -0.114180 1.671288 0.745409 -1.021225 0.273606 0.447891 1.367334
6 0.007785 -0.124079 1.680347 0.444833 -1.118014 0.474936 0.480484 1.390870
14 0.013953 -0.128083 1.666338 0.611694 -1.134634 -0.108774 0.471322 1.350747
Cleaner_Face_A.dds
11 0.030928 -0.109906 1.658135 0.669283 -1.097924 -0.141482 0.437684 1.325307
13 0.034497 -0.110208 1.672439 0.725223 -1.056266 0.178183 0.433473 1.362773
14 0.025068 -0.114180 1.671288 0.745409 -1.021225 0.273606 0.447891 1.367334
Cleaner_Face_A.dds
6 0.057868 -0.082172 1.746081 1.139190 -0.611950 0.034048 0.378582 1.586213
19 0.040347 -0.105049 1.749622 0.590480 -1.078175 -0.402823 0.418637 1.591987
6 0.051735 -0.092925 1.740374 0.641877 -0.875108 -0.703971 0.403583 1.563781
Cleaner_Face_A.dds
6 0.052101 -0.083399 1.732333 0.784199 -0.928642 -0.442777 0.399891 1.546428
6 0.057868 -0.082172 1.746081 1.139190 -0.611950 0.034048 0.378582 1.586213
6 0.051735 -0.092925 1.740374 0.641877 -0.875108 -0.703971 0.403583 1.563781
Cleaner_Face_A.dds
6 -0.052440 -0.093062 1.739030 -0.737750 -0.877329 -0.599511 0.592775 1.565159
6 -0.042596 -0.092919 1.735934 -0.459258 -1.201877 -0.134051 0.581092 1.557736
20 -0.042923 -0.102507 1.749735 -0.563303 -1.124212 -0.303699 0.571507 1.600289
Cleaner_Face_A.dds
6 -0.052440 -0.093062 1.739030 -0.737750 -0.877329 -0.599511 0.592775 1.565159
6 -0.051054 -0.083459 1.730138 -0.984738 -0.808360 -0.224142 0.597731 1.536928
6 -0.042596 -0.092919 1.735934 -0.459258 -1.201877 -0.134051 0.581092 1.557736
Cleaner_Face_A.dds
7 0.012284 -0.109854 1.609630 0.227976 -0.482744 -1.178295 0.474469 1.162825
7 -0.000898 -0.125686 1.613788 0.002610 -0.987526 -0.835572 0.497878 1.189349
7 -0.012276 -0.110100 1.609545 -0.236282 -0.454570 -1.187827 0.538836 1.162862
Cleaner_Face_A.dds
7 0.012284 -0.109854 1.609630 0.227976 -0.482744 -1.178295 0.474469 1.162825
7 0.023006 -0.115851 1.615299 0.757021 -0.774097 -0.707876 0.429947 1.204451
7 -0.000898 -0.125686 1.613788 0.002610 -0.987526 -0.835572 0.497878 1.189349
Cleaner_Face_A.dds
7 0.012284 -0.109854 1.609630 0.227976 -0.482744 -1.178295 0.474469 1.162825
7 -0.012276 -0.110100 1.609545 -0.236282 -0.454570 -1.187827 0.538836 1.162862
6 -0.010155 -0.074026 1.591998 -0.534043 -0.759558 -0.900703 0.556121 1.129251
Cleaner_Face_A.dds
6 -0.010155 -0.074026 1.591998 -0.534043 -0.759558 -0.900703 0.556121 1.129251
7 -0.012276 -0.110100 1.609545 -0.236282 -0.454570 -1.187827 0.538836 1.162862
7 -0.040663 -0.094736 1.615181 -0.765038 -0.512273 -0.908674 0.582761 1.190662
Cleaner_Face_A.dds
20 -0.012114 -0.112036 1.749099 -0.215194 -1.119355 -0.611663 0.522744 1.594174
20 -0.009138 -0.108617 1.745265 -0.884986 -0.811510 -0.481297 0.512842 1.588698
6 -0.000883 -0.111995 1.753704 -0.000756 -1.288110 -0.119024 0.500218 1.613016
Cleaner_Face_A.dds
6 -0.008827 -0.109854 1.736808 -0.939086 -0.808910 0.370374 0.514886 1.549116
6 -0.000883 -0.111995 1.753704 -0.000756 -1.288110 -0.119024 0.500218 1.613016
20 -0.009138 -0.108617 1.745265 -0.884986 -0.811510 -0.481297 0.512842 1.588698
Cleaner_Face_A.dds
6 -0.008827 -0.109854 1.736808 -0.939086 -0.808910 0.370374 0.514886 1.549116
6 -0.009445 -0.125933 1.721250 -1.078474 -0.368450 0.611992 0.510600 1.479883
6 -0.002072 -0.128945 1.723266 -0.017405 -0.811080 1.007592 0.499657 1.482165
Cleaner_Face_A.dds
6 -0.010187 -0.093154 1.732379 -1.054945 -0.709627 0.238573 0.523061 1.541804
6 -0.008827 -0.109854 1.736808 -0.939086 -0.808910 0.370374 0.514886 1.549116
20 -0.009138 -0.108617 1.745265 -0.884986 -0.811510 -0.481297 0.512842 1.588698
Cleaner_Face_A.dds
6 -0.009445 -0.125933 1.721250 -1.078474 -0.368450 0.611992 0.510600 1.479883
6 -0.013836 -0.101448 1.720228 -0.871424 -0.621892 0.726131 0.529506 1.505918
6 -0.016466 -0.110078 1.709194 -0.916660 -0.742927 0.530272 0.534925 1.439811
Cleaner_Face_A.dds
6 -0.009445 -0.125933 1.721250 -1.078474 -0.368450 0.611992 0.510600 1.479883
6 -0.010187 -0.093154 1.732379 -1.054945 -0.709627 0.238573 0.523061 1.541804
6 -0.013836 -0.101448 1.720228 -0.871424 -0.621892 0.726131 0.529506 1.505918
Cleaner_Face_A.dds
19 0.011556 -0.112705 1.749076 0.069486 -1.067953 -0.726667 0.467978 1.595367
19 0.006580 -0.107719 1.746474 0.829869 -0.818120 -0.561597 0.484001 1.592592
6 0.009165 -0.093232 1.740499 0.645364 -0.767453 -0.817262 0.473958 1.579180
Cleaner_Face_A.dds
6 0.009275 -0.093006 1.731774 0.881790 -0.871134 0.370089 0.475238 1.541564
6 0.009165 -0.093232 1.740499 0.645364 -0.767453 -0.817262 0.473958 1.579180
19 0.006580 -0.107719 1.746474 0.829869 -0.818120 -0.561597 0.484001 1.592592
Cleaner_Face_A.dds
6 0.005709 -0.109364 1.736749 0.920998 -0.830105 0.368895 0.487496 1.554762
6 -0.001596 -0.112072 1.740753 0.024688 -1.208515 0.460737 0.499472 1.568939
6 -0.002072 -0.128945 1.723266 -0.017405 -0.811080 1.007592 0.499657 1.482165
Cleaner_Face_A.dds
6 -0.001596 -0.112072 1.740753 0.024688 -1.208515 0.460737 0.499472 1.568939
6 0.005709 -0.109364 1.736749 0.920998 -0.830105 0.368895 0.487496 1.554762
6 -0.000883 -0.111995 1.753704 -0.000756 -1.288110 -0.119024 0.500218 1.613016
Cleaner_Face_A.dds
6 0.009275 -0.093006 1.731774 0.881790 -0.871134 0.370089 0.475238 1.541564
6 0.006337 -0.126915 1.720712 1.038568 -0.419204 0.647333 0.488464 1.480863
6 0.010657 -0.101029 1.720582 0.820168 -0.682864 0.731038 0.474434 1.511352
Cleaner_Face_A.dds
6 0.010657 -0.101029 1.720582 0.820168 -0.682864 0.731038 0.474434 1.511352
6 0.006337 -0.126915 1.720712 1.038568 -0.419204 0.647333 0.488464 1.480863
6 0.015616 -0.109669 1.708712 0.875220 -0.834077 0.460110 0.470793 1.446296
Cleaner_Face_A.dds
6 0.007785 -0.124079 1.680347 0.444833 -1.118014 0.474936 0.480484 1.390870
14 -0.007485 -0.124252 1.680481 -0.359625 -1.165954 0.429670 0.518221 1.389616
14 0.002424 -0.129490 1.669788 0.121700 -1.173270 0.531058 0.492223 1.361136
Cleaner_Face_A.dds
14 0.002424 -0.129490 1.669788 0.121700 -1.173270 0.531058 0.492223 1.361136
14 0.013953 -0.128083 1.666338 0.611694 -1.134634 -0.108774 0.471322 1.350747
6 0.007785 -0.124079 1.680347 0.444833 -1.118014 0.474936 0.480484 1.390870
Cleaner_Face_A.dds
14 0.002424 -0.129490 1.669788 0.121700 -1.173270 0.531058 0.492223 1.361136
14 -0.003607 -0.129468 1.669991 -0.130441 -1.174073 0.527194 0.503249 1.361166
14 -0.000898 -0.132159 1.664580 0.001478 -1.184496 -0.519965 0.501558 1.341626
Cleaner_Face_A.dds
12 -0.015737 -0.128083 1.666338 -0.628560 -1.128999 -0.060574 0.528055 1.349123
14 -0.000898 -0.132159 1.664580 0.001478 -1.184496 -0.519965 0.501558 1.341626
14 -0.003607 -0.129468 1.669991 -0.130441 -1.174073 0.527194 0.503249 1.361166
Cleaner_Face_A.dds
10 -0.000898 -0.123336 1.659593 -0.015773 -0.083655 1.290794 0.500231 1.325182
7 -0.012393 -0.122820 1.660956 -0.267515 -0.812729 0.970207 0.521118 1.331162
7 -0.000898 -0.123768 1.659413 -0.006393 -0.702981 1.085897 0.500220 1.324347
Cleaner_Face_A.dds
10 -0.000898 -0.123336 1.659593 -0.015773 -0.083655 1.290794 0.500231 1.325182
7 -0.000898 -0.123768 1.659413 -0.006393 -0.702981 1.085897 0.500220 1.324347
11 0.010265 -0.122857 1.661037 0.261325 -0.889057 0.902597 0.478499 1.331406
Cleaner_Face_A.dds
6 0.046568 -0.098566 1.646482 1.006011 -0.811464 -0.053499 0.399822 1.295112
6 0.052771 -0.087672 1.675164 0.988628 -0.833449 -0.037070 0.395941 1.378958
13 0.034497 -0.110208 1.672439 0.725223 -1.056266 0.178183 0.433473 1.362773
Cleaner_Face_A.dds
6 0.046362 -0.100361 1.698364 0.645753 -1.111945 0.141338 0.411498 1.444437
6 0.052771 -0.087672 1.675164 0.988628 -0.833449 -0.037070 0.395941 1.378958
6 0.061483 -0.083199 1.705137 1.150061 -0.590100 0.050369 0.384384 1.471726
Cleaner_Face_A.dds
10 -0.045954 -0.097900 1.646605 -0.989855 -0.832554 0.020897 0.597181 1.312168
6 -0.054864 -0.082200 1.674810 -0.933167 -0.890388 -0.099013 0.623350 1.375799
7 -0.061257 -0.072521 1.640964 -1.138303 -0.584591 -0.189509 0.640778 1.264479
Cleaner_Face_A.dds
7 -0.061257 -0.072521 1.640964 -1.138303 -0.584591 -0.189509 0.640778 1.264479
6 -0.054864 -0.082200 1.674810 -0.933167 -0.890388 -0.099013 0.623350 1.375799
6 -0.065586 -0.081324 1.705261 -1.081059 -0.704070 0.094821 0.627502 1.456692
Cleaner_Face_A.dds
6 -0.033380 -0.111514 1.644009 -0.726709 -1.056663 0.169567 0.560988 1.286596
7 -0.045880 -0.096896 1.630553 -1.029377 -0.744977 -0.242462 0.593838 1.247519
7 -0.032558 -0.110804 1.628702 -0.969518 -0.856330 -0.011341 0.567934 1.242818
Cleaner_Face_A.dds
7 -0.032558 -0.110804 1.628702 -0.969518 -0.856330 -0.011341 0.567934 1.242818
10 -0.020361 -0.118624 1.642327 -0.728789 -1.049865 0.200116 0.536566 1.274948
6 -0.033380 -0.111514 1.644009 -0.726709 -1.056663 0.169567 0.560988 1.286596
Cleaner_Face_A.dds
7 0.043364 -0.098573 1.628758 1.022877 -0.729846 -0.307315 0.408929 1.249802
7 0.029844 -0.110846 1.629009 0.946634 -0.881026 -0.032734 0.432459 1.244805
7 0.023006 -0.115851 1.615299 0.757021 -0.774097 -0.707876 0.429947 1.204451
Cleaner_Face_A.dds
7 0.021912 -0.125537 1.632766 0.692496 -1.069964 0.221407 0.453265 1.241627
7 0.023006 -0.115851 1.615299 0.757021 -0.774097 -0.707876 0.429947 1.204451
7 0.029844 -0.110846 1.629009 0.946634 -0.881026 -0.032734 0.432459 1.244805
Cleaner_Face_A.dds
6 -0.000786 -0.124982 1.686855 0.075702 -1.230043 -0.393267 0.501549 1.404476
6 0.012772 -0.115664 1.687310 0.848731 -0.968272 -0.124497 0.468271 1.399911
6 -0.002660 -0.138243 1.692105 0.053032 -0.580539 -1.154797 0.502085 1.420504
Cleaner_Face_A.dds
6 0.012772 -0.115664 1.687310 0.848731 -0.968272 -0.124497 0.468271 1.399911
6 -0.000786 -0.124982 1.686855 0.075702 -1.230043 -0.393267 0.501549 1.404476
6 0.007785 -0.124079 1.680347 0.444833 -1.118014 0.474936 0.480484 1.390870
Cleaner_Face_A.dds
6 -0.086008 0.023689 1.674262 -0.021913 0.931448 -0.897396 0.785322 1.442071
6 -0.075412 0.009292 1.665913 -0.427544 0.457568 -1.131916 0.764200 1.410115
6 -0.086013 0.006968 1.667610 -0.933732 -0.045436 -0.894134 0.757217 1.414358
Cleaner_Face_A.dds
6 -0.086008 0.023689 1.674262 -0.021913 0.931448 -0.897396 0.785322 1.442071
6 -0.078023 0.023915 1.676449 -0.801877 0.628165 -0.797368 0.796238 1.441886
6 -0.075412 0.009292 1.665913 -0.427544 0.457568 -1.131916 0.764200 1.410115
Cleaner_Face_A.dds
6 -0.091701 0.021694 1.674564 -1.092046 0.067862 -0.690091 0.777347 1.445252
6 -0.091049 0.017707 1.678644 -1.189428 -0.494784 -0.117664 0.769422 1.451271
6 -0.098679 0.027746 1.696574 -1.198118 -0.450666 -0.186569 0.785260 1.489000
Cleaner_Face_A.dds
6 -0.091701 0.021694 1.674564 -1.092046 0.067862 -0.690091 0.777347 1.445252
6 -0.086008 0.023689 1.674262 -0.021913 0.931448 -0.897396 0.785322 1.442071
6 -0.086013 0.006968 1.667610 -0.933732 -0.045436 -0.894134 0.757217 1.414358
Cleaner_Face_A.dds
6 -0.081686 -0.001084 1.689793 -1.182693 -0.514968 -0.097163 0.733031 1.474293
6 -0.091049 0.017707 1.678644 -1.189428 -0.494784 -0.117664 0.769422 1.451271
6 -0.084695 0.002619 1.671047 -1.161167 -0.566525 -0.064305 0.749016 1.422952
Cleaner_Face_A.dds
6 -0.091049 0.017707 1.678644 -1.189428 -0.494784 -0.117664 0.769422 1.451271
6 -0.086013 0.006968 1.667610 -0.933732 -0.045436 -0.894134 0.757217 1.414358
6 -0.084695 0.002619 1.671047 -1.161167 -0.566525 -0.064305 0.749016 1.422952
Cleaner_Face_A.dds
6 -0.089392 0.038898 1.718664 -0.658550 1.104154 -0.143359 0.809722 1.558743
6 -0.082465 0.037399 1.693785 -1.230172 -0.149890 -0.370952 0.809680 1.483750
6 -0.083338 0.030920 1.696186 -0.313636 1.118479 -0.569239 0.806465 1.484104
Cleaner_Face_A.dds
6 -0.089392 0.038898 1.718664 -0.658550 1.104154 -0.143359 0.809722 1.558743
6 -0.083338 0.030920 1.696186 -0.313636 1.118479 -0.569239 0.806465 1.484104
6 -0.092139 0.037105 1.695354 0.112141 1.238963 -0.354669 0.797502 1.487547
Cleaner_Face_A.dds
6 -0.089392 0.038898 1.718664 -0.658550 1.104154 -0.143359 0.809722 1.558743
6 -0.092139 0.037105 1.695354 0.112141 1.238963 -0.354669 0.797502 1.487547
6 -0.095090 0.040475 1.717316 -0.173740 1.260053 0.235531 0.797949 1.558332
Cleaner_Face_A.dds
6 -0.092139 0.037105 1.695354 0.112141 1.238963 -0.354669 0.797502 1.487547
6 -0.086008 0.023689 1.674262 -0.021913 0.931448 -0.897396 0.785322 1.442071
6 -0.100030 0.034212 1.694609 -1.079684 0.508089 -0.499522 0.791862 1.487038
Cleaner_Face_A.dds
6 -0.095090 0.040475 1.717316 -0.173740 1.260053 0.235531 0.797949 1.558332
6 -0.102650 0.036726 1.715793 -1.019514 0.788573 0.110174 0.792856 1.554520
6 -0.095868 0.036542 1.723748 -0.558596 0.975877 0.639555 0.790312 1.572848
Cleaner_Face_A.dds
6 -0.095090 0.040475 1.717316 -0.173740 1.260053 0.235531 0.797949 1.558332
6 -0.092139 0.037105 1.695354 0.112141 1.238963 -0.354669 0.797502 1.487547
6 -0.102650 0.036726 1.715793 -1.019514 0.788573 0.110174 0.792856 1.554520
Cleaner_Face_A.dds
6 0.022862 -0.079264 1.818681 0.499192 -0.803896 0.882017 0.456277 1.782481
6 -0.000191 -0.083452 1.820376 -0.004091 -0.787275 1.026439 0.503718 1.788196
6 0.012278 -0.102925 1.794392 0.398962 -1.102978 0.545587 0.476124 1.739501
Cleaner_Face_A.dds
6 -0.000191 -0.083452 1.820376 -0.004091 -0.787275 1.026439 0.503718 1.788196
6 0.022862 -0.079264 1.818681 0.499192 -0.803896 0.882017 0.456277 1.782481
6 0.027535 -0.046488 1.836567 0.657437 -0.599136 0.939260 0.430418 1.840166
Cleaner_Face_A.dds
6 -0.014776 -0.102914 1.795112 -0.358104 -1.112532 0.554463 0.519889 1.741645
6 -0.027905 -0.079471 1.817258 -0.512550 -0.788341 0.888373 0.541075 1.784004
6 -0.047543 -0.066532 1.809532 -0.839123 -0.659354 0.731109 0.567546 1.781034
Cleaner_Face_A.dds
6 -0.027905 -0.079471 1.817258 -0.512550 -0.788341 0.888373 0.541075 1.784004
6 -0.029302 -0.044479 1.836567 -0.679504 -0.585798 0.931940 0.560267 1.837470
6 -0.047543 -0.066532 1.809532 -0.839123 -0.659354 0.731109 0.567546 1.781034
end
