<?xml version="1.0" encoding="utf-8" ?>
<COLLADA xmlns="http://www.collada.org/2005/11/COLLADASchema" version="1.4.1">
    <asset>
        <contributor>
            <authoring_tool>MilkShape 3D 1.8.5 beta2</authoring_tool>
            <source_data>file://D:/MyProjects/Milkshape3d/max_payne_2/mona_sax/mona.ms3d</source_data>
        </contributor>
        <created>2007-05-21T20:10:16Z</created>
        <modified>2007-05-21T20:10:16Z</modified>
        <unit meter="1.000000" name="meter" />
        <up_axis>Y_UP</up_axis>
    </asset>
    <library_images>
        <image id="face-image" name="face-image">
            <init_from>file://D:/Games/Max Payne 2/!exctracted/data/database/skins/C00_NPC_Bystander_B/../sharedtextures/Cleaner_Face_O.dds</init_from>
        </image>
        <image id="Material #83-image" name="Material #83-image">
            <init_from>file://D:/Games/Max Payne 2/!exctracted/data/database/skins/C00_NPC_Bystander_B/../sharedtextures/Hand_White_C.dds</init_from>
        </image>
        <image id="Body_Texture-image" name="Body_Texture-image">
            <init_from>file://D:/Games/Max Payne 2/!exctracted/data/database/skins/C00_NPC_Bystander_B/../sharedtextures/Bystander_Body_B.dds</init_from>
        </image>
        <image id="Legs Texture-image" name="Legs Texture-image">
            <init_from>file://D:/Games/Max Payne 2/!exctracted/data/database/skins/C00_NPC_Bystander_B/../sharedtextures/Bystander_Legs_B.dds</init_from>
        </image>
    </library_images>
    <library_materials>
        <material id="face" name="face">
            <instance_effect url="#face-effect" />
        </material>
        <material id="Material #83" name="Material #83">
            <instance_effect url="#Material #83-effect" />
        </material>
        <material id="Body_Texture" name="Body_Texture">
            <instance_effect url="#Body_Texture-effect" />
        </material>
        <material id="Legs Texture" name="Legs Texture">
            <instance_effect url="#Legs Texture-effect" />
        </material>
    </library_materials>
    <library_effects>
        <effect id="face-effect" name="face-effect">
            <profile_COMMON>
                <newparam sid="face-image-surface">
                    <surface type="2D">
                        <init_from>face-image</init_from>
                        <format>A8R8G8B8</format>
                    </surface>
                </newparam>
                <newparam sid="face-image-sampler">
                    <sampler2D>
                        <source>face-image-surface</source>
                        <minfilter>LINEAR_MIPMAP_LINEAR</minfilter>
                        <magfilter>LINEAR</magfilter>
                    </sampler2D>
                </newparam>
                <technique sid="common">
                    <phong>
                        <emission>
                            <color>0.000000 0.000000 0.000000 1.000000</color>
                        </emission>
                        <ambient>
                            <color>1.000000 1.000000 1.000000 1.000000</color>
                        </ambient>
                        <diffuse>
                            <texture texture="face-image-sampler" texcoord="" />
                        </diffuse>
                        <specular>
                            <color>0.501961 0.501961 0.501961 1.000000</color>
                        </specular>
                        <shininess>
                            <float>2.000000</float>
                        </shininess>
                        <reflective>
                            <color>1.000000 1.000000 1.000000 1.000000</color>
                        </reflective>
                        <reflectivity>
                            <float>1.000000</float>
                        </reflectivity>
                        <transparent opaque="A_ONE">
                            <color>0.000000 0.000000 0.000000 1.000000</color>
                        </transparent>
                        <transparency>
                            <float>1.000000</float>
                        </transparency>
                        <index_of_refraction>
                            <float>0.000000</float>
                        </index_of_refraction>
                    </phong>
                </technique>
            </profile_COMMON>
        </effect>
        <effect id="Material #83-effect" name="Material #83-effect">
            <profile_COMMON>
                <newparam sid="Material #83-image-surface">
                    <surface type="2D">
                        <init_from>Material #83-image</init_from>
                        <format>A8R8G8B8</format>
                    </surface>
                </newparam>
                <newparam sid="Material #83-image-sampler">
                    <sampler2D>
                        <source>Material #83-image-surface</source>
                        <minfilter>LINEAR_MIPMAP_LINEAR</minfilter>
                        <magfilter>LINEAR</magfilter>
                    </sampler2D>
                </newparam>
                <technique sid="common">
                    <phong>
                        <emission>
                            <color>0.000000 0.000000 0.000000 1.000000</color>
                        </emission>
                        <ambient>
                            <color>1.000000 1.000000 1.000000 1.000000</color>
                        </ambient>
                        <diffuse>
                            <texture texture="Material #83-image-sampler" texcoord="" />
                        </diffuse>
                        <specular>
                            <color>0.501961 0.501961 0.501961 1.000000</color>
                        </specular>
                        <shininess>
                            <float>2.000000</float>
                        </shininess>
                        <reflective>
                            <color>1.000000 1.000000 1.000000 1.000000</color>
                        </reflective>
                        <reflectivity>
                            <float>1.000000</float>
                        </reflectivity>
                        <transparent opaque="A_ONE">
                            <color>0.000000 0.000000 0.000000 1.000000</color>
                        </transparent>
                        <transparency>
                            <float>1.000000</float>
                        </transparency>
                        <index_of_refraction>
                            <float>0.000000</float>
                        </index_of_refraction>
                    </phong>
                </technique>
            </profile_COMMON>
        </effect>
        <effect id="Body_Texture-effect" name="Body_Texture-effect">
            <profile_COMMON>
                <newparam sid="Body_Texture-image-surface">
                    <surface type="2D">
                        <init_from>Body_Texture-image</init_from>
                        <format>A8R8G8B8</format>
                    </surface>
                </newparam>
                <newparam sid="Body_Texture-image-sampler">
                    <sampler2D>
                        <source>Body_Texture-image-surface</source>
                        <minfilter>LINEAR_MIPMAP_LINEAR</minfilter>
                        <magfilter>LINEAR</magfilter>
                    </sampler2D>
                </newparam>
                <technique sid="common">
                    <phong>
                        <emission>
                            <color>0.000000 0.000000 0.000000 1.000000</color>
                        </emission>
                        <ambient>
                            <color>1.000000 1.000000 1.000000 1.000000</color>
                        </ambient>
                        <diffuse>
                            <texture texture="Body_Texture-image-sampler" texcoord="" />
                        </diffuse>
                        <specular>
                            <color>1.000000 1.000000 1.000000 1.000000</color>
                        </specular>
                        <shininess>
                            <float>2.000000</float>
                        </shininess>
                        <reflective>
                            <color>1.000000 1.000000 1.000000 1.000000</color>
                        </reflective>
                        <reflectivity>
                            <float>1.000000</float>
                        </reflectivity>
                        <transparent opaque="A_ONE">
                            <color>0.000000 0.000000 0.000000 1.000000</color>
                        </transparent>
                        <transparency>
                            <float>1.000000</float>
                        </transparency>
                        <index_of_refraction>
                            <float>0.000000</float>
                        </index_of_refraction>
                    </phong>
                </technique>
            </profile_COMMON>
        </effect>
        <effect id="Legs Texture-effect" name="Legs Texture-effect">
            <profile_COMMON>
                <newparam sid="Legs Texture-image-surface">
                    <surface type="2D">
                        <init_from>Legs Texture-image</init_from>
                        <format>A8R8G8B8</format>
                    </surface>
                </newparam>
                <newparam sid="Legs Texture-image-sampler">
                    <sampler2D>
                        <source>Legs Texture-image-surface</source>
                        <minfilter>LINEAR_MIPMAP_LINEAR</minfilter>
                        <magfilter>LINEAR</magfilter>
                    </sampler2D>
                </newparam>
                <technique sid="common">
                    <phong>
                        <emission>
                            <color>0.000000 0.000000 0.000000 1.000000</color>
                        </emission>
                        <ambient>
                            <color>1.000000 1.000000 1.000000 1.000000</color>
                        </ambient>
                        <diffuse>
                            <texture texture="Legs Texture-image-sampler" texcoord="" />
                        </diffuse>
                        <specular>
                            <color>1.000000 1.000000 1.000000 1.000000</color>
                        </specular>
                        <shininess>
                            <float>2.000000</float>
                        </shininess>
                        <reflective>
                            <color>1.000000 1.000000 1.000000 1.000000</color>
                        </reflective>
                        <reflectivity>
                            <float>1.000000</float>
                        </reflectivity>
                        <transparent opaque="A_ONE">
                            <color>0.000000 0.000000 0.000000 1.000000</color>
                        </transparent>
                        <transparency>
                            <float>1.000000</float>
                        </transparency>
                        <index_of_refraction>
                            <float>0.000000</float>
                        </index_of_refraction>
                    </phong>
                </technique>
            </profile_COMMON>
        </effect>
    </library_effects>
    <library_geometries>
        <geometry id="Bystander_B-geometry" name="Bystander_B-geometry">
            <mesh>
                <source id="Bystander_B-positions" name="position">
                    <float_array id="Bystander_B-positions-array" count="894">0.0660855 1.17294 -0.159973 0.0643086 1.07702 -0.156223 0.0050018 1.07337 -0.170457 0.1842 1.13909 0.0835978 0.205744 1.33294 0.073444 0.129995 1.33411 0.111393 0.00130018 1.45775 -0.203234 -0.0832745 1.37355 -0.185733 -0.116278 1.46183 -0.187184 0.129818 1.14436 0.11546 0.131974 1.0646 0.121393 0.239761 1.48683 -0.121766 0.17297 1.44221 -0.17141 0.1729 1.51529 -0.130231 -0.18074 1.14187 0.075063 -0.22616 1.29019 -0.0192646 -0.207989 1.14192 -0.0184574 0.378853 1.26184 -0.143131 0.409418 1.30512 -0.103271 0.444029 1.23909 -0.0828582 0.306715 1.23669 -0.0262561 0.356342 1.21101 0.0102897 0.232444 1.32909 0.0175327 -0.165027 1.24754 -0.128678 -0.18257 1.13852 -0.0787939 -0.244189 1.38207 0.0555304 -0.235392 1.39712 0.0655669 -0.240532 1.47604 0.0198785 0.0582051 1.54837 0.00525828 0.0721682 1.56507 -0.0214636 0.0589555 1.56504 -0.0219305 -0.248602 1.51341 -0.0406023 -0.149791 1.50919 0.0285823 0.326645 1.32019 0.0394278 0.398737 1.30555 0.012361 0.251663 1.46473 0.0201875 0.0697661 1.61164 -0.0553805 0.0788413 1.58426 -0.0172556 0.0928674 1.58302 -0.0566098 -0.0868006 0.876348 -0.187899 -0.0695329 1.07484 -0.159926 0.00132088 0.968035 -0.181657 0.160242 1.15389 -0.0975002 0.175422 1.07252 -0.0991836 0.448365 1.05725 0.0018663 0.350151 1.19255 -0.0215928 0.368983 1.18939 -0.0783408 -0.17069 1.35339 -0.15719 -0.192015 0.838898 0.0780859 -0.201833 0.912544 0.00886506 -0.171164 0.914232 0.0685599 -0.0538526 1.50973 0.0418276 -0.04818 1.47561 0.0662039 0.0017063 1.47011 0.0725609 -0.0474252 1.05876 0.169646 -0.107624 1.07025 0.131794 -0.0515608 0.86026 0.19826 0.115525 1.56081 -0.0604209 0.194165 1.53197 -0.047175 0.0780493 1.57162 -0.100004 0.409565 1.11667 0.0341486 0.514445 1.11667 0.0440915 0.563358 1.04806 0.0645352 0.536574 1.12098 0.00545821 0.10082 0.849814 0.142136 0.161654 0.924667 0.0835124 0.191259 0.84121 0.0840686 0.0409991 1.34107 0.133524 0.12653 1.4183 0.0868356 0.0517381 1.41848 0.105519 0.087171 1.54695 0.0329932 0.145564 1.50996 0.0256923 0.127685 1.54779 -0.0355844 -0.0643312 0.922794 -0.10732 -0.0826318 0.872199 -0.180744 0.000377566 0.875963 -0.190186 0.184356 0.839425 -0.0888206 0.117327 0.913207 -0.104451 0.0665064 0.873608 -0.183239 -0.241992 1.4183 -0.149369 -0.191581 1.44507 -0.165139 -0.21251 1.34443 -0.121752 -0.213792 0.838692 -0.00543911 -0.188299 0.836579 -0.0885156 -0.117552 0.920144 -0.092467 -0.17705 0.920451 -0.0803019 -0.0376692 1.15643 0.134995 0.0325319 1.34199 0.128446 -0.0229269 1.34117 0.127407 0.23524 1.4183 -0.14902 0.259122 1.47611 -0.10879 0.356011 1.39889 -0.0380698 0.404238 1.32295 -0.0416866 -0.093946 1.58287 -0.0604491 -0.0756516 1.60877 -0.0510451 -0.0730401 1.6012 -0.0848511 -0.246891 1.48123 -0.114136 -0.193053 1.53385 -0.0486946 -0.195095 1.50884 -0.125432 0.0043599 0.926773 -0.103131 0.44581 1.07001 0.0402878 0.395615 1.2374 0.0348453 0.484145 1.09759 0.0636429 0.426501 1.25325 0.0143435 0.0970411 1.37299 -0.194962 0.104721 1.46121 -0.191258 0.0518901 1.55072 0.00298555 0.501538 1.09417 0.00234949 0.491397 1.00511 0.0592442 0.492505 0.992454 0.0203278 0.472158 1.05711 -0.0480666 0.487235 1.11552 -0.0813797 0.512393 1.08074 -0.0634972 0.165314 0.920451 -0.0695774 0.22015 0.83636 0.00136706 0.0441626 1.05167 0.15664 0.0820972 1.02729 0.121473 0.0741465 0.990387 0.13266 -0.0967814 1.34048 0.110949 -0.0899369 1.1371 0.108127 -0.0410289 1.15023 0.163704 0.239704 1.3894 0.0474243 -0.115414 1.52159 -0.145254 0.00255185 1.29101 -0.185933 -0.0772791 1.29146 -0.172497 0.00352069 1.37254 -0.198617 0.225753 1.29019 -0.0221933 0.187324 1.26591 -0.102397 0.212704 1.14441 -0.0173397 0.0490865 1.05578 0.164875 0.0533899 0.858001 0.192183 0.197992 0.905095 0.0190048 0.521412 0.99114 -0.0314976 0.561338 1.0138 -0.0421158 0.531695 1.10128 -0.051862 0.508484 1.17535 -0.00617158 -0.0566535 1.56231 -0.0212946 -0.0654818 1.54792 0.00691053 -0.0481689 1.54913 0.00295132 -0.0436404 1.53383 0.0260674 -0.0345725 1.53262 0.0190734 -0.182184 1.06148 0.0778654 -0.107899 0.847969 0.146831 -0.100945 0.845948 0.139249 -0.103373 1.1511 0.122518 -0.106826 1.41722 0.0992686 -0.0320092 1.34191 0.138217 -0.0427114 1.4183 0.106848 0.0937606 1.28998 -0.180852 0.00254551 1.59709 -0.0853843 0.0561419 1.62454 -0.0784402 0.0017998 1.62736 -0.0954732 -0.0673247 1.56261 -0.0204041 -0.0704402 1.60768 -0.0488653 -0.0785576 1.5844 -0.0160088 0.413846 1.21393 -0.114428 0.320279 1.23866 -0.0927182 0.201085 1.33767 -0.120454 -0.229396 1.33255 -0.117893 0.0436078 1.14708 0.157072 0.034166 1.53363 0.0175948 0.0363383 1.34013 0.129931 0.062372 0.961233 0.134123 0.0451252 0.856074 0.186928 0.0916145 1.11249 0.129123 0.0118917 1.10084 0.144905 0.029071 1.07458 0.133267 0.0506575 0.923034 -0.10732 0.577862 1.03273 -0.0306997 0.581701 1.05012 0.0211003 -0.0560819 1.58178 -0.050502 -0.109184 1.33762 0.11564 -0.206699 1.33072 0.0762057 -0.215586 1.04406 -0.0233605 -0.181924 1.05136 -0.0982101 -0.195151 0.835187 -0.0927403 -0.0602435 1.62274 -0.0772178 -0.112098 1.47273 0.0630185 -0.105103 1.51726 0.0329861 -0.0546877 1.47597 0.0756716 -0.0360454 1.41557 0.100094 -0.0352914 1.10642 0.150961 -0.101302 1.1105 0.106746 -0.0298405 1.07667 0.133281 0.53486 1.03455 0.0819486 0.229552 1.39547 0.0526967 0.240733 1.47292 0.0235705 -0.22227 0.839264 -0.00798313 0.234774 1.29003 -0.0289699 0.233259 1.32885 -0.12801 0.0655187 1.60985 -0.0542633 0.0580653 1.58227 -0.0514566 0.447059 1.27134 -0.0295998 0.0013756 1.17879 -0.172131 -0.0428159 0.856312 0.186291 -0.0845559 0.957235 0.130451 -0.0404887 1.05869 0.161952 -0.0259698 1.34083 0.132893 -0.0334006 1.14899 0.158033 -0.0721446 1.17314 -0.161244 0.112501 0.955855 0.114229 0.000727606 0.878269 -0.200654 0.0707341 0.877263 -0.190033 0.24877 1.51384 -0.0407458 0.223609 1.32361 0.0262492 -0.141078 0.950402 0.102023 0.191436 0.842355 -0.0954495 0.22073 1.04978 -0.0119303 0.230038 0.837295 -0.000448678 0.0955585 1.34007 0.108859 0.0472326 1.41576 0.10092 0.0876101 1.13446 0.119516 0.0191128 1.50656 0.049136 0.064418 1.5057 0.0365657 0.0446725 1.53266 0.0246826 -0.229391 1.32865 0.0293278 -0.20115 0.839994 0.0842251 -0.090333 1.02427 0.122397 0.038587 1.1488 0.149391 0.0652505 1.47251 0.0726642 0.122322 1.47163 0.0569879 0.11525 1.51773 0.0277866 0.00178376 1.62949 -0.100618 -0.0631547 1.62481 -0.0812763 0.0598245 1.6273 -0.0802706 0.218348 1.3327 -0.120739 -0.0916298 1.07583 0.118563 -0.132039 1.54961 -0.0357066 -0.0776562 1.54734 0.0373831 -0.0283974 1.51441 0.0483617 -0.0172735 1.51476 0.0373188 0.0110096 1.50678 0.0427999 0.375972 1.25696 0.0289143 0.119452 0.851651 0.153553 0.200034 0.84338 0.0894309 0.0509791 1.15958 0.125474 -0.0791194 1.5723 -0.100079 0.105999 1.51892 -0.147061 0.187061 1.06476 0.0836216 0.00125093 1.52612 -0.157863 0.00120537 1.56861 -0.120434 0.264296 1.48554 -0.0408268 -0.000126225 1.52006 0.0316524 0.0819901 1.07866 0.118083 -0.237347 1.2887 -0.0208682 -0.268013 1.46677 -0.101161 -0.251392 1.46473 0.0201874 -0.269967 1.48019 -0.0406269 -0.238462 1.33136 0.0223463 0.0554978 1.47151 0.0636979 0.0634005 1.60567 -0.0881689 0.00161823 1.61162 -0.107085 0.0803065 1.58454 -0.0996169 -0.0814236 1.58666 -0.0988138 -0.118045 1.56327 -0.0611506 0.000757199 1.58433 -0.121266 -0.0873588 1.00494 0.130675 -0.0442167 1.59432 -0.0715278 0.0399989 1.59357 -0.0702595 -0.380062 1.26187 -0.13878 -0.416724 1.21393 -0.108498 -0.446906 1.23909 -0.0884534 -0.349689 1.2203 0.0169086 -0.307567 1.23345 -0.0257957 -0.401615 1.30555 0.012361 -0.328106 1.31885 0.0375017 -0.35083 1.18914 -0.0215928 -0.443872 1.06151 0.00101963 -0.368482 1.1851 -0.0783408 -0.412443 1.11667 0.0341486 -0.56658 1.04849 0.0645352 -0.51873 1.11499 0.0412231 -0.539452 1.12098 0.00545819 -0.412296 1.30512 -0.0993401 -0.353118 1.39777 -0.0380697 -0.408956 1.31809 -0.0416868 -0.447981 1.07172 0.043961 -0.483554 1.10278 0.0656739 -0.398492 1.2374 0.0348453 -0.429379 1.25325 0.0143435 -0.492078 1.0062 0.0678552 -0.504416 1.09417 0.00234948 -0.49851 0.989252 0.0204326 -0.490112 1.11552 -0.0774186 -0.472412 1.05909 -0.0480665 -0.51527 1.08074 -0.0594352 -0.526402 0.990342 -0.0303137 -0.564777 1.01364 -0.0418496 -0.511361 1.17535 -0.00617161 -0.534573 1.10128 -0.0453119 -0.324153 1.23372 -0.0927182 -0.57634 1.03098 -0.0306997 -0.584579 1.05012 0.0211004 -0.447084 1.05713 0.00477745 -0.536252 1.03742 0.0845439 -0.236284 1.32435 -0.116973 -0.449937 1.27134 -0.0295998 -0.375212 1.26247 0.0289143</float_array>
                    <technique_common>
                        <accessor source="#Bystander_B-positions-array" count="298" stride="3">
                            <param name="X" type="float" />
                            <param name="Y" type="float" />
                            <param name="Z" type="float" />
                        </accessor>
                    </technique_common>
                </source>
                <source id="Bystander_B-normals" name="normal">
                    <float_array id="Bystander_B-normals-array" count="894">0.40989 -0.103688 -1.22255 0.387799 0.0897468 -1.23083 0.0492215 0.0253174 -1.29241 1.02135 0.0133142 0.793761 1.00034 -0.200517 0.795298 0.503252 0.155815 1.18146 -0.0334513 0.216524 -1.27491 -0.255304 -0.152284 -1.25898 -0.295386 0.360322 -1.20678 0.60697 0.0764782 1.1398 0.682131 0.100784 1.0945 0.631667 0.818324 -0.777649 0.473278 0.13642 -1.19616 0.436653 0.89515 -0.825492 -1.02064 -0.00683382 0.794761 -0.906995 -0.922363 0.00150814 -1.2799 -0.0286781 -0.185576 0.264777 -0.237226 -1.24379 0.961728 0.61153 -0.611968 0.989504 0.368439 -0.747348 -0.858821 -0.951307 0.175604 -0.6985 -0.500455 0.966973 -0.034111 -0.800978 1.01522 -0.89854 -0.327723 -0.870988 -0.977027 -0.036636 -0.847037 -0.568328 -0.152152 1.15206 -0.655266 0.124967 1.10833 -0.620776 0.671339 0.915061 0.169461 0.980491 0.82663 -0.661677 0.797304 0.774522 0.988679 0.657658 0.513221 -0.798643 0.998826 0.194709 -0.383425 0.864934 0.882196 0.0942688 -0.0672378 1.28841 0.730225 0.560724 0.908711 0.757524 0.62122 0.844771 0.523531 1.09823 0.439559 0.0271472 1.06583 0.732581 0.932727 0.895868 -0.0289167 -0.400944 -0.322221 -1.18693 -0.353779 0.0998443 -1.24027 0.0250556 0.202765 -1.27736 0.885682 -0.100404 -0.937487 0.904852 0.10432 -0.918562 -1.03692 -0.769714 -0.0757396 -1.00726 -0.807384 0.0833756 -0.716495 -0.791967 -0.729944 -0.463929 -0.290782 -1.17201 0.636359 -1.06245 -0.373697 0.914746 -0.886243 -0.226295 -1.13708 -0.536549 0.304222 0.286448 0.783208 0.988902 0.498692 0.705578 0.962737 0.022685 0.718159 1.0757 0.191383 0.124462 1.27329 -0.733838 0.114335 1.05915 0.129773 -0.25746 1.26106 0.834876 0.971573 -0.180065 0.452948 1.21085 0.0456456 0.482461 0.802883 -0.892191 -0.908094 -0.452494 0.802502 0.70649 0.66147 0.858326 0.871611 0.227882 0.92831 1.08247 0.695485 0.133998 -0.514348 -1.04636 -0.560326 0.918655 -0.343582 0.843457 -0.618614 -1.09512 -0.302352 -0.332998 0.293462 1.21507 0.37118 0.475701 1.14426 -0.362375 0.597041 1.08886 -0.221321 0.767818 1.01728 0.372696 0.862065 0.889571 0.679586 1.03206 0.382627 0.0603271 -1.28559 -0.130444 0.237902 -1.25475 0.205891 0.0217604 -1.28378 0.157568 -0.493438 -1.14571 0.342433 0.174672 -0.814784 -0.98945 -0.167881 -1.26607 0.205641 -0.382478 0.000916752 -1.23576 -0.463825 0.293324 -1.17142 -0.459726 -0.708684 -0.979701 0.646506 -1.11914 0.0542657 0.946857 -0.787057 0.396734 -0.313042 -0.752697 -1.00441 0.415302 -1.19852 0.253886 -0.228197 0.210402 1.25581 0.173176 0.181948 1.26898 -0.211999 0.242936 1.25277 0.255311 0.0431894 -1.26742 0.910884 0.727438 -0.560821 0.986187 0.826742 0.131637 1.0377 0.764621 0.109198 -0.929386 0.899798 0.000369329 -0.664347 1.04951 0.361351 -0.803039 0.717822 -0.716419 -0.695185 0.810851 -0.729818 -0.499092 1.19328 0.0195506 -0.503304 0.88924 -0.793304 -0.0441811 -1.26844 -0.249997 -0.91773 -0.519592 0.749127 -0.119399 0.166102 1.27732 -0.0825019 0.237286 1.26897 0.700366 0.567449 0.927839 0.397371 -0.172185 -1.21895 0.267245 0.505411 -1.1604 0.747399 0.48847 0.936049 0.568324 -1.10841 0.349049 -0.482116 -0.918242 0.77317 -0.273811 -1.26413 -0.0202451 -0.616002 -0.726607 -0.875202 0.270149 -0.266937 -1.23659 0.292607 -0.248985 -1.23523 -0.665551 -1.0842 0.234408 -0.672729 -1.09712 0.131025 -1.26237 -0.0096041 -0.282372 -1.13238 0.124559 0.612858 -0.437199 0.381157 1.15627 0.0793096 -0.0927875 1.28783 -0.42152 0.0680013 1.2211 0.140328 0.0982828 1.2822 0.503732 -0.0912206 1.18799 -0.250936 0.839048 -0.952063 -0.0410566 -0.181286 -1.28017 -0.35773 -0.247896 -1.21818 -0.0709477 -0.16293 -1.28133 1.11526 -0.650829 0.0775982 0.962008 -0.269924 -0.82163 1.25184 -0.0180842 -0.325526 -0.26274 0.134122 1.25951 0.184075 -0.615667 1.1227 0.0439829 -1.07831 -0.713237 0.246281 -1.10851 -0.619637 0.807385 -1.01011 -0.0348234 0.974349 0.366833 -0.767772 1.08577 0.683651 0.164668 -0.987678 0.686427 0.476135 0.359496 1.05231 0.660904 -0.74717 0.515861 0.921422 0.0677797 1.03553 0.772321 -0.0887644 0.792339 1.01868 -1.0529 0.0769309 0.747579 -0.553874 -0.773352 0.876667 0.608376 -0.92142 -0.673987 -0.696556 0.089591 1.08636 -0.283329 0.474502 1.1696 0.185426 0.332968 1.23618 0.403832 0.602545 1.0711 0.417175 -0.249846 -1.19872 0.0207467 1.29325 -0.0214658 -0.49996 0.720505 0.950951 -0.0471486 0.954147 0.872225 0.787469 0.826638 0.608241 0.669922 0.829934 0.73199 -0.114431 1.09322 0.682037 0.100781 -0.464674 -1.20304 -0.69863 -0.902923 -0.608311 0.313707 -0.7336 -1.01824 0.48117 -0.869699 -0.827946 -0.395191 0.0795509 1.22918 0.155189 0.686796 1.08518 -1.26686 0.0230698 -0.260611 -0.376068 -0.262508 1.20957 -1.18038 -0.496283 -0.183827 -0.318394 0.0084246 1.25377 0.154458 -0.0940984 1.28089 0.228455 -0.196017 1.25809 -0.146004 -1.17722 -0.515973 1.15854 -0.102058 -0.566363 0.909412 -0.87573 0.281891 0.143695 1.00948 0.79605 -0.498817 0.0936792 1.18987 -0.942855 -0.300224 0.833237 -1.28598 0.0724911 -0.119995 -0.916542 0.101903 -0.907173 -0.614577 -1.01387 -0.517448 0.393682 0.859429 0.883058 -0.285503 0.663839 1.07294 -0.318311 0.465733 1.16412 0.4433 0.690873 0.999787 0.52006 0.582017 1.03159 -0.308922 -0.176192 1.24375 -0.190994 -0.0443625 1.27865 -0.196539 -0.16472 1.26793 0.584052 -0.989652 0.594027 0.628078 0.168014 1.11834 0.546019 0.613867 0.999213 -0.954888 -0.867931 0.0909985 -0.209362 -1.27591 0.0401223 -0.632938 -0.807229 -0.788141 -0.815751 0.665184 0.751981 -0.187318 1.00403 0.793866 1.06988 0.712854 0.143505 0.0246461 -0.0890791 -1.29029 0.904051 -0.912465 -0.153284 0.833693 -0.35878 0.921753 1.29091 -0.0505257 -0.0663793 1.28543 0.132656 0.0588348 1.19919 -0.0870302 -0.477246 -0.430867 -0.0416469 -1.21902 -0.826177 -0.393796 -0.914194 -0.00275845 -0.838485 -0.985054 0.346429 -0.525327 -1.13023 0.79222 1.00179 0.205426 0.871939 -0.614296 0.731956 -0.015658 1.26728 -0.259121 0.780321 -0.744087 -0.714723 1.29137 0.0755565 -0.00730143 0.814314 -1.00319 -0.0624238 0.15759 0.00765656 1.28394 -0.421998 0.602266 1.06423 -0.883027 0.258586 0.909281 -0.179532 0.881864 0.929236 -0.120005 0.811666 1.0001 0.0176253 0.942566 0.885807 -0.69312 -0.735042 0.807894 -0.61742 -1.0121 0.517535 1.16415 0.134975 0.547658 -1.2228 0.0642078 -0.417186 -0.386593 0.728013 0.996965 0.321416 0.623255 1.08703 0.317582 0.427998 1.17871 -0.00945046 0.960472 -0.866487 -0.402647 1.22747 0.0677844 0.292952 1.23818 0.233446 -0.440022 -0.809624 -0.907901 1.1543 0.287863 0.508064 -0.636947 1.05022 0.405872 0.328152 0.849626 0.918612 0.218518 0.924089 0.878467 0.26635 0.932211 0.856408 -0.19445 0.899867 0.908748 -0.0790125 -0.00734884 1.29116 0.426596 -0.957928 0.757486 0.870782 -0.673784 0.679079 0.279772 0.208683 1.24562 -0.479853 0.815042 -0.882521 0.220228 0.843126 -0.956051 1.02816 0.060278 0.782716 0.00439337 0.813401 -1.00586 0.00591548 0.290773 -1.26048 1.0176 0.786764 0.13743 0.0418566 0.488718 1.197 -1.05928 -0.0904526 0.736984 0.389588 -1.20628 0.257906 -0.915234 0.75026 -0.522351 -0.746952 0.651604 0.831186 -0.998814 0.810196 0.139095 0.068302 -0.789384 1.02255 -0.332228 0.779468 0.977471 0.795148 0.681343 -0.759544 0.00119794 0.665665 -1.10918 0.675466 0.493793 -0.986565 -0.672393 0.548329 -0.959489 -0.799068 0.9994 -0.189961 0.00331365 0.275073 -1.26401 0.56565 0.287678 1.12724 -0.824507 0.971247 -0.224193 0.742715 0.980288 -0.401006 -0.215349 -0.257756 -1.24923 -0.0941222 -0.457907 -1.20617 -0.957506 0.333194 -0.803467 0.625756 -0.466889 1.03143 0.866324 -0.937618 0.209165 -0.729695 0.574597 0.900433 -0.149455 -0.052005 1.28388 1.00569 -0.808051 0.0951057 1.01369 -0.800691 -0.0687278 0.679844 -0.771909 -0.784451 0.875611 -0.443366 0.84269 -0.889048 0.277372 0.897806 -0.729851 0.68002 0.823581 -1.08714 0.691386 0.116223 -0.947476 0.651544 -0.592601 -0.97713 0.839126 0.120335 -1.00977 0.802307 0.100276 0.984878 -0.489848 0.680779 0.0431878 0.301998 1.25711 0.0449626 0.190966 1.27863 -0.715535 0.572149 0.913264 0.467529 -0.859234 0.84648 -0.532486 -1.10468 0.411761 0.220973 -1.27453 -0.0115329 -0.293751 -0.259791 -1.23273 0.605949 -0.770065 -0.844525 -0.336137 -0.185286 -1.23534 -0.304955 -1.06548 -0.667197 -0.870699 -0.956514 -0.018977 -1.0878 0.67798 0.174452 -0.986746 0.360178 -0.754983 0.684687 -0.876557 -0.66049 -1.16783 -0.0414885 -0.554841 -0.906562 -0.884379 0.263467 1.03191 -0.778564 -0.0490264 -0.588031 -0.957101 0.64154 0.68607 -0.772391 -0.778534 -1.05732 0.730707 0.14675 -0.00828909 0.0535864 1.29246</float_array>
                    <technique_common>
                        <accessor source="#Bystander_B-normals-array" count="298" stride="3">
                            <param name="X" type="float" />
                            <param name="Y" type="float" />
                            <param name="Z" type="float" />
                        </accessor>
                    </technique_common>
                </source>
                <source id="Bystander_B-texcoords" name="texcoord">
                    <float_array id="Bystander_B-texcoords-array" count="2418">0.675035 1.78005 0.676664 1.83548 0.746729 1.83553 0.595743 1.20408 0.55282 1.30881 0.645907 1.32771 0.746758 1.61308 0.82153 1.67185 0.851782 1.60861 0.648456 1.20404 0.652653 1.15527 0.595743 1.20408 0.545584 1.56447 0.586657 1.62371 0.58672 1.57725 0.896302 1.2065 0.991172 1.30316 0.996643 1.20526 0.315677 1.56761 0.324398 1.53194 0.25235 1.53213 0.295041 1.32675 0.281321 1.3985 0.421767 1.39893 0.998077 1.77956 0.91245 1.72223 0.955172 1.78124 0.979592 1.35975 0.97208 1.34925 0.960778 1.3842 0.117003 1.79242 0.0997719 1.7822 0.0997929 1.78794 0.954099 1.50467 0.960778 1.3842 0.904132 1.41654 0.357683 1.42926 0.315276 1.46181 0.510657 1.45855 0.677235 1.49913 0.659323 1.45954 0.655142 1.49841 0.824762 1.99234 0.808935 1.8355 0.746758 1.90787 0.675035 1.78005 0.578849 1.78064 0.566292 1.8354 0.0873835 1.675 0.25094 1.67383 0.246702 1.62456 0.901656 1.67756 0.851782 1.60861 0.901149 1.00548 0.997264 1.0011 0.80255 1.00109 0.146145 1.86781 0.176521 1.86109 0.181371 1.83379 0.768375 1.1411 0.826029 1.14853 0.749955 1.01079 0.63681 1.50552 0.568333 1.49759 0.668064 1.53673 0.25094 1.32826 0.0886237 1.32881 0.152996 1.39321 0.0877059 1.46265 0.0135488 1.46253 0.0876986 1.49428 0.671553 1.00553 0.63768 1.00126 0.579913 1.00495 0.718523 1.32999 0.649853 1.35826 0.714874 1.35448 0.655654 1.42582 0.58509 1.40704 0.620862 1.48207 0.805965 2.00007 0.825419 1.99511 0.746763 1.99493 0.563019 1.9962 0.624471 2.00009 0.670918 1.99496 1.00895 1.67746 0.920804 1.62323 0.901656 1.67756 0.967002 1.70369 0.91245 1.72223 0.995125 1.72069 0.998084 2.00001 0.998099 1.9921 0.94087 1.99569 0.825419 1.99511 0.859138 2.00007 0.934567 2.00006 0.419645 1.86262 0.292863 1.81122 0.293483 1.85183 0.517455 1.56306 0.5241 1.53215 0.413235 1.49401 0.327003 1.49543 0.820979 1.50692 0.806507 1.50265 0.8044 1.51778 0.956252 1.57674 0.900447 1.51003 0.91785 1.57016 0.746763 1.99493 0.7467 2.00006 0.087719 1.40147 0.152996 1.39321 0.258203 1.43029 0.0877707 1.43516 0.258912 1.46169 0.656253 1.67414 0.649213 1.61066 0.114926 1.79705 0.00175102 1.4429 0.013559 1.40624 0.0133842 1.32915 0.0875095 1.62347 0.129159 1.57196 0.0874835 1.5718 0.569067 2.00005 0.563019 1.9962 0.500509 1.99653 0.727838 1.14108 0.745202 1.14123 0.745241 1.11553 0.294008 1.9059 0.437243 1.90089 0.826029 1.14853 0.768375 1.1411 0.770679 1.2096 0.468069 1.42426 0.357683 1.42926 0.850989 1.5692 0.851782 1.60861 0.91785 1.57016 0.746748 1.72132 0.816035 1.72111 0.74674 1.67518 0.504681 1.3015 0.595743 1.20408 0.537266 1.72111 0.500527 1.77949 0.724719 1.14109 0.729024 1.01615 0.652653 1.15527 0.500526 2.00002 0.00175102 1.4429 0.00920358 1.32989 0.0132751 1.57142 0.0875785 1.53115 0.158402 1.49458 0.103341 1.87981 0.117406 1.87632 0.115195 1.87173 0.117406 1.87632 0.127346 1.86699 0.131508 1.85495 0.826029 1.14853 0.897715 1.14362 0.840441 1.00981 0.80255 1.00109 0.840424 1.00667 0.901149 1.00548 0.94087 1.99569 0.934567 2.00006 0.896302 1.2065 0.826029 1.14853 0.825583 1.21003 0.831763 1.35663 0.77226 1.32456 0.775738 1.35729 0.65926 1.72129 0.675035 1.78005 0.746748 1.72132 0.742868 1.5109 0.692593 1.52064 0.744412 1.52973 0.809384 1.46504 0.80173 1.49943 0.818143 1.46618 0.117406 1.87632 0.146145 1.86781 0.249451 1.57231 0.309568 1.62465 0.537652 1.67409 0.656253 1.67414 0.995125 1.72069 0.99599 1.70412 0.652653 1.15527 0.648456 1.20404 0.724719 1.14109 0.721696 1.20386 0.648456 1.20404 0.158402 1.49458 0.25235 1.53213 0.129481 1.81144 0.722752 1.3302 0.727838 1.14108 0.745124 1.00128 0.738815 1.01343 0.451161 1.76796 0.459069 1.82633 0.476162 1.81375 0.681489 2.00007 0.670918 1.99496 0.624471 2.00009 0.00175102 1.4429 0.0133606 1.53071 0.013444 1.49407 0.00175102 1.4429 0.013444 1.49407 0.0135488 1.46253 0.670918 1.99496 0.0133842 1.32915 0.013559 1.40624 0.0875095 1.62347 0.103075 1.88377 0.0943927 1.88435 0.934567 2.00006 0.94087 1.99569 0.825419 1.99511 0.520251 1.20392 0.595743 1.20408 0.825676 1.32438 0.896302 1.2065 0.825583 1.21003 0.896302 1.2065 0.825676 1.32438 0.936872 1.30656 0.900447 1.51003 0.954099 1.50467 0.998082 1.8354 0.93966 1.83551 0.940061 1.99218 0.742868 1.5109 0.7898 1.51134 0.831763 1.35663 0.775738 1.35729 0.838023 1.38182 0.836576 1.41614 0.838023 1.38182 0.784797 1.38669 0.225079 1.85217 0.454821 1.86088 0.469015 1.90921 0.478416 1.85689 0.0877707 1.43516 0.258203 1.43029 0.152996 1.39321 0.281321 1.3985 0.357683 1.42926 0.421767 1.39893 0.152996 1.39321 0.087719 1.40147 0.0877707 1.43516 0.00175102 1.4429 0.0135936 1.44221 0.013559 1.40624 0.620862 1.48207 0.58509 1.40704 0.568333 1.49759 0.523782 1.34332 0.515571 1.34461 0.536918 1.38911 0.997214 1.00852 0.897715 1.14362 0.997783 1.1328 0.901149 1.00548 0.997027 1.00636 0.421767 1.39893 0.39858 1.32787 0.295041 1.32675 0.39858 1.67341 0.4242 1.62385 0.295041 1.67233 0.131508 1.85495 0.115195 1.87173 0.117406 1.87632 0.4242 1.62385 0.681128 1.49541 0.68796 1.4897 0.672788 1.4562 0.158402 1.49458 0.0877059 1.46265 0.269504 1.49511 0.327003 1.49543 0.675035 1.78005 0.746757 1.78002 0.940061 1.99218 0.75103 1.00549 0.74666 1.09273 0.765326 1.14113 0.766351 1.32506 0.765076 1.20963 0.746837 1.20365 0.816035 1.72111 0.811329 1.78006 0.851782 1.60861 0.901656 1.67756 0.687818 1.00331 0.738815 1.01343 0.745124 1.00128 0.63768 1.00126 0.671553 1.00553 0.687818 1.00331 0.675035 1.78005 0.537652 1.67409 0.501063 1.6907 0.746763 1.9915 0.670775 1.99226 0.681128 1.49541 0.692593 1.52064 0.4242 1.62385 0.295041 1.67233 0.4242 1.62385 0.58509 1.40704 0.536918 1.38911 0.54647 1.50131 0.568333 1.49759 0.63681 1.50552 0.620862 1.48207 0.519645 1.31519 0.515571 1.34461 0.523782 1.34332 0.468069 1.42426 0.421767 1.39893 0.357683 1.42926 0.523938 1.00587 0.524285 1.00902 0.0133842 1.67476 0.0875095 1.62347 0.0132342 1.62268 0.00175102 1.4429 0.0133842 1.32915 0.00920358 1.32989 0.840424 1.00667 0.746617 1.00119 0.74666 1.09273 0.746833 1.33155 0.766351 1.32506 0.808935 1.8355 0.56227 1.99303 0.500524 1.83535 0.500509 1.99293 0.0135488 1.46253 0.0877059 1.46265 0.0877707 1.43516 0.00175102 1.4429 0.0135488 1.46253 0.0135936 1.44221 0.294324 1.76507 0.224914 1.80678 0.745175 1.21202 0.745155 1.20363 0.149655 1.82105 0.181371 1.83379 0.149698 1.78787 0.128381 1.80233 0.149655 1.82105 0.566292 1.8354 0.566292 1.8354 0.149698 1.78787 0.0894213 1.78883 0.25235 1.53213 0.129159 1.57196 0.00175102 1.4429 0.97208 1.34925 0.979592 1.35975 0.987815 1.34011 0.74666 1.09273 0.75103 1.00549 0.840424 1.00667 0.897715 1.14362 0.997214 1.00852 0.901929 1.00864 0.998102 1.98746 0.998082 1.8354 0.940061 1.99218 0.836576 1.41614 0.838023 1.38182 0.901929 1.00864 0.840441 1.00981 0.897715 1.14362 0.765076 1.20963 0.765326 1.14113 0.746827 1.14117 0.840441 1.00981 0.749955 1.01079 0.826029 1.14853 0.825419 1.99511 0.859138 2.00007 0.671553 1.00553 0.738815 1.01343 0.687818 1.00331 0.987815 1.34011 0.936872 1.30656 0.97208 1.34925 0.721696 1.20386 0.724719 1.14109 0.648456 1.20404 0.745202 1.14123 0.727838 1.14108 0.725384 1.20399 0.702518 1.37949 0.651864 1.38274 0.660563 1.4106 0.327003 1.49543 0.327003 1.49543 0.269504 1.49511 0.721696 1.20386 0.0875095 1.62347 0.0874835 1.5718 0.0875095 1.62347 0.0133842 1.67476 0.149698 1.78787 0.149655 1.82105 0.469015 1.90921 0.437243 1.90089 0.744427 1.5336 0.792469 1.51326 0.690078 1.52331 0.525376 1.67588 0.537652 1.67409 0.496867 1.65834 0.537652 1.67409 0.500502 1.68731 0.087719 1.40147 0.013559 1.40624 0.0877707 1.43516 0.013559 1.40624 0.087719 1.40147 0.537652 1.67409 0.496867 1.65834 0.545584 1.56447 0.496867 1.65834 0.117406 1.87632 0.103075 1.88377 0.746827 1.14117 0.746829 1.17619 0.765076 1.20963 0.493084 1.90213 0.469015 1.90921 0.818143 1.46618 0.86819 1.48095 0.826623 1.43682 0.820979 1.50692 0.818143 1.46618 0.0874835 1.5718 0.99599 1.70412 0.519645 1.31519 0.507381 1.3124 0.537652 1.67409 0.500502 1.68731 0.901656 1.67756 0.91245 1.72223 0.14272 1.85583 0.181371 1.83379 0.142716 1.84769 0.181371 1.83379 0.149767 1.82698 0.649853 1.35826 0.523782 1.34332 0.651864 1.38274 0.519645 1.31519 0.746763 1.99493 0.670918 1.99496 0.840424 1.00667 0.80255 1.00109 0.746617 1.00119 0.288033 1.42798 0.258203 1.43029 0.258203 1.43029 0.288033 1.42798 0.281321 1.3985 0.652653 1.15527 0.729024 1.01615 0.669399 1.00535 0.652653 1.15527 0.669399 1.00535 0.580251 1.00452 0.692593 1.52064 0.745155 1.20363 0.725384 1.20399 0.725384 1.20399 0.469015 1.90921 0.419645 1.86262 0.417253 1.79771 0.419645 1.86262 0.476162 1.81375 0.439251 1.77089 0.417253 1.79771 0.451161 1.76796 0.451161 1.76796 0.417253 1.79771 0.900447 1.51003 0.813617 1.53124 0.91785 1.57016 0.668064 1.53673 0.648042 1.57114 0.77226 1.32456 0.825676 1.32438 0.825583 1.21003 0.825676 1.32438 0.258912 1.46169 0.258203 1.43029 0.258912 1.46169 0.269504 1.49511 0.597448 1.13985 0.52505 1.11791 0.595743 1.20408 0.580251 1.00452 0.597448 1.13985 0.652653 1.15527 0.936872 1.30656 0.991172 1.30316 0.896302 1.2065 0.991172 1.30316 0.936872 1.30656 0.987815 1.34011 0.808935 1.8355 0.808935 1.8355 0.523938 1.00587 0.63768 1.00126 0.467437 1.63256 0.4242 1.62385 0.4242 1.62385 0.80173 1.49943 0.152996 1.39321 0.281321 1.3985 0.25094 1.32826 0.281321 1.3985 0.152996 1.39321 0.258203 1.43029 0.527838 1.56797 0.496867 1.65834 0.545584 1.56447 0.545371 1.50035 0.527838 1.56797 0.545584 1.56447 0.0874835 1.5718 0.0874835 1.5718 0.748153 1.56923 0.668064 1.53673 0.648042 1.57114 0.656253 1.67414 0.74674 1.67518 0.515571 1.34461 0.525253 1.38937 0.536918 1.38911 0.525253 1.38937 0.54647 1.50131 0.536918 1.38911 0.901656 1.67756 0.816035 1.72111 0.746748 1.72132 0.675035 1.78005 0.826623 1.43682 0.836576 1.41614 0.648456 1.20404 0.595743 1.20408 0.721696 1.20386 0.725384 1.20399 0.721696 1.20386 0.725384 1.20399 0.727838 1.14108 0.813617 1.53124 0.744842 1.55163 0.91785 1.57016 0.851782 1.60861 0.58509 1.40704 0.651864 1.38274 0.523782 1.34332 0.745135 1.33511 0.745175 1.21202 0.417253 1.79771 0.439251 1.77089 0.294324 1.76507 0.013444 1.49407 0.013444 1.49407 0.0135488 1.46253 0.765076 1.20963 0.419645 1.86262 0.437243 1.90089 0.469015 1.90921 0.281321 1.3985 0.288033 1.42798 0.357683 1.42926 0.288033 1.42798 0.357683 1.42926 0.566292 1.8354 0.675035 1.78005 0.566292 1.8354 0.0135936 1.44221 0.0877707 1.43516 0.013559 1.40624 0.0877707 1.43516 0.0135936 1.44221 0.0135488 1.46253 0.825583 1.21003 0.826029 1.14853 0.901656 1.67756 0.91785 1.57016 0.25235 1.53213 0.249451 1.57231 0.25235 1.53213 0.269504 1.49511 0.52505 1.11791 0.597448 1.13985 0.580251 1.00452 0.566292 1.8354 0.419645 1.86262 0.808935 1.8355 0.766351 1.32506 0.746833 1.33155 0.767718 1.35713 0.519539 1.49316 0.519539 1.49316 0.766351 1.32506 0.775738 1.35729 0.77226 1.32456 0.766351 1.32506 0.77226 1.32456 0.149698 1.78787 0.51137 1.33881 0.515571 1.34461 0.519645 1.31519 0.507381 1.3124 0.51137 1.33881 0.519645 1.31519 0.692593 1.52064 0.724719 1.14109 0.727838 1.14108 0.738815 1.01343 0.727838 1.14108 0.724719 1.14109 0.721696 1.20386 0.25094 1.67383 0.295041 1.67233 0.295041 1.32675 0.25094 1.32826 0.281321 1.3985 0.668064 1.53673 0.149767 1.82698 0.137974 1.83513 0.131508 1.85495 0.998082 1.8354 0.537652 1.67409 0.656253 1.67414 0.659323 1.45954 0.655654 1.42582 0.620862 1.48207 0.568333 1.49759 0.668064 1.53673 0.568333 1.49759 0.545584 1.56447 0.249451 1.57231 0.129159 1.57196 0.249451 1.57231 0.25235 1.53213 0.597448 1.13985 0.595743 1.20408 0.652653 1.15527 0.595743 1.20408 0.52505 1.11791 0.520251 1.20392 0.249451 1.57231 0.129159 1.57196 0.25094 1.67383 0.900447 1.51003 0.86819 1.48095 0.900447 1.51003 0.954099 1.50467 0.86819 1.48095 0.826623 1.43682 0.851782 1.60861 0.479785 1.77501 0.451161 1.76796 0.476162 1.81375 0.725384 1.20399 0.745155 1.20363 0.745202 1.17954 0.991172 1.30316 0.987815 1.34011 1.00094 1.30264 0.99599 1.70412 0.995125 1.72069 0.98216 1.70486 0.976875 1.57313 0.976875 1.57313 0.954099 1.50467 0.97187 1.38079 0.979592 1.35975 0.960778 1.3842 0.954099 1.50467 0.960778 1.3842 0.976495 1.50346 0.954099 1.50467 0.976875 1.57313 0.976495 1.50346 0.954099 1.50467 0.979592 1.35975 0.996691 1.3432 0.987815 1.34011 0.996691 1.3432 1.00094 1.30264 0.987815 1.34011 0.137974 1.83513 0.149767 1.82698 0.131508 1.85495 0.0877059 1.46265 0.258912 1.46169 0.0877707 1.43516 0.258912 1.46169 0.0877059 1.46265 0.158402 1.49458 0.826623 1.43682 0.798795 1.40802 0.8093 1.44439 0.74674 1.67518 0.746748 1.72132 0.656253 1.67414 0.998077 1.77956 0.998082 1.8354 0.896302 1.2065 0.997783 1.1328 0.897715 1.14362 0.996643 1.20526 0.997783 1.1328 0.896302 1.2065 0.897715 1.14362 0.826029 1.14853 0.896302 1.2065 0.525253 1.38937 0.521959 1.50009 0.54647 1.50131 0.527838 1.56797 0.181371 1.83379 0.176521 1.86109 0.960778 1.3842 0.838023 1.38182 0.778179 1.3885 0.784797 1.38669 0.709757 1.38141 0.720546 1.35427 0.702518 1.37949 0.702518 1.37949 0.651864 1.38274 0.784797 1.38669 0.838023 1.38182 0.775738 1.35729 0.702518 1.37949 0.778179 1.3885 0.798795 1.40802 0.784797 1.38669 0.683931 1.5268 0.744579 1.53968 0.672711 1.53075 0.818143 1.46618 0.80173 1.49943 0.826623 1.43682 0.784797 1.38669 0.798795 1.40802 0.681128 1.49541 0.659323 1.45954 0.620862 1.48207 0.659323 1.45954 0.702518 1.37949 0.655654 1.42582 0.700319 1.40377 0.702518 1.37949 0.655654 1.42582 0.659323 1.45954 0.700319 1.40377 0.655654 1.42582 0.655654 1.42582 0.700319 1.40377 0.702518 1.37949 0.809473 1.52373 0.809384 1.46504 0.826623 1.43682 0.8093 1.44439 0.826623 1.43682 0.809384 1.46504 0.818143 1.46618 0.180137 1.79824 0.181371 1.83379 0.224914 1.80678 0.224914 1.80678 0.181371 1.83379 0.224914 1.80678 0.58509 1.40704 0.655654 1.42582 0.672711 1.53075 0.63681 1.50552 0.813617 1.53124 0.844372 1.505 0.809473 1.52373 0.820979 1.50692 0.809473 1.52373 0.620862 1.48207 0.63681 1.50552 0.86819 1.48095 0.820979 1.50692 0.672711 1.53075 0.63681 1.50552 0.668064 1.53673 0.744507 1.54435 0.672711 1.53075 0.668064 1.53673 0.672711 1.53075 0.813617 1.53124 0.809473 1.52373 0.809473 1.52373 0.146145 1.86781 0.146145 1.86781 0.181371 1.83379 0.149698 1.78787 0.181371 1.83379 0.180137 1.79824 0.519645 1.31519 0.523782 1.34332 0.825676 1.32438 0.77226 1.32456 0.831763 1.35663 0.97208 1.34925 0.825676 1.32438 0.831763 1.35663 0.936872 1.30656 0.825676 1.32438 0.97208 1.34925 0.651864 1.38274 0.649853 1.35826 0.523782 1.34332 0.649853 1.35826 0.649853 1.35826 0.224914 1.80678 0.437243 1.90089 0.419645 1.86262 0.294324 1.76507 0.417253 1.79771 0.419645 1.86262 0.417253 1.79771 0.766351 1.32506 0.765076 1.20963 0.724719 1.14109 0.738815 1.01343 0.729024 1.01615 0.75103 1.00549 0.840441 1.00981 0.840424 1.00667 0.840441 1.00981 0.75103 1.00549 0.762059 1.01079 0.762059 1.01079 0.765326 1.14113 0.76972 1.1411 0.765326 1.14113 0.762059 1.01079 0.75103 1.00549 0.825419 1.99511 0.825419 1.99511 0.746763 1.99493 0.940061 1.99218 0.94087 1.99569 0.940061 1.99218 0.563019 1.9962 0.563019 1.9962 0.76972 1.1411 0.765326 1.14113 0.765326 1.14113 0.765076 1.20963 0.840424 1.00667 0.901929 1.00864 0.901149 1.00548 0.901929 1.00864 0.840424 1.00667 0.840441 1.00981 0.670918 1.99496 0.670918 1.99496 0.563019 1.9962 0.94087 1.99569 0.940061 1.99218 0.825419 1.99511 0.671553 1.00553 0.729024 1.01615 0.738815 1.01343 0.729024 1.01615 0.671553 1.00553 0.671095 1.00794 0.997214 1.00852 0.901149 1.00548 0.901929 1.00864 0.901149 1.00548 0.997214 1.00852 0.997027 1.00636 0.524285 1.00902 0.580251 1.00814 0.580251 1.00814 0.524285 1.00902 0.523917 1.01199 0.825419 1.99511 0.940061 1.99218 0.746763 1.99493 0.670918 1.99496 0.746763 1.99493 0.671095 1.00794 0.580251 1.00814 0.671095 1.00794 0.671553 1.00553 0.74666 1.09273 0.746825 1.12115 0.765326 1.14113 0.745124 1.00128 0.727838 1.14108 0.745241 1.11553 0.523917 1.01199 0.52505 1.11791 0.580251 1.00452 0.566292 1.8354 0.656253 1.67414 0.74674 1.67518 0.746748 1.72132 0.816035 1.72111 0.813617 1.53124 0.850989 1.5692 0.648042 1.57114 0.648042 1.57114 0.851782 1.60861 0.850989 1.5692 0.813617 1.53124 0.900447 1.51003 0.672711 1.53075 0.809473 1.52373 0.672711 1.53075 0.818143 1.46618 0.820979 1.50692 0.86819 1.48095 0.809473 1.52373 0.820979 1.50692 0.651864 1.38274 0.536918 1.38911 0.58509 1.40704 0.97208 1.34925 0.838023 1.38182 0.960778 1.3842 0.746748 1.72132 0.91245 1.72223 0.901656 1.67756 0.816035 1.72111 0.91245 1.72223 0.816035 1.72111 0.656253 1.67414 0.766351 1.32506 0.775738 1.35729 0.784797 1.38669 0.775738 1.35729 0.745135 1.33511 0.78573 1.5015 0.742868 1.5109 0.79249 1.49119 0.708538 1.50162 0.692593 1.52064 0.742868 1.5109 0.692593 1.52064 0.149767 1.82698 0.149655 1.82105 0.181371 1.83379 0.149655 1.82105 0.149767 1.82698 0.137974 1.83513 0.131508 1.85495 0.523782 1.34332 0.536918 1.38911 0.651864 1.38274 0.97208 1.34925 0.831763 1.35663 0.838023 1.38182 0.79249 1.49119 0.80173 1.49943 0.809384 1.46504 0.79249 1.49119 0.80173 1.49943 0.692593 1.52064 0.681128 1.49541 0.681128 1.49541 0.659323 1.45954 0.850989 1.5692 0.91785 1.57016 0.813617 1.53124 0.900447 1.51003 0.86819 1.48095 0.568333 1.49759 0.545584 1.56447 0.54647 1.50131 0.568333 1.49759 0.58509 1.40704 0.74674 1.67518 0.816035 1.72111 0.74674 1.67518 0.998077 1.77956 0.995125 1.72069 0.91245 1.72223 0.158402 1.49458 0.269504 1.49511 0.258912 1.46169 0.269504 1.49511 0.158402 1.49458 0.25235 1.53213 0.129159 1.57196 0.0875095 1.62347 0.0874835 1.5718 0.129159 1.57196 0.746827 1.14117 0.765326 1.14113 0.746825 1.12115 0.725384 1.20399 0.745202 1.17954 0.745202 1.14123 0.624471 2.00009 0.563019 1.9962 0.30877 1.57235 0.249451 1.57231 0.25235 1.53213 0.281321 1.3985 0.305132 1.32844 0.421767 1.39893 0.357683 1.42926 0.5109 1.45855 0.25094 1.67383 0.0893989 1.67399 0.0893988 1.32842 0.25094 1.32826 0.152996 1.39321 0.0135488 1.46253 0.0877059 1.46265 0.526653 1.5665 0.524537 1.5321 0.413478 1.49401 0.327003 1.49543 0.152996 1.39321 0.087719 1.40147 0.0877707 1.43516 0.258203 1.43029 0.258912 1.46169 0.013559 1.40624 0.00175102 1.4429 0.0133842 1.32915 0.129159 1.57196 0.0875095 1.62347 0.0874835 1.5718 0.468069 1.42426 0.357683 1.42926 0.0132342 1.31377 0.00175102 1.4429 0.158402 1.49458 0.249451 1.57231 0.158402 1.49458 0.25235 1.53213 0.00175102 1.4429 0.013444 1.49407 0.013444 1.49407 0.00175102 1.4429 0.0135488 1.46253 0.0133842 1.32915 0.0837832 1.32867 0.013559 1.40624 0.0875095 1.62347 0.258203 1.43029 0.0877707 1.43516 0.152996 1.39321 0.357683 1.42926 0.281321 1.3985 0.421767 1.39893 0.087719 1.40147 0.152996 1.39321 0.0877707 1.43516 0.0135936 1.44221 0.00175102 1.4429 0.013559 1.40624 0.39858 1.32787 0.421767 1.39893 0.305132 1.32844 0.4242 1.62385 0.305132 1.67401 0.4242 1.62385 0.526653 1.5665 0.526653 1.5665 0.158402 1.49458 0.0877059 1.46265 0.327003 1.49543 0.269504 1.49511 0.4242 1.62385 0.4242 1.62385 0.305132 1.67401 0.421767 1.39893 0.468069 1.42426 0.357683 1.42926 0.0875095 1.62347 0.0133842 1.67476 0.0133842 1.32915 0.00175102 1.4429 0.0132342 1.31377 0.0877059 1.46265 0.0135488 1.46253 0.0877707 1.43516 0.0135488 1.46253 0.00175102 1.4429 0.0135936 1.44221 0.25235 1.53213 0.129159 1.57196 0.00175102 1.4429 0.327003 1.49543 0.269504 1.49511 0.327003 1.49543 0.0875095 1.62347 0.0874835 1.5718 0.0133842 1.67476 0.0875095 1.62347 0.0837832 1.67425 0.013559 1.40624 0.087719 1.40147 0.0877707 1.43516 0.087719 1.40147 0.013559 1.40624 0.0837832 1.32867 0.0874835 1.5718 0.258203 1.43029 0.288033 1.42798 0.288033 1.42798 0.258203 1.43029 0.281321 1.3985 0.258912 1.46169 0.258203 1.43029 0.258912 1.46169 0.269504 1.49511 0.439005 1.62435 0.4242 1.62385 0.526653 1.5665 0.439005 1.62435 0.4242 1.62385 0.281321 1.3985 0.152996 1.39321 0.25094 1.32826 0.152996 1.39321 0.281321 1.3985 0.258203 1.43029 0.0874835 1.5718 0.0874835 1.5718 0.013444 1.49407 0.013444 1.49407 0.0135488 1.46253 0.288033 1.42798 0.281321 1.3985 0.357683 1.42926 0.288033 1.42798 0.357683 1.42926 0.0877707 1.43516 0.0135936 1.44221 0.013559 1.40624 0.0135936 1.44221 0.0877707 1.43516 0.0135488 1.46253 0.25235 1.53213 0.25235 1.53213 0.269504 1.49511 0.523757 1.49252 0.0837832 1.67425 0.0875095 1.62347 0.087719 1.40147 0.0837832 1.32867 0.305132 1.67401 0.25094 1.67383 0.25094 1.32826 0.305132 1.32844 0.281321 1.3985 0.249451 1.57231 0.249451 1.57231 0.129159 1.57196 0.25235 1.53213 0.249451 1.57231 0.129159 1.57196 0.25094 1.67383 0.258912 1.46169 0.0877059 1.46265 0.0877707 1.43516 0.0877059 1.46265 0.258912 1.46169 0.158402 1.49458 0.269504 1.49511 0.158402 1.49458 0.258912 1.46169 0.158402 1.49458 0.269504 1.49511 0.25235 1.53213 0.129159 1.57196 0.0875095 1.62347 0.129159 1.57196 0.0874835 1.5718 0.826623 1.43682 0.836576 1.41614 0.784797 1.38669</float_array>
                    <technique_common>
                        <accessor source="#Bystander_B-texcoords-array" count="1209" stride="2">
                            <param name="S" type="float" />
                            <param name="T" type="float" />
                        </accessor>
                    </technique_common>
                </source>
                <vertices id="Bystander_B-geometry-vertices">
                    <input semantic="POSITION" source="#Bystander_B-positions" />
                </vertices>
                <triangles material="Body_Texture" count="561">
                    <input semantic="VERTEX" source="#Bystander_B-geometry-vertices" offset="0" />
                    <input semantic="NORMAL" source="#Bystander_B-normals" offset="1" />
                    <input semantic="TEXCOORD" source="#Bystander_B-texcoords" offset="2" />
                    <p>0 0 0 1 1 1 2 2 2 3 3 3 4 4 4 5 5 5 6 6 6 7 7 7 8 8 8 9 9 9 10 10 10 3 3 11 11 11 12 12 12 13 13 13 14 14 14 15 15 15 16 16 16 17 17 17 18 18 18 19 19 19 20 20 20 21 21 21 22 22 22 23 16 16 24 23 23 25 24 24 26 25 25 27 26 26 28 27 27 29 28 28 30 29 29 31 30 30 32 31 31 33 27 27 34 32 32 35 33 33 36 34 34 37 35 35 38 36 36 39 37 37 40 38 38 41 39 39 42 40 40 43 41 41 44 0 0 45 42 42 46 43 43 47 44 44 48 45 45 49 46 46 50 47 47 51 8 8 52 7 7 7 48 48 53 49 49 54 50 50 55 51 51 56 52 52 57 53 53 58 54 54 59 55 55 60 56 56 61 57 57 62 58 58 63 59 59 64 45 45 65 44 44 66 60 60 67 61 61 68 62 62 69 63 63 70 64 64 71 65 65 72 66 66 73 67 67 74 68 68 75 69 69 76 70 70 77 71 71 78 72 72 79 73 73 80 74 74 81 75 75 82 76 76 83 77 77 84 78 78 85 79 79 86 80 80 87 47 47 88 81 81 89 23 23 90 15 15 91 49 49 92 82 82 93 83 83 94 74 74 95 84 84 96 85 85 97 86 86 98 87 87 99 88 88 100 18 18 19 89 89 101 90 90 102 91 91 103 34 34 37 92 92 104 93 93 105 94 94 106 95 95 107 96 96 108 97 97 109 98 98 110 75 75 111 99 99 112 73 73 80 100 100 113 60 60 114 44 44 66 101 101 115 102 102 116 103 103 117 12 12 13 104 104 118 105 105 119 106 106 120 28 28 30 30 30 32 107 107 121 108 108 122 109 109 123 110 110 124 111 111 125 112 112 126 113 113 127 76 76 128 114 114 129 115 115 130 116 116 131 117 117 132 118 118 133 119 119 134 88 88 100 55 55 135 54 54 136 120 120 137 35 35 38 121 121 138 33 33 139 122 122 140 8 8 141 98 98 142 123 123 143 124 124 144 125 125 145 126 126 146 4 4 4 3 3 147 42 42 46 127 127 148 128 128 149 129 129 150 130 130 151 10 10 152 114 114 129 131 131 153 113 113 127 107 107 154 132 132 155 133 133 156 134 134 157 135 135 158 63 63 70 136 136 159 137 137 160 138 138 161 137 137 162 139 139 163 140 140 164 55 55 165 141 141 166 142 142 167 50 50 168 143 143 169 48 48 170 83 83 171 85 85 172 49 49 92 14 14 173 55 55 174 144 144 175 145 145 176 146 146 177 147 147 178 148 148 179 0 0 180 123 123 181 149 149 182 150 150 183 151 151 184 152 152 185 153 153 186 154 154 187 139 139 163 137 137 188 51 51 189 17 17 18 155 155 190 156 156 191 12 12 13 157 157 192 104 104 193 15 15 194 158 158 195 81 81 89 10 10 196 9 9 197 129 129 198 159 159 199 9 9 200 5 5 5 90 90 102 91 91 103 18 18 19 34 34 37 91 91 103 35 35 38 135 135 201 134 134 157 19 19 202 106 106 120 160 160 203 28 28 30 67 67 74 69 69 76 161 161 204 115 115 205 162 162 206 163 163 207 164 164 208 165 165 209 166 166 210 41 41 44 2 2 2 1 1 1 167 167 211 78 78 212 77 77 213 107 107 214 168 168 215 169 169 216 107 107 217 169 169 218 62 62 219 78 78 220 167 167 211 99 99 112 44 44 66 109 109 221 108 108 222 46 46 50 110 110 223 44 44 48 152 152 224 136 136 159 170 170 225 85 85 226 83 83 227 74 74 228 128 128 229 126 126 146 3 3 230 171 171 231 14 14 232 144 144 233 14 14 234 171 171 235 172 172 236 32 32 35 97 97 237 31 31 238 173 173 239 174 174 240 175 175 241 149 149 242 151 151 184 176 176 243 145 145 244 147 147 245 177 177 246 178 178 247 177 177 248 179 179 249 88 88 100 180 180 250 118 118 133 181 181 251 182 182 252 183 183 253 102 102 254 101 101 255 60 60 256 21 21 257 33 33 258 22 22 259 60 60 260 100 100 261 102 102 262 107 107 263 184 184 264 108 108 265 72 72 266 71 71 267 58 58 268 185 185 269 121 121 270 186 186 271 187 187 272 141 141 273 173 173 274 49 49 54 48 48 275 82 82 276 22 22 277 188 188 278 20 20 279 188 188 280 189 189 281 20 20 282 140 140 283 138 138 284 137 137 285 17 17 18 189 189 286 89 89 101 18 18 19 17 17 18 89 89 101 190 190 287 191 191 288 29 29 289 63 63 70 135 135 290 61 61 291 192 192 292 92 92 293 34 34 37 0 0 294 2 2 2 193 193 295 175 175 296 174 174 240 39 39 42 194 194 297 195 195 298 196 196 299 197 197 300 198 198 301 182 182 302 24 24 26 124 124 303 199 199 304 8 8 305 47 47 306 80 80 87 200 200 307 163 163 308 162 162 309 65 65 310 64 64 311 200 200 312 0 0 313 148 148 179 42 42 46 157 157 314 126 126 315 127 127 148 41 41 44 201 201 316 39 39 42 1 1 1 202 202 317 41 41 44 190 190 318 150 150 319 191 191 288 189 189 320 17 17 18 156 156 191 20 20 321 189 189 322 156 156 191 71 71 323 186 186 324 203 203 325 58 58 326 57 57 327 72 72 328 204 204 329 121 121 330 185 185 331 121 121 332 22 22 333 33 33 334 131 131 335 114 114 336 66 66 73 109 109 337 110 110 338 132 132 339 107 107 340 109 109 341 132 132 342 143 143 343 205 205 344 195 195 345 182 182 302 118 118 346 197 197 347 40 40 348 39 39 42 174 174 240 206 206 349 207 207 350 208 208 351 62 62 352 61 61 353 102 102 354 107 107 355 62 62 356 184 184 357 209 209 358 210 210 359 87 87 99 161 161 204 211 211 360 164 164 361 212 212 362 53 53 363 213 213 364 214 214 365 160 160 203 212 212 366 43 43 367 128 128 149 207 207 350 126 126 315 128 128 149 127 127 148 43 43 368 202 202 317 1 1 1 29 29 31 28 28 30 213 213 369 191 191 370 30 30 32 29 29 31 19 19 371 134 134 157 111 111 372 107 107 373 133 133 156 168 168 215 26 26 374 25 25 375 215 215 376 195 195 377 194 194 378 143 143 379 141 141 380 187 187 381 216 216 382 187 187 383 173 173 384 175 175 385 178 178 386 32 32 35 177 177 387 216 216 388 142 142 389 141 141 390 198 198 391 196 196 392 217 217 393 142 142 394 56 56 395 55 55 396 74 74 397 73 73 80 84 84 398 64 64 399 163 163 400 200 200 401 215 215 402 172 172 403 26 26 404 159 159 405 129 129 406 9 9 407 116 116 408 115 115 409 218 218 410 219 219 411 220 220 412 221 221 413 92 92 414 18 18 19 91 91 103 92 92 415 192 192 416 18 18 19 28 28 30 160 160 203 214 214 365 159 159 417 5 5 5 67 67 74 132 132 339 110 110 418 112 112 419 110 110 420 109 109 421 44 44 48 213 213 422 214 214 365 212 212 423 118 118 133 182 182 424 119 119 425 222 222 426 223 223 427 151 151 184 224 224 428 222 222 426 151 151 184 225 225 429 157 157 430 89 89 431 157 157 432 188 188 433 126 126 315 100 100 434 108 108 435 102 102 436 108 108 437 100 100 438 44 44 66 157 157 439 12 12 13 89 89 440 11 11 441 89 89 442 12 12 13 137 137 443 136 136 159 152 152 444 217 217 445 226 226 446 198 198 447 226 226 448 183 183 253 182 182 449 154 154 450 227 227 451 228 228 452 93 93 453 154 154 454 94 94 106 134 134 157 168 168 215 112 112 455 168 168 215 134 134 157 63 63 70 158 158 456 79 79 86 81 81 89 204 204 457 126 126 146 188 188 458 157 157 459 225 225 429 188 188 460 47 47 461 23 23 462 81 81 89 229 229 463 53 53 464 230 230 465 53 53 466 231 231 467 230 230 465 68 68 468 185 185 469 220 220 470 4 4 4 126 126 146 204 204 471 99 99 112 75 75 472 78 78 473 201 201 316 41 41 44 202 202 317 143 143 474 50 50 475 205 205 476 232 232 477 101 101 478 34 34 37 101 101 479 232 232 480 21 21 481 10 10 482 130 130 483 233 233 484 10 10 485 233 233 486 234 234 487 150 150 488 36 36 39 224 224 428 164 164 489 218 218 490 161 161 204 67 67 74 161 161 204 218 218 491 182 182 492 181 181 251 86 86 493 235 235 494 86 86 495 165 165 209 183 183 253 166 166 496 165 165 209 211 211 497 235 235 498 164 164 499 165 165 209 164 164 500 235 235 501 97 97 502 236 236 503 98 98 504 223 223 427 94 94 106 176 176 243 59 59 505 13 13 14 237 237 506 146 146 507 171 171 508 120 120 137 144 144 509 120 120 137 171 171 510 103 103 511 34 34 37 101 101 512 34 34 37 103 103 513 192 192 514 238 238 515 207 207 516 3 3 517 234 234 518 238 238 519 10 10 520 172 172 521 15 15 522 14 14 523 15 15 524 172 172 525 215 215 526 2 2 2 41 41 44 40 40 527 40 40 528 199 199 304 2 2 2 131 131 529 66 66 73 65 65 530 188 188 280 225 225 531 189 189 532 225 225 531 89 89 101 189 189 533 153 153 534 176 176 243 94 94 106 60 60 535 21 21 536 45 45 537 21 21 538 60 60 539 101 101 540 90 90 541 89 89 542 11 11 543 203 203 544 90 90 545 11 11 546 133 133 156 112 112 547 168 168 215 112 112 548 133 133 156 132 132 339 239 239 549 59 59 550 237 237 551 104 104 552 125 125 553 6 6 6 121 121 554 35 35 555 186 186 556 35 35 557 203 203 558 186 186 559 47 47 560 7 7 7 124 124 561 123 123 562 0 0 563 193 193 295 80 80 87 79 79 86 96 96 108 228 228 564 32 32 35 178 178 565 5 5 5 9 9 566 3 3 567 159 159 568 67 67 74 218 218 569 159 159 570 218 218 571 115 115 572 236 236 573 240 240 574 239 239 549 80 80 87 98 98 575 8 8 576 71 71 577 221 221 413 220 220 578 185 185 579 5 5 5 4 4 4 161 161 204 209 209 580 211 211 581 235 235 582 211 211 583 209 209 584 63 63 70 169 169 585 168 168 215 169 169 586 63 63 70 62 62 587 226 226 446 182 182 302 198 198 588 86 86 589 119 119 590 182 182 591 21 21 592 232 232 593 33 33 594 232 232 595 34 34 37 33 33 596 202 202 317 43 43 597 206 206 349 1 1 1 0 0 598 43 43 599 184 184 600 102 102 601 108 108 602 102 102 603 184 184 604 62 62 605 120 120 137 144 144 606 55 55 607 81 81 89 79 79 86 47 47 608 98 98 609 80 80 87 96 96 108 17 17 18 19 19 610 155 155 611 19 19 612 18 18 19 192 192 613 207 207 614 238 238 615 234 234 616 128 128 149 43 43 617 42 42 46 181 181 251 165 165 209 86 86 618 165 165 209 181 181 251 183 183 253 174 174 240 199 199 304 40 40 619 197 197 620 118 118 621 180 180 622 35 35 38 91 91 103 241 241 623 91 91 103 90 90 102 241 241 624 197 197 625 147 147 626 146 146 627 197 197 628 146 146 629 120 120 137 213 213 630 28 28 30 214 214 365 22 22 631 121 121 632 204 204 633 188 188 634 22 22 635 204 204 636 223 223 427 176 176 243 151 151 184 224 224 428 151 151 184 150 150 637 129 129 638 115 115 639 163 163 640 115 115 641 129 129 642 159 159 643 45 45 644 20 20 645 156 156 191 20 20 646 45 45 647 21 21 648 59 59 649 239 239 549 240 240 574 105 105 119 13 13 14 12 12 13 231 231 650 242 242 651 230 230 465 229 229 463 140 140 652 139 139 163 174 174 240 173 173 653 24 24 26 157 157 654 127 127 148 104 104 655 37 37 656 70 70 657 72 72 658 58 58 659 13 13 14 59 59 660 58 58 661 203 203 544 11 11 662 155 155 663 46 46 50 156 156 191 111 111 664 155 155 665 19 19 666 238 238 667 3 3 668 10 10 669 3 3 670 207 207 671 128 128 672 46 46 50 155 155 673 111 111 674 156 156 191 46 46 50 45 45 675 97 97 676 32 32 35 227 227 677 97 97 678 96 96 108 31 31 679 227 227 680 32 32 35 228 228 681 6 6 6 8 8 682 239 239 549 243 243 683 164 164 684 166 166 685 218 218 686 164 164 687 243 243 688 15 15 689 215 215 690 244 244 691 158 158 692 15 15 693 244 244 694 79 79 86 245 245 695 96 96 108 245 245 696 31 31 697 96 96 108 246 246 698 25 25 699 27 27 700 31 31 701 246 246 698 27 27 702 247 247 703 246 246 698 31 31 704 245 245 705 247 247 706 31 31 707 25 25 708 248 248 709 215 215 710 248 248 711 244 244 712 215 215 713 160 160 203 242 242 714 231 231 715 229 229 463 230 230 465 140 140 716 61 61 717 103 103 718 102 102 719 103 103 720 61 61 721 135 135 722 228 228 723 51 51 724 137 137 725 125 125 726 148 148 179 123 123 727 105 105 119 104 104 728 6 6 6 16 16 729 24 24 26 173 173 730 14 14 731 173 173 732 141 141 733 16 16 734 173 173 735 14 14 736 141 141 737 55 55 738 14 14 739 35 35 740 241 241 741 203 203 742 241 241 741 90 90 743 203 203 544 180 180 250 53 53 744 52 52 745 27 27 746 177 177 747 32 32 35 180 180 622 52 52 748 179 179 749 249 249 750 210 210 751 219 219 752 219 219 753 69 69 76 220 220 754 179 179 755 177 177 756 147 147 757 69 69 76 219 219 758 210 210 751 52 52 759 51 51 760 179 179 761 222 222 426 250 250 762 251 251 763 252 252 764 251 251 763 250 250 762 94 94 106 154 154 765 153 153 766 228 228 767 179 179 768 51 51 769 190 190 770 29 29 289 37 37 771 72 72 772 38 38 41 37 37 773 38 38 41 250 250 762 36 36 39 219 219 774 221 221 413 70 70 775 213 213 776 249 249 750 219 219 777 70 70 778 37 37 779 29 29 289 29 29 289 213 213 780 70 70 781 70 70 782 213 213 783 219 219 784 251 251 763 253 253 785 95 95 107 95 95 107 222 222 426 251 251 763 223 223 427 95 95 107 94 94 106 152 152 786 228 228 787 137 137 788 228 228 789 152 152 790 154 154 791 249 249 792 53 53 793 210 210 794 69 69 76 210 210 751 161 161 204 210 210 795 53 53 796 180 180 250 210 210 797 180 180 250 88 88 100 221 221 413 71 71 798 70 70 799 252 252 800 38 38 41 57 57 801 236 236 802 254 254 803 253 253 804 93 93 805 253 253 806 254 254 803 72 72 807 57 57 808 38 38 41 227 227 809 93 93 810 254 254 803 252 252 811 57 57 812 59 59 813 255 255 814 252 252 815 240 240 574 59 59 816 240 240 574 252 252 817 240 240 574 236 236 818 253 253 819 253 253 820 255 255 814 240 240 574 139 139 163 51 51 821 229 229 463 229 229 463 51 51 822 53 53 823 213 213 824 53 53 825 249 249 826 204 204 827 185 185 828 4 4 4 171 171 829 146 146 830 145 145 831 26 26 832 171 171 833 145 145 834 172 172 835 171 171 836 26 26 837 220 220 838 69 69 76 68 68 839 185 185 840 68 68 841 5 5 5 5 5 5 68 68 842 67 67 74 210 210 843 88 88 100 87 87 99 88 88 100 119 119 844 86 86 845 209 209 846 87 87 99 235 235 847 86 86 848 235 235 849 87 87 99 197 197 850 120 120 137 198 198 851 129 129 852 163 163 853 130 130 854 194 194 855 142 142 856 143 143 857 142 142 858 194 194 859 56 56 860 56 56 861 196 196 862 54 54 863 196 196 864 56 56 865 194 194 866 201 201 316 74 74 867 39 39 42 74 74 868 201 201 316 75 75 869 82 82 93 175 175 870 83 83 871 175 175 872 82 82 93 187 187 383 208 208 351 76 76 873 206 206 349 76 76 874 208 208 351 114 114 129 120 120 137 54 54 875 196 196 876 196 196 877 198 198 878 120 120 137 143 143 879 216 216 880 48 48 881 216 216 882 143 143 883 142 142 884 206 206 349 78 78 885 202 202 317 78 78 886 206 206 349 76 76 887 83 83 888 175 175 889 74 74 890 64 64 891 130 130 892 163 163 893 130 130 894 64 64 895 233 233 896 187 187 897 48 48 898 216 216 899 48 48 900 187 187 901 82 82 902 114 114 903 234 234 904 66 66 73 234 234 905 114 114 906 208 208 907 39 39 42 74 74 908 175 175 909 75 75 910 202 202 317 78 78 911 202 202 317 75 75 912 201 201 316 233 233 913 66 66 73 234 234 914 66 66 73 233 233 915 64 64 916 195 195 917 256 256 918 196 196 919 162 162 920 115 115 921 117 117 922 208 208 923 207 207 924 234 234 925 207 207 350 206 206 349 43 43 926 104 104 927 148 148 179 125 125 928 123 123 929 199 199 304 124 124 930 236 236 931 239 239 549 122 122 932 105 105 119 6 6 6 239 239 549 239 239 549 237 237 933 105 105 119 237 237 934 13 13 14 105 105 119 8 8 935 122 122 936 239 239 549 236 236 937 97 97 938 254 254 803 224 224 428 36 36 39 250 250 762 252 252 939 250 250 762 38 38 41 222 222 426 224 224 428 250 250 762 253 253 940 251 251 763 255 255 814 252 252 941 255 255 814 251 251 763 222 222 426 95 95 107 223 223 427 154 154 942 93 93 943 227 227 944 95 95 107 253 253 945 93 93 946 220 220 947 186 186 948 71 71 949 26 26 950 177 177 951 27 27 952 199 199 304 174 174 240 24 24 26 123 123 953 193 193 295 199 199 304 193 193 295 2 2 2 199 199 304 23 23 954 47 47 955 124 124 956 24 24 26 23 23 957 124 124 958 127 127 148 42 42 46 148 148 179 148 148 179 104 104 959 127 127 148 197 197 960 180 180 622 147 147 961 180 180 622 179 179 962 147 147 963 210 210 751 209 209 964 161 161 204 176 176 243 257 257 965 149 149 966 170 170 967 257 257 965 176 176 243 258 258 968 191 191 288 150 150 969 149 149 970 258 258 968 150 150 971 160 160 203 231 231 972 212 212 973 53 53 974 212 212 975 231 231 976 230 230 465 242 242 977 140 140 978 185 185 979 186 186 980 220 220 981 26 26 982 145 145 983 177 177 984 170 170 985 176 176 243 153 153 986 152 152 987 170 170 988 153 153 989 36 36 39 150 150 990 190 190 991 36 36 39 190 190 992 37 37 993 122 122 994 98 98 995 236 236 996 254 254 803 97 97 997 227 227 998 13 13 14 58 58 999 11 11 1000 203 203 1001 58 58 1002 71 71 1003 7 7 7 125 125 1004 124 124 1005 7 7 7 6 6 6 125 125 1006 16 16 1007 15 15 1008 23 23 1009 135 135 1010 192 192 1011 103 103 1012 192 192 1013 135 135 1014 19 19 1015 46 46 50 111 111 1016 110 110 1017 112 112 1018 111 111 1019 134 134 157 217 217 1020 196 196 1021 256 256 1022 218 218 1023 243 243 1024 116 116 1025 77 77 1026 76 76 1027 113 113 127 259 259 1028 260 260 1029 261 261 1030 262 262 1031 263 263 1032 248 248 1033 264 264 37 265 265 1034 246 246 1035 266 266 1036 267 267 1037 268 268 50 267 267 1038 266 266 1039 269 269 1040 270 270 1041 271 271 1042 272 272 70 79 79 1043 273 273 19 245 245 1044 264 264 37 274 274 1045 275 275 1046 269 269 1047 276 276 1048 267 267 1038 277 277 1049 278 278 1050 279 279 1051 280 280 1052 281 281 1053 282 282 1054 283 283 1055 284 284 1056 285 285 1057 25 25 1058 246 246 1035 265 265 1059 286 286 1060 281 281 1061 287 287 156 288 288 1062 289 289 157 272 272 70 260 260 1063 259 259 1028 290 290 191 274 274 1045 245 245 1044 273 273 19 274 274 1045 264 264 37 246 246 1035 289 289 157 288 288 1064 261 261 1065 291 291 215 281 281 1066 292 292 1067 292 292 1068 281 281 1069 270 270 1070 282 282 1071 293 293 1072 280 280 1073 284 284 1074 268 268 50 267 267 1037 278 278 1075 277 277 1076 269 269 1077 265 265 1078 262 262 1079 248 248 1080 276 276 1081 269 269 1082 277 277 1083 294 294 1084 281 281 1085 280 280 1086 244 244 1087 248 248 1088 263 263 1089 295 295 1090 244 244 280 263 263 1091 295 295 1092 259 259 1028 79 79 1093 259 259 1028 273 273 19 79 79 1094 288 288 1095 272 272 70 271 271 1096 275 275 1097 296 296 1098 264 264 37 259 259 1028 295 295 1099 290 290 191 295 295 1100 263 263 1101 290 290 191 248 248 1102 25 25 1103 265 265 1104 284 284 1105 282 282 1106 286 286 339 282 282 1107 281 281 1108 286 286 1109 271 271 1110 270 270 1111 277 277 1112 270 270 1113 281 281 1114 294 294 1115 289 289 157 261 261 1116 283 283 1117 287 287 156 281 281 1118 291 291 215 273 273 19 275 275 1119 274 274 1045 296 296 1120 275 275 1121 273 273 19 284 284 1122 286 286 339 285 285 1123 282 282 1124 284 284 1125 293 293 1126 280 280 1127 276 276 1128 277 277 1129 276 276 1130 280 280 1131 293 293 1132 291 291 215 289 289 157 285 285 1133 289 289 157 291 291 215 272 272 70 278 278 1134 297 297 1135 264 264 37 297 297 1136 278 278 1137 262 262 1138 264 264 37 279 279 1139 278 278 1140 279 279 1141 264 264 37 296 296 1142 158 158 1143 244 244 280 295 295 1144 79 79 1145 158 158 1146 295 295 1147 262 262 1148 269 269 1149 266 266 1150 269 269 1151 262 262 1152 278 278 1153 285 285 1154 287 287 156 291 291 215 287 287 156 285 285 1155 286 286 339 292 292 1156 272 272 70 291 291 215 272 272 70 292 292 1157 270 270 1158 297 297 1159 262 262 1160 265 265 1161 264 264 37 297 297 1162 265 265 1163 277 277 1164 294 294 1165 280 280 1166 294 294 1167 277 277 1168 270 270 1169 273 273 19 259 259 1028 261 261 1170 273 273 19 261 261 1171 296 296 1172 274 274 1045 246 246 1035 247 247 1173 245 245 1044 274 274 1045 247 247 1173 293 293 1174 284 284 1175 267 267 1037 267 267 1038 276 276 1176 293 293 1177 263 263 1178 266 266 1179 290 290 191 266 266 1180 263 263 1181 262 262 1182 268 268 50 260 260 1183 290 290 191 260 260 1184 283 283 1185 261 261 1186 260 260 1187 268 268 50 283 283 1188 268 268 50 290 290 191 266 266 1189 279 279 1190 271 271 1191 277 277 1192 271 271 1193 279 279 1194 288 288 1195 296 296 1196 288 288 1197 279 279 1198 288 288 1199 296 296 1200 261 261 1201 283 283 1202 268 268 50 284 284 1203 283 283 1204 285 285 1205 289 289 157 228 228 1206 178 178 1207 179 179 1208</p>
                </triangles>
            </mesh>
        </geometry>
        <geometry id="Bystander_B-geometry" name="Bystander_B-geometry">
            <mesh>
                <source id="Bystander_B-positions" name="position">
                    <float_array id="Bystander_B-positions-array" count="891">0.116881 0.658749 -0.10926 0.117327 0.913207 -0.104451 0.161745 0.59799 -0.0816987 0.0205774 0.644676 0.0107392 0.0938078 0.533787 0.0810644 0.0505712 0.752955 0.114764 -0.209958 0.505467 -0.0279756 -0.155421 0.322045 0.0626811 -0.173612 0.458861 0.0473139 -0.0642798 0.505468 -0.0458683 -0.0793242 0.385127 -0.0900888 -0.0919381 0.508189 -0.0777695 0.00435993 0.91311 -0.0611844 0.0422863 0.876474 -0.0981678 0.0235489 0.815659 -0.0454939 0.105357 0.754995 0.125189 0.0977503 0.915531 0.130501 0.166508 0.89412 -0.0602943 -0.117261 0.641534 -0.0954365 -0.186949 0.737944 -0.0521414 -0.117552 0.920144 -0.092467 -0.197652 0.802627 0.00787488 -0.171391 0.762891 0.0755068 -0.171164 0.914232 0.0685599 -0.0602837 0.329648 -0.00453953 -0.0822444 0.478278 0.0308856 -0.1178 0.440866 0.054592 -0.0873588 1.00494 0.130675 -0.0845559 0.957235 0.130451 -0.0308773 0.981974 0.14233 0.152723 0.320827 0.0626811 0.113499 0.440866 0.0615997 0.0585444 0.329648 -0.00453957 0.175641 0.379102 -0.101494 0.212186 0.33492 -0.0332721 0.191188 0.227114 -0.0806905 -0.210648 0.33492 -0.033272 -0.17705 0.920451 -0.0803019 -0.180554 0.896626 -0.0648041 0.197992 0.905095 0.0190048 0.161654 0.924667 0.0835124 0.195884 0.781025 0.0147945 0.0638999 0.505468 -0.0458683 0.0862119 0.516694 -0.0978314 0.0754795 0.385314 -0.0892454 0.0457124 0.482369 -0.000654236 0.0829261 0.474522 0.0357127 -0.000692133 0.834197 0.0146475 -0.0244385 0.815659 -0.0454939 -0.0475171 0.76194 0.11575 -0.0896968 0.533787 0.083942 -0.0194914 0.644676 0.0107386 0.10268 0.551805 -0.0919923 -0.122387 0.58122 -0.0799163 -0.102457 0.236373 -0.12017 -0.133452 0.242043 -0.129258 -0.129018 0.388658 -0.123809 -0.106635 0.0474086 -0.114975 -0.103898 0.047884 -0.117661 -0.0972068 0.0486199 -0.0867233 0.132125 0.0682751 0.056523 0.128509 0.07019 0.0592345 0.0974213 0.0455065 -0.0313684 0.13298 0.244604 -0.129223 0.125639 0.388658 -0.123809 0.162581 0.551365 0.0768679 0.19707 0.615796 -0.00597278 0.157997 0.744353 0.0884513 0.112501 0.955855 0.114229 -0.030069 1.02503 0.135692 -0.090333 1.02427 0.122397 -0.0986517 0.481521 0.0745243 -0.212237 0.0587478 0.0133027 -0.214577 0.0602307 0.0126624 -0.227121 0.0514626 -0.0380941 -0.0335862 0.880489 -0.0981678 -0.100208 0.0463147 -0.0357976 -0.0971803 0.0475925 -0.034728 -0.128912 0.0701899 0.0592346 -0.130957 0.0685818 0.0574404 -0.188353 0.0763043 0.0720874 0.0999743 0.0457306 -0.0881368 0.0952849 0.0475081 -0.0892665 0.100863 0.0475479 -0.120832 0.165066 0.0478572 -0.124558 0.16628 0.0487184 -0.128392 0.228335 0.0544455 -0.0374709 -0.175671 0.245246 -0.118117 -0.106664 0.0985045 -0.116976 0.102077 0.236373 -0.111363 0.0984747 0.0958504 -0.120354 -0.00731987 0.832947 0.0811711 0.00593563 0.832947 0.0811711 -0.201833 0.912544 0.00886506 0.210828 0.0593937 0.00618298 0.214716 0.0615669 0.00735753 0.208122 0.07337 0.0546516 0.20935 0.541089 -0.0165293 0.102567 0.478075 0.0697338 -0.181201 0.386192 -0.102205 0.0569331 0.556053 -0.0462795 -0.0763515 0.220521 -0.0594012 0.15689 0.492935 -0.0835836 0.128693 0.524584 -0.105257 -0.166368 0.575686 -0.0852194 -0.129073 0.524584 -0.0924861 -0.165697 0.532736 -0.0835608 -0.0607268 0.556053 -0.0462795 -0.0855107 0.541508 -0.0563473 -0.0893737 0.593017 -0.064101 -0.121978 0.756297 0.121981 -0.112632 0.899484 0.129464 -0.194385 0.617212 -0.00597274 -0.175621 0.551365 0.076868 -0.0449671 0.482369 -0.000654219 0.124471 0.122903 0.0233823 0.077289 0.102172 -0.034403 0.0937609 0.0475257 -0.0314267 0.209364 0.11758 -0.00797761 0.190591 0.0763044 0.0760681 0.174031 0.131058 0.0454111 -0.000692089 0.871372 0.121184 -0.000692094 0.833344 0.0842435 0.018351 0.887032 0.125758 -0.000692088 0.907838 0.133728 -0.232406 0.124587 -0.0437924 -0.173706 0.131945 0.0497576 0.135893 0.487172 0.092157 0.170025 0.489836 0.0362577 -0.136275 0.487172 0.0921571 -0.173891 0.500873 0.0679031 0.125257 0.499008 -0.107276 -0.218311 0.217738 -0.035239 -0.162141 0.496859 -0.094486 -0.125637 0.499008 -0.100239 0.143098 0.0469737 -0.123824 0.142295 0.0477147 -0.127236 -0.173274 0.0493955 -0.121182 -0.17467 0.0491719 -0.125436 -0.14263 0.0488263 -0.127836 -0.0776617 0.102124 -0.0341956 -0.125321 0.12379 0.0295785 0.170762 0.099925 -0.120511 0.231209 0.110581 -0.0413047 -0.0713097 0.527217 0.0432362 -0.0991836 0.0988656 -0.0801196 0.0998333 0.0941243 -0.0722252 -0.124969 0.554348 -0.0979154 0.0297624 0.986131 0.142233 -0.0303169 0.942259 0.136176 0.0294274 0.942259 0.136176 0.062372 0.961233 0.134123 0.0741465 0.990387 0.13266 -0.0246692 0.879762 0.120793 0.0043599 0.926773 -0.103131 0.0783607 0.593017 -0.100168 0.0506575 0.923034 -0.10732 0.217157 0.217738 -0.0352391 0.137686 0.0984024 -0.128042 -0.137361 0.102457 -0.127834 -0.172487 0.103815 -0.120304 0.0707703 0.527217 0.0432362 0.133977 0.542564 0.104604 -0.133957 0.542564 0.104604 -0.210872 0.120352 0.00332336 0.0641661 0.220521 -0.0604191 0.0635975 0.211542 -0.0103887 0.208328 0.505466 -0.0279756 0.0293638 0.562923 8.12999e-006 0.0328302 0.536568 -0.00015729 -0.0296994 0.562923 8.09368e-006 -0.0643312 0.922794 -0.10732 -0.20844 0.0734097 0.0546516 -0.0661159 0.211541 -0.0103887 0.145934 0.418281 0.0696778 -0.1466 0.418281 0.0696779 0.162976 0.454051 0.0466132 -0.205017 0.0722406 0.0525138 -0.187406 0.0748123 0.0678532 0.223436 0.0533111 -0.0371445 -0.141078 0.950402 0.102023 -0.101083 0.0479757 -0.0851395 -0.209676 0.539439 -0.0148021 0.0294323 1.02459 0.135909 -0.0298405 1.07667 0.133281 0.111978 0.255341 0.0146691 -0.14305 0.048197 -0.124029 0.103823 0.0453419 -0.117833 -0.033216 0.538868 -0.000189653 0.165314 0.920451 -0.0695774 0.203392 0.070366 0.0525671 -0.0916298 1.07583 0.118563 0.0820972 1.02729 0.121473 0.029071 1.07458 0.133267 0.0819901 1.07866 0.118083 -0.22344 0.0502245 -0.0373979 -0.141998 0.180839 -0.030203 0.144937 0.180839 -0.030203 0.190297 0.0739371 0.0729953 0.252067 0.0459786 0.143519 0.263583 0.0226992 0.071192 0.240099 0.0497327 0.0664488 0.193505 0.0484808 0.172339 0.156417 0.0526202 0.0932888 0.151834 0.0183487 0.125106 0.200395 0.059722 0.0842042 0.133281 0.0213779 0.0391069 0.136006 -6.336e-005 0.0358187 0.152636 -6.31659e-005 0.126862 0.147871 0.0726936 0.0557742 0.114841 0.0230131 -0.0216186 0.263184 -6.3356e-005 0.0722572 0.207917 0.0642401 0.0319621 0.185694 0.0884019 0.0565281 0.22876 -6.39545e-005 0.181068 0.2576 -6.47415e-005 0.152311 0.230715 0.0223058 0.184531 0.189446 -6.35614e-005 0.180151 0.134045 0.0305342 -0.117212 0.130502 -6.35509e-005 -0.118326 0.105761 -6.35528e-005 -0.0999707 0.115826 -6.37531e-005 -0.0224109 0.105761 0.0306261 -0.0999342 0.225188 0.0212896 -0.00591178 0.226086 -6.31568e-005 -0.00633569 0.167391 -6.35495e-005 -0.113742 0.169089 0.0286452 -0.113229 0.199427 -6.33531e-005 -0.0583908 0.260409 0.0223057 0.155479 0.128119 0.113099 0.012383 0.108687 0.0968216 -0.0377846 0.102773 0.0970645 -0.0792223 0.13389 0.0970646 -0.106699 0.194375 0.0968348 -0.0703408 0.205786 0.100622 -0.0134191 0.199634 0.0159132 -0.0583561 0.168676 0.0970648 -0.0981968 0.189711 0.022306 0.181457 0.227062 0.0472606 0.172969 0.174797 0.119559 0.0314851 0.103052 0.144257 -0.0750707 0.134161 0.160399 -0.101806 0.197558 0.15129 -0.0675175 0.208889 0.169732 -0.0186989 0.171261 0.14199 -0.0956906 0.175442 0.179992 0.0255079 0.103653 0.147873 -0.0385576 0.122784 0.173372 0.00589711 -0.263392 0.0226993 0.0711842 -0.251876 0.0459789 0.143511 -0.239908 0.0497329 0.066441 -0.156226 0.0526203 0.093281 -0.193314 0.048481 0.172331 -0.151643 0.0183488 0.125099 -0.200205 0.0597223 0.0841964 -0.135815 -6.33719e-005 0.0358109 -0.133091 0.0213781 0.0390992 -0.152445 -6.31792e-005 0.126854 -0.113668 0.0230133 -0.021533 -0.14768 0.0726938 0.0557664 -0.262993 -6.3379e-005 0.0722494 -0.185503 0.088402 0.0565204 -0.207727 0.0642403 0.0319544 -0.257409 -6.4764e-005 0.152303 -0.228569 -6.39745e-005 0.18106 -0.230524 0.0223059 0.184523 -0.189255 -6.33805e-005 0.180143 -0.130311 -6.35623e-005 -0.118334 -0.133854 0.0305344 -0.11722 -0.10557 -6.3562e-005 -0.0999785 -0.10557 0.0306263 -0.099942 -0.114652 -6.37632e-005 -0.0223253 -0.224997 0.0212898 -0.00591955 -0.225895 -6.31766e-005 -0.00634346 -0.168898 0.0286453 -0.113237 -0.1672 -6.33667e-005 -0.11375 -0.198254 -6.33705e-005 -0.0583052 -0.260218 0.0223058 0.155471 -0.127928 0.113099 0.0123757 -0.108496 0.0968217 -0.0377923 -0.102582 0.0970647 -0.0792301 -0.133699 0.0970648 -0.106707 -0.205596 0.100622 -0.0134267 -0.194185 0.0968349 -0.0703486 -0.19846 0.0159134 -0.0582705 -0.168485 0.0970649 -0.0982046 -0.18952 0.0223061 0.181449 -0.226871 0.0472608 0.172961 -0.174606 0.119559 0.0314774 -0.101069 0.144813 -0.0750792 -0.130605 0.160399 -0.101815 -0.197369 0.15129 -0.0675259 -0.208699 0.169732 -0.0187065 -0.172112 0.141787 -0.0956995 -0.175253 0.179991 0.025501 -0.102119 0.147967 -0.0385657 -0.122593 0.174958 0.00588997</float_array>
                    <technique_common>
                        <accessor source="#Bystander_B-positions-array" count="297" stride="3">
                            <param name="X" type="float" />
                            <param name="Y" type="float" />
                            <param name="Z" type="float" />
                        </accessor>
                    </technique_common>
                </source>
                <source id="Bystander_B-normals" name="normal">
                    <float_array id="Bystander_B-normals-array" count="891">0.164406 -0.0924492 -1.27977 0.174672 -0.814784 -0.98945 0.807604 0.0699995 -1.0081 -1.26237 -0.219741 0.177536 -0.895736 -0.308208 0.880943 -0.674317 -0.243227 1.07682 -1.28971 0.0224724 -0.0976711 -0.274266 -0.0806011 1.26162 -1.01653 -0.191761 0.776717 1.11527 -0.0735441 -0.651269 1.07532 0.0545498 -0.717009 0.690741 0.31808 -1.04647 -0.016849 -0.971246 -0.854279 -0.609023 -0.285418 -1.105 -1.15859 -0.198301 -0.540127 0.38448 -0.0422002 1.23442 0.301101 0.0256851 1.2578 1.11167 -0.0506159 -0.659562 -0.0572841 -0.17417 -1.28054 -0.936537 -0.00329789 -0.892346 -0.313042 -0.752697 -1.00441 -1.28794 -0.0173813 0.11958 -1.09435 0.0123232 0.689665 -1.13708 -0.536549 0.304222 1.22507 -0.108479 0.401049 0.993269 -0.346334 0.752904 0.772858 -0.387352 0.962312 0.56565 0.287678 1.12724 0.833693 -0.35878 0.921753 -0.107874 0.0316354 1.2887 0.297877 -0.101711 1.25472 -0.72989 -0.300216 1.02495 -1.17308 -0.12142 0.531538 0.887153 0.114092 -0.934526 1.28892 0.0407915 -0.102096 1.03212 0.0458565 -0.778469 -1.29168 0.0361888 -0.0604807 0.415302 -1.19852 0.253886 -1.03766 -0.186527 -0.749578 0.0439829 -1.07831 -0.713237 0.918655 -0.343582 0.843457 1.27764 -0.0123856 0.202159 -1.18265 -0.105966 -0.513331 -0.730284 0.16776 -1.05448 -1.09592 0.00683791 -0.687241 -1.22072 -0.243898 0.351801 -0.988377 -0.27317 0.788596 -0.00365077 -1.2132 -0.44893 1.12536 -0.291774 -0.567296 0.639964 -0.212043 1.10403 0.907005 -0.323379 0.863808 1.27907 -0.191994 -0.0227032 -0.304954 0.0395264 -1.25652 0.0492972 0.271287 -1.26387 0.763156 -0.00943031 -1.04446 0.0191335 0.0168558 -1.29335 0.13182 0.156431 -1.27732 -0.253172 -1.24262 0.255313 0.544803 -0.896156 -0.757291 0.996536 -0.814238 -0.131639 0.283652 -1.25198 0.159609 -0.721912 -0.465378 0.967296 0.262488 -1.25494 0.172112 0.230663 0.0308262 -1.27249 -0.0743117 0.116731 -1.28618 1.08306 -0.109259 0.69888 1.29146 0.0720117 0.0181982 1.01185 -0.0162243 0.805784 -0.826177 -0.393796 -0.914194 -0.148238 0.19822 1.2697 1.16415 0.134975 0.547658 0.831967 -0.529571 0.837126 0.0846281 -1.25934 0.283369 -1.05882 -0.593912 0.446725 -0.922154 -0.899748 -0.116108 0.602327 -0.416038 -1.06654 -0.315431 -1.24643 0.142495 0.93623 -0.89047 0.0627013 0.742759 -0.462097 0.95298 -0.269 -1.26109 0.103323 -0.191226 -0.720139 1.05746 0.0408846 -1.29295 0.00267125 -1.16808 -0.55062 -0.0762443 -0.660687 -0.768796 -0.803642 -0.0458116 -1.26001 0.289248 0.394275 -0.82475 -0.915276 0.945128 -0.848435 -0.245532 -0.771535 0.0406727 -1.03753 1.08823 -0.0159173 -0.699219 -0.750312 0.0175691 -1.05362 -1.08691 -0.028423 -0.700868 0.640331 -0.843675 0.742687 -0.614078 -0.868469 0.73625 0.914746 -0.886243 -0.226295 -0.16519 -1.2661 0.207611 1.03229 -0.641713 0.442699 1.07768 -0.425668 0.575166 1.28963 0.0244754 -0.0982116 -0.862881 -0.380061 0.885656 -0.939488 0.115623 -0.881697 -1.09857 -0.118027 -0.672764 1.23145 -0.0862826 -0.386641 0.829472 0.130571 -0.984034 0.194493 0.192284 -1.26436 -0.617538 0.134487 -1.1287 0.144969 0.181546 -1.27256 -0.892274 0.174429 -0.920227 0.826465 0.103516 -0.989765 0.65551 0.15924 -1.10379 0.813278 -0.0548633 -1.00447 -0.489999 -0.0432366 1.19642 -0.470579 0.00794383 1.20494 -1.28979 0.0505386 -0.0853972 -1.01785 -0.0516592 0.796688 1.20859 -0.261096 0.380162 -0.865914 0.0153857 0.960912 -1.2516 -0.30668 0.113369 -1.10118 -0.650097 0.195351 1.13955 0.27107 0.548945 0.359743 -0.688034 1.03469 0.509451 0.46556 1.09412 0.00644913 -0.751668 1.05278 2.20822e-006 -1.19863 0.486502 -0.0234766 -0.373401 1.23831 -0.0353031 -0.310884 1.25519 -1.29098 0.0706694 -0.0421976 -0.468181 0.409424 1.13427 0.298516 -0.333693 1.21364 1.11277 -0.166626 0.638251 -0.15209 -0.403735 1.21953 -1.06575 -0.245944 0.690717 0.300065 0.124135 -1.25218 -1.28312 0.127775 0.103326 -0.565906 0.264143 -1.13286 0.224331 0.327846 -1.23109 0.0826112 -1.2547 0.30381 -0.0760344 -0.894547 -0.931343 0.121147 -1.26119 0.260983 -0.45003 -0.732065 -0.966928 0.0469336 -1.03431 -0.7755 1.27391 -0.186047 0.126212 0.80417 0.0827013 1.00988 0.854035 0.06674 -0.969312 1.28925 0.099226 0.037322 1.01355 -0.291414 0.749129 1.24859 -0.119304 -0.316502 -1.26166 -0.151539 -0.242167 0.388971 0.210788 -1.21559 0.120176 -0.0307527 1.28764 -0.112316 -0.220454 1.26972 0.128082 -0.202093 1.27128 -0.376068 -0.262508 1.20957 -0.437199 0.381157 1.15627 0.0436242 -0.366853 1.23972 -0.0441811 -1.26844 -0.249997 -0.758632 -0.266075 -1.01345 -0.146004 -1.17722 -0.515973 1.28523 0.0944746 0.112522 -0.123398 0.0237436 -1.28748 0.075904 0.0119391 -1.29131 -0.859525 0.0575194 -0.965041 -0.999877 -0.254113 0.780428 0.226531 -0.181875 1.26056 -0.0806438 -0.199731 1.27554 -1.14886 0.252583 0.538253 -1.23706 -0.113406 -0.36085 -1.06882 -0.131942 0.716668 1.29154 0.0584421 0.0435848 -1.28023 -0.15843 0.0964302 -1.27268 -0.224622 -0.0568357 1.27871 -0.160051 -0.112642 0.0603271 -1.28559 -0.130444 -0.897125 -0.603449 0.71022 1.1659 -0.126523 0.54595 0.374435 -0.194757 1.22281 -0.088999 -0.230363 1.26981 1.08953 -0.0219883 0.697024 0.19239 -1.26852 0.165077 0.00662448 -1.28967 -0.100546 -0.229768 -1.25073 0.237229 -0.015658 1.26728 -0.259121 -0.40127 -1.22913 0.0402367 -1.28917 0.105888 -0.0152914 0.128304 0.160448 1.27718 -0.196539 -0.16472 1.26793 -0.725971 -0.0952501 1.06644 -0.0534926 -1.24623 0.342707 0.159229 -1.28303 0.0433243 1.2682 -0.225683 0.118831 -0.665551 -1.0842 0.234408 -0.0865721 -1.25921 0.283338 1.1543 0.287863 0.508064 -1.13238 0.124559 0.612858 0.228455 -0.196017 1.25809 -1.05928 -0.0904526 0.736984 0.405812 -1.21533 0.177976 -0.0457317 -1.28098 0.174348 0.0271676 -1.27851 0.195094 0.0121378 -1.29354 6.19492e-006 0.80157 1.00066 0.171946 1.20785 0.360178 -0.291154 0.751456 1.03444 -0.196594 -0.462112 0.917091 0.786634 -0.857385 0.85486 0.455524 -1.14726 0.236577 0.548834 0.195456 1.23447 0.33358 -1.25044 0.0710003 0.323662 -0.606806 -1.14225 -0.0209049 -0.705223 -1.05685 0.243149 -0.856267 0.616975 0.748027 -1.20317 -0.208165 0.427145 0.867043 -0.955206 -0.0959871 1.01144 0.799355 0.106874 0.410034 0.896275 0.83783 0.213275 -0.845398 0.955621 0.820649 -0.861087 0.508389 0.460438 0.160366 1.1982 -0.745348 -0.472785 0.945688 -0.269037 0.143816 -1.25711 -0.114584 -0.92456 -0.897471 -0.99016 -0.42378 -0.716512 -0.487699 -0.845625 0.848801 -1.17967 0.0528789 -0.528173 1.15202 0.387986 -0.442381 0.936562 -0.69193 -0.563453 0.61858 -0.645979 -0.934594 0.757816 0.0677444 -1.04619 0.930278 -0.898356 -0.0305829 1.17703 0.220267 0.489359 -0.975812 0.217962 0.820779 -1.26239 -0.0626478 0.275376 -1.21236 0.0473113 -0.44871 -0.276664 0.158087 -1.25374 1.17407 0.012755 -0.542951 1.25292 0.254175 0.197412 1.21196 -0.412153 -0.18621 0.633795 0.124168 -1.12084 -0.528205 0.119513 1.17478 0.449641 0.991491 0.698688 0.167929 0.424671 1.21031 -1.26455 -0.0168359 -0.27207 -0.538915 0.0971297 -1.17198 1.0883 -0.0258858 -0.698812 1.28944 -0.044365 0.0936712 0.524381 0.0499071 -1.18149 0.672345 0.0802329 1.10223 -1.23863 -0.0959232 0.360558 -0.76281 0.0573901 1.04318 -1.20785 0.360176 -0.291154 -0.801571 1.00066 0.171945 -0.751457 1.03444 -0.196595 0.857385 0.854859 0.455524 0.462114 0.91709 0.786634 1.14726 0.236577 0.548834 -0.195455 1.23447 0.33358 0.605206 -1.14318 -0.0160773 1.24887 0.0694153 0.330005 0.705224 -1.05685 0.243151 1.20325 -0.20306 0.429353 0.853251 0.616428 0.751913 -0.867042 -0.955207 -0.0959869 -0.410034 0.896273 0.837832 -1.01144 0.799352 0.106876 -0.82065 -0.861086 0.50839 -0.213273 -0.845396 0.955623 -0.460437 0.160365 1.1982 0.745348 -0.472784 0.945689 0.11458 -0.924559 -0.897473 0.269035 0.143816 -1.25711 0.987966 -0.422524 -0.720272 1.17633 0.0537057 -0.535499 0.491273 -0.84962 0.842728 -1.14962 0.387552 -0.448978 -0.933922 -0.691857 -0.567908 -0.764057 0.0658959 -1.04176 -0.624505 -0.647995 -0.929243 -0.933186 -0.895642 -0.0196433 -1.17703 0.220265 0.489359 0.971406 0.217499 0.826111 1.26063 -0.078427 0.279366 1.21297 0.0271104 -0.448725 0.280514 0.150683 -1.2538 -1.2537 0.25189 0.195395 -1.17535 0.00802102 -0.540256 -1.21014 -0.417638 -0.185803 -0.638727 0.118729 -1.11863 0.528206 0.119513 1.17478 -0.449641 0.99149 0.698689 -0.168813 0.424019 1.21042 1.26557 -0.0593286 -0.261164 0.551887 0.072154 -1.16774 -1.09403 -0.034527 -0.689422 -1.28944 -0.0443895 0.0936731 -0.527492 0.0434307 -1.18036 -0.673084 0.0801777 1.10178 1.23156 -0.115554 0.378546 0.753981 0.0583036 1.04953</float_array>
                    <technique_common>
                        <accessor source="#Bystander_B-normals-array" count="297" stride="3">
                            <param name="X" type="float" />
                            <param name="Y" type="float" />
                            <param name="Z" type="float" />
                        </accessor>
                    </technique_common>
                </source>
                <source id="Bystander_B-texcoords" name="texcoord">
                    <float_array id="Bystander_B-texcoords-array" count="2558">0.12872 1.67327 0.157118 1.86223 0.173537 1.6289 0.495856 1.66594 0.399138 1.58547 0.428935 1.75009 0.717733 1.55889 0.653068 1.42025 0.681752 1.52366 0.924413 1.55889 0.914359 1.46793 0.887088 1.56095 0.0628591 1.86328 0.100255 1.83513 0.0571707 1.79137 0.390721 1.75071 0.395345 1.87004 0.20326 1.84921 0.173537 1.6289 0.157118 1.86223 0.865749 1.66174 0.785475 1.73461 0.86546 1.87233 0.718953 1.7835 0.663817 1.75347 0.659726 1.86786 0.507496 1.426 0.569203 1.53834 0.629154 1.51006 0.580691 1.92602 0.579634 1.89191 0.524823 1.90866 0.355909 1.42696 0.380772 1.51601 0.495635 1.43177 0.175139 1.46595 0.260771 1.43493 0.169445 1.3537 0.726121 1.42998 0.805139 1.87256 0.796041 1.85455 0.254111 1.85941 0.34412 1.8756 0.265567 1.76723 0.0446949 1.56117 0.101872 1.56815 0.0878534 1.47088 0.49582 1.5452 0.495635 1.43177 0.418886 1.54032 0.998945 1.80737 0.945386 1.79335 0.99876 1.86701 0.562978 1.75165 0.603323 1.5803 0.507578 1.66411 0.173537 1.6289 0.117897 1.59436 0.12872 1.67327 0.86095 1.61615 0.885324 1.35549 0.858751 1.35978 0.860026 1.4706 0.881263 1.22282 0.88352 1.22318 0.931654 1.22374 0.394942 1.21987 0.398545 1.22136 0.495723 1.22021 0.175139 1.46595 0.129999 1.36549 0.133445 1.4723 0.346267 1.59841 0.274213 1.64408 0.350882 1.74192 0.384721 1.89109 0.395345 1.87004 0.34412 1.8756 0.520969 1.93664 0.57987 1.93837 0.569203 1.53834 0.610986 1.54079 0.629154 1.51006 0.684846 1.22123 0.708879 1.22235 0.747277 1.22223 0.945386 1.79335 0.916542 1.84236 0.0878534 1.47088 0.860026 1.4706 0.887088 1.56095 0.914359 1.46793 0.507141 1.22485 0.507165 1.22581 0.586104 1.22488 0.589443 1.22366 0.586104 1.22488 0.655852 1.2245 0.0822994 1.21891 0.0533191 1.2202 0.0832004 1.21941 0.164115 1.21954 0.163275 1.22008 0.224557 1.22018 0.824349 1.3622 0.860026 1.4706 0.88113 1.25494 0.88352 1.22318 0.0878534 1.47088 0.106796 1.35978 0.0941666 1.25527 0.0832004 1.21941 0.0533191 1.2202 0.511572 1.79473 0.495989 1.76947 0.468883 1.79557 0.718953 1.7835 0.731194 1.86659 0.796041 1.85455 0.254265 1.21998 0.254117 1.22163 0.322426 1.2221 0.346267 1.59841 0.278702 1.58766 0.391697 1.54384 0.726121 1.42998 0.827168 1.46874 0.00109297 1.5452 0.00106436 1.43177 0.0406683 1.5987 0.00109848 1.66594 0.0571707 1.79137 0.925284 1.34351 0.914359 1.46793 0.998861 1.426 0.173537 1.6289 0.171338 1.55089 0.139849 1.57382 0.829721 1.61197 0.856929 1.57334 0.829548 1.5795 0.926663 1.59713 0.899693 1.58613 0.893006 1.62507 0.618909 1.74849 0.613957 1.85672 0.663817 1.75347 0.719319 1.64336 0.664313 1.59358 0.924413 1.55889 0.998892 1.54143 0.998861 1.426 0.00106436 1.43177 0.0878534 1.47088 0.401978 1.25955 0.496587 1.26219 0.496078 1.22171 0.322426 1.2221 0.254117 1.22163 0.243639 1.2653 0.398545 1.22136 0.338171 1.22183 0.331871 1.26167 0.491932 1.82426 0.495978 1.78835 0.46359 1.83576 0.491284 1.85441 0.745718 1.2775 0.747277 1.22223 0.586104 1.22488 0.656288 1.26655 0.368699 1.55117 0.320605 1.5517 0.346267 1.59841 0.639823 1.54506 0.658825 1.55542 0.00111905 1.80668 0.0571707 1.79137 0.175139 1.46595 0.169445 1.3537 0.13679 1.55478 0.171338 1.55089 0.726121 1.42998 0.739945 1.34141 0.860026 1.4706 0.8352 1.55239 0.860078 1.55401 0.139951 1.21991 0.138274 1.22037 0.827077 1.22232 0.827477 1.22215 0.851653 1.22339 0.507165 1.22581 0.507281 1.26703 0.586104 1.22488 0.586104 1.22488 0.598954 1.26539 0.496078 1.22171 0.398545 1.22136 0.401978 1.25955 0.331871 1.26167 0.401978 1.25955 0.398545 1.22136 0.168249 1.25829 0.221129 1.26424 0.224557 1.22018 0.224557 1.22018 0.221129 1.26424 0.254117 1.22163 0.495635 1.43177 0.507496 1.426 0.507529 1.54143 0.569203 1.53834 0.562015 1.57533 0.603323 1.5803 0.998937 1.66411 0.945386 1.79335 0.00111905 1.80668 0.0571707 1.79137 0.998554 1.22581 0.931008 1.25521 0.998661 1.26703 0.00113276 1.22171 0.00121137 1.26219 0.0304943 1.25523 0.0533191 1.2202 0.0941666 1.25527 0.495978 1.78835 0.719319 1.64336 0.719319 1.64336 0.718953 1.7835 0.13679 1.55478 0.860368 1.59584 0.887088 1.56095 0.860026 1.4706 0.860078 1.55401 0.458655 1.91233 0.523727 1.88157 0.455536 1.88027 0.422797 1.88779 0.424497 1.91524 0.458655 1.91233 0.523727 1.88157 0.579634 1.89191 0.512216 1.83745 0.916542 1.84236 0.928957 1.87734 0.916542 1.84236 0.12872 1.67327 0.095735 1.62473 0.100255 1.83513 0.108984 1.86945 0.100255 1.83513 0.0836758 1.87233 0.168249 1.25829 0.169445 1.3537 0.236512 1.34792 0.134267 1.25796 0.168249 1.25829 0.855789 1.25742 0.827477 1.22215 0.827345 1.25695 0.430808 1.57962 0.739945 1.34141 0.236512 1.34792 0.331871 1.26167 0.243639 1.2653 0.260771 1.43493 0.355909 1.42696 0.236512 1.34792 0.629154 1.51006 0.507496 1.426 0.86095 1.61615 0.893006 1.62507 0.371961 1.5926 0.368699 1.55117 0.371961 1.5926 0.640932 1.58693 0.603323 1.5803 0.639823 1.54506 0.603323 1.5803 0.640932 1.58693 0.12872 1.67327 0.100255 1.83513 0.157118 1.86223 0.916542 1.84236 0.893006 1.62507 0.618909 1.74849 0.663817 1.75347 0.711917 1.2678 0.745718 1.2775 0.731194 1.86659 0.718953 1.7835 0.796041 1.85455 0.718953 1.7835 0.0941666 1.25527 0.0506886 1.34934 0.00106174 1.34397 0.0506886 1.34934 0.00121137 1.26219 0.175139 1.46595 0.171338 1.55089 0.277177 1.55968 0.827168 1.46874 0.8352 1.55239 0.00111685 1.60499 0.0011116 1.58543 0.887088 1.56095 0.924413 1.55889 0.998899 1.60232 0.924413 1.55889 0.916542 1.84236 0.898544 1.87433 0.100255 1.83513 0.108984 1.86945 0.157118 1.86223 0.739945 1.34141 0.711917 1.2678 0.683135 1.22231 0.711917 1.2678 0.331871 1.26167 0.236512 1.34792 0.355909 1.42696 0.243639 1.2653 0.331871 1.26167 0.322426 1.2221 0.998819 1.33672 0.507451 1.33672 0.598954 1.26539 0.00121137 1.26219 0.0506886 1.34934 0.495618 1.34397 0.496587 1.26219 0.401978 1.25955 0.855789 1.25742 0.885324 1.35549 0.0941666 1.25527 0.106796 1.35978 0.355909 1.42696 0.35609 1.49946 0.368699 1.55117 0.391697 1.54384 0.629154 1.51006 0.653233 1.49299 0.639823 1.54506 0.629154 1.51006 0.610986 1.54079 0.332564 1.52541 0.355909 1.42696 0.355909 1.42696 0.260771 1.43493 0.277177 1.55968 0.893006 1.62507 0.86095 1.61615 0.893006 1.62507 0.86095 1.61615 0.12872 1.67327 0.598954 1.26539 0.586104 1.22488 0.224557 1.22018 0.168249 1.25829 0.827477 1.22215 0.747277 1.22223 0.603323 1.5803 0.569203 1.53834 0.562015 1.57533 0.507529 1.54143 0.562015 1.57533 0.569203 1.53834 0.430808 1.57962 0.49582 1.5452 0.430808 1.57962 0.683135 1.22231 0.683479 1.22142 0.657799 1.22337 0.683135 1.22231 0.495974 1.60499 0.430808 1.57962 0.562015 1.57533 0.507538 1.60232 0.998899 1.60232 0.523727 1.88157 0.243639 1.2653 0.254117 1.22163 0.221129 1.26424 0.22466 1.21935 0.224557 1.22018 0.254117 1.22163 0.711917 1.2678 0.739945 1.34141 0.745718 1.2775 0.236512 1.34792 0.221129 1.26424 0.168249 1.25829 0.243639 1.2653 0.221129 1.26424 0.236512 1.34792 0.887088 1.56095 0.887088 1.56095 0.523727 1.88157 0.613957 1.85672 0.631371 1.8952 0.998554 1.22581 0.998531 1.22485 0.928827 1.22325 0.998554 1.22581 0.0533191 1.2202 0.00113276 1.22171 0.00113276 1.22171 0.0533191 1.2202 0.598954 1.26539 0.355909 1.42696 0.401978 1.25955 0.331871 1.26167 0.714252 1.58457 0.829548 1.5795 0.714252 1.58457 0.520969 1.93664 0.458634 1.93615 0.521376 1.97992 0.598954 1.26539 0.8352 1.55239 0.829548 1.5795 0.8352 1.55239 0.829548 1.5795 0.419085 1.37712 0.495635 1.43177 0.495618 1.34397 0.390721 1.75071 0.371961 1.5926 0.88352 1.22318 0.855789 1.25742 0.850666 1.22292 0.851653 1.22339 0.88352 1.22318 0.0832004 1.21941 0.0941666 1.25527 0.0859787 1.21785 0.0832004 1.21941 0.138274 1.22037 0.711917 1.2678 0.683135 1.22231 0.683479 1.22142 0.683135 1.22231 0.331871 1.26167 0.338171 1.22183 0.322426 1.2221 0.639823 1.54506 0.332564 1.52541 0.368699 1.55117 0.0506886 1.34934 0.00106436 1.43177 0.0878534 1.47088 0.0506886 1.34934 0.106796 1.35978 0.0941666 1.25527 0.924413 1.55889 0.998861 1.426 0.914359 1.46793 0.885324 1.35549 0.384721 1.89109 0.422797 1.88779 0.395345 1.87004 0.395345 1.87004 0.422797 1.88779 0.8352 1.55239 0.860078 1.55401 0.887088 1.56095 0.860078 1.55401 0.171338 1.55089 0.13679 1.55478 0.13679 1.55478 0.745718 1.2775 0.747277 1.22223 0.827077 1.22232 0.747277 1.22223 0.827477 1.22215 0.893006 1.62507 0.346267 1.59841 0.714252 1.58457 0.86095 1.61615 0.173537 1.6289 0.916542 1.84236 0.898544 1.87433 0.928957 1.87734 0.100255 1.83513 0.613957 1.85672 0.663817 1.75347 0.639823 1.54506 0.640932 1.58693 0.390721 1.75071 0.34412 1.8756 0.395345 1.87004 0.346267 1.59841 0.371961 1.5926 0.368699 1.55117 0.495978 1.78835 0.495978 1.78835 0.579634 1.89191 0.631371 1.8952 0.613957 1.85672 0.613957 1.85672 0.579634 1.89191 0.277177 1.55968 0.171338 1.55089 0.173537 1.6289 0.827168 1.46874 0.860026 1.4706 0.8352 1.55239 0.860026 1.4706 0.827168 1.46874 0.106796 1.35978 0.171338 1.55089 0.175139 1.46595 0.0011116 1.58543 0.495941 1.58543 0.430808 1.57962 0.998898 1.58414 0.998892 1.54143 0.924413 1.55889 0.507536 1.58414 0.562015 1.57533 0.507529 1.54143 0.827477 1.22215 0.855789 1.25742 0.851653 1.22339 0.855789 1.25742 0.88352 1.22318 0.851653 1.22339 0.998861 1.426 0.507496 1.426 0.0506886 1.34934 0.00106174 1.34397 0.00106436 1.43177 0.495635 1.43177 0.419085 1.37712 0.355909 1.42696 0.138274 1.22037 0.138274 1.22037 0.0832004 1.21941 0.613957 1.85672 0.260771 1.43493 0.236512 1.34792 0.169445 1.3537 0.726121 1.42998 0.739945 1.34141 0.739945 1.34141 0.739945 1.34141 0.745718 1.2775 0.260771 1.43493 0.175139 1.46595 0.277177 1.55968 0.395345 1.87004 0.157118 1.86223 0.204859 1.86851 0.204859 1.86851 0.796041 1.85455 0.796041 1.85455 0.731194 1.86659 0.0506886 1.34934 0.0878534 1.47088 0.106796 1.35978 0.860026 1.4706 0.914359 1.46793 0.885324 1.35549 0.885324 1.35549 0.914359 1.46793 0.458655 1.91233 0.422797 1.88779 0.422797 1.88779 0.639823 1.54506 0.629154 1.51006 0.639823 1.54506 0.368699 1.55117 0.332564 1.52541 0.368699 1.55117 0.829548 1.5795 0.719319 1.64336 0.0571707 1.79137 0.100255 1.83513 0.0571707 1.79137 0.893006 1.62507 0.916542 1.84236 0.945386 1.79335 0.893006 1.62507 0.945386 1.79335 0.277177 1.55968 0.332564 1.52541 0.355909 1.42696 0.277177 1.55968 0.332564 1.52541 0.639823 1.54506 0.610986 1.54079 0.603323 1.5803 0.569203 1.53834 0.603323 1.5803 0.610986 1.54079 0.368699 1.55117 0.391697 1.54384 0.391697 1.54384 0.323263 1.21982 0.322426 1.2221 0.338171 1.22183 0.338171 1.22183 0.398545 1.22136 0.57987 1.93837 0.521376 1.97992 0.581385 1.98241 0.458655 1.91233 0.579634 1.89191 0.523727 1.88157 0.523727 1.88157 0.458655 1.91233 0.415005 1.93778 0.460773 1.98034 0.173537 1.6289 0.663817 1.75347 0.718953 1.7835 0.719319 1.64336 0.613957 1.85672 0.663817 1.75347 0.618909 1.74849 0.34412 1.8756 0.390721 1.75071 0.371961 1.5926 0.390721 1.75071 0.640932 1.58693 0.618909 1.74849 0.640932 1.58693 0.618909 1.74849 0.371961 1.5926 0.346267 1.59841 0.34412 1.8756 0.168249 1.25829 0.169445 1.3537 0.168249 1.25829 0.726121 1.42998 0.827168 1.46874 0.855789 1.25742 0.171338 1.55089 0.173537 1.6289 0.277177 1.55968 0.49582 1.5452 0.430808 1.57962 0.495941 1.58543 0.00109297 1.5452 0.0011116 1.58543 0.507538 1.60232 0.562015 1.57533 0.998899 1.60232 0.924413 1.55889 0.829548 1.5795 0.714252 1.58457 0.719319 1.64336 0.714252 1.58457 0.719319 1.64336 0.460773 1.98034 0.521376 1.97992 0.520969 1.93664 0.520969 1.93664 0.520969 1.93664 0.521376 1.97992 0.57987 1.93837 0.415005 1.93778 0.416705 1.98297 0.460773 1.98034 0.424497 1.91524 0.415005 1.93778 0.458655 1.91233 0.424497 1.91524 0.106796 1.35978 0.855789 1.25742 0.885324 1.35549 0.855789 1.25742 0.419085 1.37712 0.401978 1.25955 0.355909 1.42696 0.401978 1.25955 0.419085 1.37712 0.495618 1.34397 0.747709 1.2213 0.747277 1.22223 0.827077 1.22232 0.850666 1.22292 0.827077 1.22232 0.851653 1.22339 0.819646 1.20267 0.827077 1.22232 0.850666 1.22292 0.881263 1.22282 0.850666 1.22292 0.88352 1.22318 0.819646 1.20267 0.850666 1.22292 0.881263 1.22282 0.819646 1.20267 0.881263 1.22282 0.928827 1.22325 0.928827 1.22325 0.998554 1.22581 0.928827 1.22325 0.881263 1.22282 0.819646 1.20267 0.928827 1.22325 0.998531 1.22485 0.507141 1.22485 0.586104 1.22488 0.819646 1.20267 0.507141 1.22485 0.819646 1.20267 0.657799 1.22337 0.657799 1.22337 0.683135 1.22231 0.657799 1.22337 0.819646 1.20267 0.657799 1.22337 0.683479 1.22142 0.684846 1.22123 0.683479 1.22142 0.819646 1.20267 0.683479 1.22142 0.684846 1.22123 0.747709 1.2213 0.684846 1.22123 0.747277 1.22223 0.819646 1.20267 0.684846 1.22123 0.747709 1.2213 0.819646 1.20267 0.747709 1.2213 0.827077 1.22232 0.264368 1.20943 0.001078 1.22021 0.0859787 1.21785 0.0832004 1.21941 0.264368 1.20943 0.0859787 1.21785 0.139951 1.21991 0.0859787 1.21785 0.138274 1.22037 0.264368 1.20943 0.0859787 1.21785 0.139951 1.21991 0.164115 1.21954 0.139951 1.21991 0.264368 1.20943 0.139951 1.21991 0.164115 1.21954 0.22466 1.21935 0.164115 1.21954 0.224557 1.22018 0.264368 1.20943 0.164115 1.21954 0.22466 1.21935 0.254265 1.21998 0.22466 1.21935 0.254117 1.22163 0.264368 1.20943 0.22466 1.21935 0.254265 1.21998 0.323263 1.21982 0.254265 1.21998 0.322426 1.2221 0.264368 1.20943 0.254265 1.21998 0.323263 1.21982 0.337189 1.22 0.323263 1.21982 0.338171 1.22183 0.00113276 1.22171 0.398545 1.22136 0.496078 1.22171 0.337189 1.22 0.338171 1.22183 0.264368 1.20943 0.264368 1.20943 0.323263 1.21982 0.337189 1.22 0.264368 1.20943 0.337189 1.22 0.878474 1.0759 0.809893 1.0294 0.81371 1.0718 0.108549 1.0769 0.163503 1.07345 0.157795 1.02521 0.157895 1.10535 0.163503 1.07345 0.108549 1.0769 0.845262 1.11021 0.81371 1.0718 0.275453 1.02327 0.263846 1.00289 0.159142 1.00289 0.254944 1.08212 0.384144 1.03027 0.275453 1.02327 0.890028 1.20928 0.992943 1.19461 0.903422 1.0984 0.263846 1.00289 0.275453 1.02327 0.384144 1.03027 0.77206 1.07022 0.804787 1.12382 0.845262 1.11021 0.163503 1.07345 0.157895 1.10535 0.254944 1.08212 0.945451 1.00547 0.889317 1.0018 0.94613 1.03685 0.157795 1.02521 0.275453 1.02327 0.159142 1.00289 0.108105 1.00188 0.157795 1.02521 0.159142 1.00289 0.507759 1.03299 0.508244 1.00289 0.476183 1.00289 0.384318 1.00289 0.476825 1.03299 0.476183 1.00289 0.71825 1.02808 0.809893 1.0294 0.717126 1.00289 0.565269 1.00364 0.565681 1.03274 0.644065 1.00289 0.809893 1.0294 0.887111 1.03316 0.163503 1.07345 0.254944 1.08212 0.275453 1.02327 0.384144 1.03027 0.326747 1.12912 0.411428 1.11271 0.476825 1.03299 0.450244 1.12396 0.503901 1.1344 0.476825 1.03299 0.384144 1.03027 0.450244 1.12396 0.617068 1.12657 0.676763 1.11938 0.644277 1.02191 0.565681 1.03274 0.557821 1.1303 0.617068 1.12657 1.02942 1.11244 1.02291 1.19989 1.02502 1.20014 0.903422 1.0984 0.839824 1.12927 0.890028 1.20928 0.77206 1.07022 0.676763 1.11938 0.804787 1.12382 0.810756 1.00129 0.887111 1.03316 0.889317 1.0018 0.890028 1.20928 0.823441 1.15171 0.837914 1.1875 0.507759 1.03299 0.565681 1.03274 0.508244 1.00289 1.12166 1.12735 1.02964 1.11252 1.13394 1.15581 0.384318 1.00289 0.384144 1.03027 0.476825 1.03299 0.507759 1.03299 0.557821 1.1303 0.565681 1.03274 1.118 1.19671 1.13394 1.15581 1.02502 1.20014 0.676763 1.11938 0.77206 1.07022 0.71825 1.02808 0.108105 1.00188 0.10737 1.03657 0.157795 1.02521 0.384144 1.03027 0.254944 1.08212 0.254944 1.08212 0.200076 1.12224 0.163503 1.07345 0.275453 1.02327 0.157795 1.02521 0.644277 1.02191 0.676763 1.11938 0.71825 1.02808 0.81371 1.0718 0.77206 1.07022 0.845262 1.11021 0.845262 1.11021 0.945451 1.07706 0.108549 1.0769 0.157795 1.02521 0.10737 1.03657 0.809893 1.0294 0.71825 1.02808 0.81371 1.0718 0.945451 1.07706 0.887111 1.03316 0.10737 1.03657 0.108105 1.00188 0.0378368 1.00188 0.992943 1.19461 1.02942 1.11244 0.998709 1.11072 0.10737 1.03657 0.0369994 1.03657 0.108549 1.0769 0.810756 1.00129 0.809893 1.0294 0.887111 1.03316 0.804787 1.12382 0.676763 1.11938 0.754071 1.15621 0.157895 1.10535 0.200076 1.12224 0.254944 1.08212 0.94613 1.03685 0.887111 1.03316 0.945451 1.07706 0.157895 1.10535 0.108549 1.0769 0.0369994 1.07663 0.0369994 1.03657 0.0369994 1.07663 0.108549 1.0769 0.94613 1.03685 0.889317 1.0018 0.887111 1.03316 0.10737 1.03657 0.0378368 1.00188 0.0369994 1.03657 0.890028 1.20928 0.839824 1.12927 0.823441 1.15171 0.503901 1.1344 0.557821 1.1303 0.507759 1.03299 0.476825 1.03299 0.507759 1.03299 0.476183 1.00289 1.02964 1.11252 1.02942 1.11244 1.02502 1.20014 0.508244 1.00289 0.565681 1.03274 0.565269 1.00364 0.476825 1.03299 0.503901 1.1344 0.507759 1.03299 0.384144 1.03027 0.411428 1.11271 0.450244 1.12396 0.200076 1.12224 0.238914 1.15273 0.450244 1.12396 0.448484 1.19251 0.509986 1.19927 0.509986 1.19927 0.503901 1.1344 0.450244 1.12396 0.617068 1.12657 0.618506 1.19056 0.677176 1.21321 0.677176 1.21321 0.676763 1.11938 0.617068 1.12657 0.557821 1.1303 0.564806 1.17743 0.618506 1.19056 0.618506 1.19056 0.617068 1.12657 0.557821 1.1303 0.676763 1.11938 0.677176 1.21321 0.740165 1.20754 0.740165 1.20754 0.754071 1.15621 0.676763 1.11938 0.503901 1.1344 0.509986 1.19927 0.564806 1.17743 0.564806 1.17743 0.557821 1.1303 0.503901 1.1344 0.411428 1.11271 0.410813 1.16978 0.448484 1.19251 0.448484 1.19251 0.450244 1.12396 0.411428 1.11271 0.267087 1.19098 0.361509 1.19098 0.361509 1.19098 0.361509 1.19098 0.410813 1.16978 0.410813 1.16978 0.411428 1.11271 1.02964 1.11252 1.02502 1.20014 1.13394 1.15581 0.565681 1.03274 0.617068 1.12657 0.644277 1.02191 0.565681 1.03274 0.644277 1.02191 0.644065 1.00289 0.992943 1.19461 0.998709 1.11072 0.903422 1.0984 0.717126 1.00289 0.809893 1.0294 0.810756 1.00129 1.02942 1.11244 0.992943 1.19461 1.02291 1.19989 0.71825 1.02808 0.77206 1.07022 0.81371 1.0718 0.644277 1.02191 0.71825 1.02808 0.717126 1.00289 0.809852 1.02974 0.81371 1.0718 0.163503 1.07345 0.108549 1.0769 0.157795 1.02521 0.163503 1.07345 0.157895 1.10535 0.108549 1.0769 0.845262 1.11021 0.81371 1.0718 0.263846 1.00289 0.275453 1.02327 0.159142 1.00289 0.384144 1.03027 0.254944 1.08212 0.275453 1.02327 0.992943 1.19461 0.890028 1.20928 0.903422 1.0984 0.275453 1.02327 0.263846 1.00289 0.384144 1.03027 0.804787 1.12382 0.77206 1.07022 0.845262 1.11021 0.157895 1.10535 0.163503 1.07345 0.254944 1.08212 0.889317 1.0018 0.945451 1.00547 0.94613 1.03685 0.275453 1.02327 0.157795 1.02521 0.159142 1.00289 0.157795 1.02521 0.108105 1.00188 0.159142 1.00289 0.508244 1.00289 0.507759 1.03299 0.476183 1.00289 0.476825 1.03299 0.384318 1.00289 0.476183 1.00289 0.809852 1.02974 0.71825 1.02808 0.717126 1.00289 0.565681 1.03274 0.565269 1.00364 0.644065 1.00289 0.809852 1.02974 0.887111 1.03316 0.254944 1.08212 0.163503 1.07345 0.275453 1.02327 0.384144 1.03027 0.411428 1.11271 0.450244 1.12396 0.476825 1.03299 0.503901 1.1344 0.384144 1.03027 0.476825 1.03299 0.450244 1.12396 0.676763 1.11938 0.617068 1.12657 0.644277 1.02191 0.557821 1.1303 0.565681 1.03274 0.617068 1.12657 1.02291 1.19989 1.02942 1.11244 1.02502 1.20014 0.839824 1.12927 0.903422 1.0984 0.890028 1.20928 0.676763 1.11938 0.77206 1.07022 0.804787 1.12382 0.887111 1.03316 0.810756 1.00129 0.889317 1.0018 0.823441 1.15171 0.890028 1.20928 0.837914 1.1875 0.565681 1.03274 0.507759 1.03299 0.508244 1.00289 1.02964 1.11252 1.13394 1.15581 0.384144 1.03027 0.384318 1.00289 0.476825 1.03299 0.557821 1.1303 0.507759 1.03299 0.565681 1.03274 1.13394 1.15581 1.02502 1.20014 0.77206 1.07022 0.676763 1.11938 0.71825 1.02808 0.10737 1.03657 0.108105 1.00188 0.157795 1.02521 0.384144 1.03027 0.254944 1.08212 0.254944 1.08212 0.200076 1.12224 0.275453 1.02327 0.163503 1.07345 0.157795 1.02521 0.676763 1.11938 0.644277 1.02191 0.71825 1.02808 0.77206 1.07022 0.81371 1.0718 0.845262 1.11021 0.945451 1.07706 0.845262 1.11021 0.157795 1.02521 0.108549 1.0769 0.10737 1.03657 0.71825 1.02808 0.809852 1.02974 0.81371 1.0718 0.887111 1.03316 0.945451 1.07706 0.108105 1.00188 0.10737 1.03657 0.0378368 1.00188 1.02942 1.11244 0.992943 1.19461 0.998709 1.11072 0.0369994 1.03657 0.10737 1.03657 0.108549 1.0769 0.809852 1.02974 0.810756 1.00129 0.887111 1.03316 0.676763 1.11938 0.804787 1.12382 0.754071 1.15621 0.200076 1.12224 0.157895 1.10535 0.254944 1.08212 0.887111 1.03316 0.94613 1.03685 0.945451 1.07706 0.108549 1.0769 0.157895 1.10535 0.0369994 1.07663 0.0369994 1.07663 0.0369994 1.03657 0.108549 1.0769 0.889317 1.0018 0.94613 1.03685 0.887111 1.03316 0.0378368 1.00188 0.10737 1.03657 0.0369994 1.03657 0.839824 1.12927 0.890028 1.20928 0.823441 1.15171 0.557821 1.1303 0.503901 1.1344 0.507759 1.03299 0.507759 1.03299 0.476825 1.03299 0.476183 1.00289 1.02942 1.11244 1.02964 1.11252 1.02502 1.20014 0.565681 1.03274 0.508244 1.00289 0.565269 1.00364 0.503901 1.1344 0.476825 1.03299 0.507759 1.03299 0.411428 1.11271 0.384144 1.03027 0.450244 1.12396 0.200076 1.12224 0.448484 1.19251 0.450244 1.12396 0.509986 1.19927 0.503901 1.1344 0.509986 1.19927 0.450244 1.12396 0.618506 1.19056 0.617068 1.12657 0.677176 1.21321 0.676763 1.11938 0.677176 1.21321 0.617068 1.12657 0.564806 1.17743 0.557821 1.1303 0.618506 1.19056 0.617068 1.12657 0.618506 1.19056 0.557821 1.1303 0.677176 1.21321 0.676763 1.11938 0.740165 1.20754 0.754071 1.15621 0.740165 1.20754 0.676763 1.11938 0.509986 1.19927 0.503901 1.1344 0.564806 1.17743 0.557821 1.1303 0.564806 1.17743 0.503901 1.1344 0.410813 1.16978 0.411428 1.11271 0.448484 1.19251 0.450244 1.12396 0.448484 1.19251 0.411428 1.11271 0.267087 1.19098 0.361509 1.19098 0.361509 1.19098 0.361509 1.19098 0.410813 1.16978 0.411428 1.11271 0.410813 1.16978 1.02502 1.20014 1.02964 1.11252 1.13394 1.15581 0.617068 1.12657 0.565681 1.03274 0.644277 1.02191 0.644277 1.02191 0.565681 1.03274 0.644065 1.00289 0.998709 1.11072 0.992943 1.19461 0.903422 1.0984 0.809852 1.02974 0.717126 1.00289 0.810756 1.00129 0.992943 1.19461 1.02942 1.11244 1.02291 1.19989 0.77206 1.07022 0.71825 1.02808 0.81371 1.0718 0.71825 1.02808 0.644277 1.02191 0.717126 1.00289</float_array>
                    <technique_common>
                        <accessor source="#Bystander_B-texcoords-array" count="1279" stride="2">
                            <param name="S" type="float" />
                            <param name="T" type="float" />
                        </accessor>
                    </technique_common>
                </source>
                <vertices id="Bystander_B-geometry-vertices">
                    <input semantic="POSITION" source="#Bystander_B-positions" />
                </vertices>
                <triangles material="Legs Texture" count="549">
                    <input semantic="VERTEX" source="#Bystander_B-geometry-vertices" offset="0" />
                    <input semantic="NORMAL" source="#Bystander_B-normals" offset="1" />
                    <input semantic="TEXCOORD" source="#Bystander_B-texcoords" offset="2" />
                    <p>0 0 0 1 1 1 2 2 2 3 3 3 4 4 4 5 5 5 6 6 6 7 7 7 8 8 8 9 9 9 10 10 10 11 11 11 12 12 12 13 13 13 14 14 14 15 15 15 16 16 16 5 5 5 17 17 17 2 2 18 1 1 19 18 18 20 19 19 21 20 20 22 21 21 23 22 22 24 23 23 25 24 24 26 25 25 27 26 26 28 27 27 29 28 28 30 29 29 31 30 30 32 31 31 33 32 32 34 33 33 35 34 34 36 35 35 37 7 7 7 6 6 6 36 36 38 37 37 39 20 20 22 38 38 40 39 39 41 40 40 42 41 41 43 42 42 44 43 43 45 44 44 46 45 45 47 32 32 48 46 46 49 47 47 50 48 48 51 12 12 52 49 49 53 50 50 54 51 51 55 2 2 56 52 52 57 0 0 58 19 19 21 18 18 20 53 53 59 54 54 60 55 55 61 56 56 62 57 57 63 58 58 64 59 59 65 60 60 66 61 61 67 62 62 68 33 33 69 63 63 70 64 64 71 65 65 72 66 66 73 67 67 74 68 68 75 16 16 76 40 40 77 69 69 78 70 70 79 27 27 29 25 25 80 71 71 81 26 26 82 72 72 83 73 73 84 74 74 85 48 48 86 75 75 87 12 12 52 64 64 71 44 44 88 43 43 45 56 56 89 11 11 90 10 10 91 76 76 92 77 77 93 78 78 94 79 79 95 78 78 96 80 80 97 81 81 98 82 82 99 83 83 100 84 84 101 85 85 102 86 86 103 55 55 61 87 87 104 56 56 105 88 88 106 59 59 65 58 58 107 44 44 108 64 64 71 89 89 109 90 90 110 83 83 111 82 82 112 41 41 43 17 17 17 39 39 41 51 51 55 91 91 113 49 49 53 47 47 114 3 3 3 92 92 115 21 21 116 93 93 117 38 38 118 94 94 119 95 95 120 96 96 121 66 66 73 65 65 122 97 97 123 46 46 49 98 98 124 4 4 4 36 36 125 6 6 6 99 99 126 45 45 127 42 42 44 32 32 128 100 100 129 3 3 130 14 14 131 101 101 132 10 10 133 24 24 134 2 2 135 102 102 136 103 103 137 104 104 138 105 105 139 106 106 140 107 107 141 108 108 142 109 109 143 110 110 144 49 49 53 111 111 145 22 22 146 112 112 147 113 113 148 9 9 149 114 114 150 24 24 151 32 32 152 42 42 44 44 44 153 115 115 154 116 116 155 117 117 156 96 96 157 95 95 158 118 118 159 61 61 160 119 119 161 120 120 162 121 121 163 122 122 164 92 92 115 121 121 163 123 123 165 124 124 166 125 125 167 74 74 168 73 73 84 78 78 169 126 126 170 80 80 97 127 127 171 128 128 172 65 65 173 129 129 174 113 113 148 130 130 175 47 47 176 12 12 12 14 14 177 63 63 70 33 33 178 35 35 179 64 64 71 131 131 180 102 102 181 36 36 182 87 87 104 132 132 183 56 56 184 133 133 185 134 134 186 135 135 187 136 136 188 85 85 102 137 137 189 138 138 190 139 139 191 77 77 192 140 140 193 78 78 194 126 126 170 78 78 195 141 141 196 117 117 197 61 61 198 115 115 199 120 120 200 115 115 201 61 61 202 142 142 203 143 143 204 86 86 205 86 86 206 143 143 207 95 95 208 31 31 33 46 46 49 32 32 209 5 5 5 92 92 115 3 3 3 24 24 210 114 114 211 25 25 212 144 144 213 51 51 55 50 50 214 47 47 50 51 51 215 48 48 216 47 47 217 14 14 218 3 3 130 77 77 219 145 145 220 140 140 221 59 59 65 88 88 106 145 145 220 117 117 222 116 116 223 146 146 224 82 82 225 146 146 224 90 90 226 122 122 227 47 47 114 92 92 115 47 47 114 91 91 113 51 51 55 19 19 21 104 104 138 112 112 228 112 112 229 21 21 230 19 19 21 43 43 45 131 131 231 64 64 71 108 108 142 105 105 139 147 147 232 11 11 233 56 56 234 134 134 235 148 148 236 149 149 237 150 150 238 151 151 239 152 152 240 148 148 241 149 149 242 28 28 243 153 153 244 20 20 22 75 75 245 18 18 20 154 154 246 12 12 52 75 75 247 0 0 248 155 155 249 13 13 250 156 156 251 13 13 252 154 154 253 142 142 254 35 35 255 157 157 256 158 158 257 142 142 258 85 85 102 159 159 259 138 138 260 160 160 261 4 4 4 3 3 3 161 161 262 132 132 263 126 126 170 7 7 7 157 157 264 120 120 265 118 118 266 34 34 267 30 30 268 157 157 269 26 26 270 7 7 7 24 24 271 53 53 272 104 104 138 19 19 21 147 147 232 109 109 273 108 108 142 5 5 5 4 4 4 162 162 274 127 127 275 162 162 276 4 4 4 49 49 53 163 163 277 50 50 278 129 129 279 50 50 280 163 163 281 0 0 282 13 13 283 1 1 284 18 18 20 75 75 285 109 109 286 113 113 148 110 110 287 22 22 288 73 73 84 164 164 289 125 125 290 23 23 25 93 93 291 21 21 292 38 38 293 19 19 21 21 21 294 66 66 73 41 41 43 67 67 74 88 88 106 101 101 132 145 145 220 140 140 221 145 145 220 101 101 132 90 90 295 146 146 224 165 165 296 166 166 297 165 165 298 116 116 299 33 33 300 102 102 301 167 167 302 99 99 303 6 6 6 133 133 304 43 43 45 42 42 44 100 100 129 168 168 305 100 100 129 169 169 306 11 11 307 107 107 141 9 9 308 170 170 309 9 9 310 107 107 141 75 75 311 20 20 22 171 171 312 13 13 313 156 156 314 1 1 315 126 126 170 132 132 316 164 164 317 172 172 318 126 126 170 164 164 319 120 120 320 157 157 321 30 30 322 118 118 323 120 120 324 96 96 325 101 101 132 173 173 326 140 140 221 173 173 327 141 141 328 140 140 193 146 146 224 116 116 329 165 165 330 166 166 331 116 116 332 115 115 333 159 159 334 54 54 335 88 88 106 158 158 257 90 90 336 89 89 337 30 30 338 174 174 339 31 31 33 127 127 340 4 4 4 98 98 341 7 7 7 26 26 342 175 175 343 129 129 344 26 26 345 71 71 346 176 176 347 174 174 339 30 30 348 30 30 349 34 34 350 167 167 351 8 8 8 7 7 7 175 175 343 109 109 352 147 147 232 53 53 353 18 18 20 109 109 354 53 53 355 0 0 356 52 52 57 155 155 249 141 141 357 78 78 358 140 140 193 86 86 359 85 85 102 142 142 360 138 138 361 74 74 362 160 160 261 50 50 363 25 25 364 144 144 365 114 114 366 144 144 367 25 25 368 4 4 4 161 161 369 46 46 49 45 45 370 46 46 49 161 161 371 126 126 170 172 172 372 80 80 97 177 177 373 178 178 374 172 172 375 3 3 3 168 168 376 161 161 377 100 100 129 168 168 305 3 3 130 51 51 55 144 144 378 170 170 379 107 107 141 51 51 215 170 170 380 153 153 244 49 49 53 91 91 113 149 149 381 153 153 244 124 124 166 118 118 382 95 95 383 143 143 384 179 179 385 86 86 386 95 95 387 164 164 388 132 132 389 125 125 390 157 157 391 143 143 392 142 142 393 118 118 394 143 143 395 157 157 396 121 121 163 92 92 115 123 123 165 124 124 166 123 123 165 150 150 238 100 100 129 52 52 57 43 43 45 103 103 137 43 43 45 52 52 57 107 107 141 11 11 397 108 108 142 105 105 139 108 108 142 11 11 398 124 124 166 150 150 238 149 149 399 153 153 244 121 121 163 124 124 166 23 23 25 111 111 400 180 180 401 145 145 220 77 77 402 59 59 65 76 76 403 181 181 404 77 77 405 146 146 224 82 82 406 117 117 407 81 81 98 117 117 408 82 82 409 7 7 7 126 126 170 141 141 410 30 30 411 115 115 412 120 120 413 6 6 6 130 130 175 182 182 414 106 106 415 6 6 6 182 182 416 69 69 417 183 183 418 184 184 419 141 141 420 173 173 327 7 7 7 133 133 421 6 6 6 106 106 422 105 105 139 133 133 423 106 106 424 185 185 425 32 32 426 166 166 427 15 15 428 162 162 429 67 67 74 58 58 430 159 159 431 88 88 106 186 186 432 139 139 433 58 58 434 83 83 435 90 90 436 158 158 257 187 187 437 83 83 438 136 136 439 164 164 440 73 73 84 172 172 441 177 177 442 172 172 443 73 73 84 120 120 444 119 119 445 96 96 446 8 8 8 129 129 447 130 130 175 130 130 175 6 6 6 8 8 8 176 176 448 128 128 172 127 127 449 165 165 450 32 32 451 44 44 452 165 165 453 89 89 454 90 90 455 9 9 456 24 24 457 10 10 458 101 101 132 88 88 106 54 54 459 68 68 460 151 151 461 16 16 462 16 16 463 151 151 464 123 123 165 133 133 465 105 105 139 134 134 466 105 105 139 11 11 467 134 134 468 102 102 469 131 131 470 103 103 137 103 103 137 131 131 471 43 43 45 125 125 472 160 160 261 74 74 473 137 137 474 74 74 475 138 138 476 109 109 477 51 51 215 107 107 141 52 52 57 100 100 129 155 155 249 128 128 172 97 97 123 65 65 478 182 182 479 130 130 175 113 113 148 147 147 232 104 104 138 53 53 480 105 105 139 104 104 138 147 147 232 103 103 137 52 52 57 2 2 481 75 75 482 171 171 483 154 154 484 12 12 12 154 154 253 13 13 485 111 111 486 23 23 25 22 22 487 113 113 148 129 129 488 163 163 489 15 15 490 40 40 491 16 16 492 65 65 493 162 162 494 127 127 495 122 122 496 91 91 113 47 47 114 121 121 163 91 91 113 122 122 497 28 28 498 180 180 499 111 111 500 111 111 501 153 153 244 28 28 502 97 97 123 167 167 503 102 102 504 97 97 123 2 2 505 66 66 73 87 87 104 99 99 506 56 56 507 133 133 508 56 56 509 99 99 510 89 89 511 64 64 71 63 63 70 102 102 512 33 33 513 64 64 71 42 42 44 169 169 514 100 100 129 169 169 515 161 161 516 168 168 376 188 188 517 114 114 518 9 9 519 188 188 520 144 144 521 114 114 522 138 138 523 159 159 524 139 139 525 159 159 526 58 58 527 139 139 528 101 101 132 24 24 529 173 173 326 24 24 530 7 7 7 173 173 327 165 165 531 166 166 532 32 32 533 32 32 534 185 185 535 30 30 536 85 85 102 136 136 537 158 158 257 158 158 257 136 136 538 83 83 539 91 91 113 121 121 163 153 153 244 153 153 244 111 111 540 49 49 53 34 34 541 157 157 542 35 35 543 7 7 7 36 36 544 132 132 545 87 87 104 160 160 261 132 132 546 132 132 547 160 160 261 125 125 548 34 34 549 33 33 550 167 167 551 123 123 165 5 5 5 16 16 552 5 5 5 123 123 165 92 92 115 1 1 553 189 189 554 17 17 17 17 17 17 189 189 555 39 39 41 19 19 21 38 38 556 20 20 22 38 38 557 93 93 558 37 37 39 165 165 559 44 44 560 89 89 561 56 56 562 10 10 563 54 54 564 101 101 132 54 54 565 10 10 566 148 148 567 150 150 238 151 151 568 150 150 238 123 123 165 151 151 569 129 129 570 8 8 8 175 175 343 26 26 571 129 129 572 175 175 343 127 127 573 174 174 339 176 176 574 31 31 33 174 174 339 127 127 575 106 106 576 112 112 577 104 104 138 155 155 249 14 14 578 13 13 579 155 155 249 100 100 129 14 14 580 109 109 581 75 75 582 48 48 583 109 109 584 48 48 585 51 51 215 167 167 586 176 176 587 30 30 588 167 167 589 128 128 172 176 176 590 129 129 591 71 71 592 50 50 593 25 25 594 50 50 595 71 71 596 127 127 597 98 98 598 31 31 33 46 46 49 31 31 33 98 98 599 190 190 600 96 96 601 119 119 602 60 60 66 119 119 603 61 61 604 70 70 605 184 184 606 191 191 607 148 148 608 183 183 418 29 29 31 29 29 31 28 28 609 149 149 610 29 29 31 149 149 611 148 148 612 183 183 418 192 192 613 193 193 614 2 2 615 17 17 17 66 66 73 41 41 43 66 66 73 17 17 17 22 22 616 21 21 617 112 112 618 111 111 619 22 22 620 110 110 621 67 67 74 40 40 622 15 15 623 162 162 624 15 15 625 5 5 5 163 163 626 49 49 53 110 110 627 113 113 148 163 163 628 110 110 629 162 162 630 65 65 631 67 67 74 67 67 74 41 41 43 40 40 632 158 158 257 63 63 70 142 142 633 35 35 634 142 142 635 63 63 70 36 36 636 99 99 637 87 87 104 87 87 104 159 159 638 160 160 261 102 102 639 2 2 640 97 97 123 128 128 172 167 167 641 97 97 123 45 45 642 161 161 643 169 169 644 42 42 44 45 45 645 169 169 646 170 170 647 144 144 648 188 188 520 170 170 649 188 188 517 9 9 650 106 106 651 182 182 652 112 112 653 182 182 654 113 113 148 112 112 655 183 183 418 193 193 656 184 184 657 29 29 31 183 183 418 69 69 658 29 29 31 69 69 659 27 27 29 69 69 660 184 184 661 70 70 662 192 192 663 194 194 664 193 193 665 152 152 666 192 192 667 183 183 418 183 183 418 148 148 668 152 152 669 89 89 670 63 63 70 158 158 257 159 159 671 87 87 104 55 55 61 54 54 672 159 159 673 55 55 61 185 185 674 115 115 675 30 30 676 115 115 677 185 185 678 166 166 679 195 195 680 74 74 681 137 137 682 186 186 683 137 137 684 139 139 685 196 196 686 137 137 687 186 186 688 57 57 689 186 186 690 58 58 691 196 196 692 186 186 693 57 57 694 196 196 695 57 57 696 181 181 697 181 181 698 59 59 65 77 77 699 181 181 700 57 57 701 59 59 65 196 196 702 181 181 703 76 76 704 79 79 95 76 76 705 78 78 706 196 196 707 76 76 708 79 79 95 196 196 709 79 79 95 178 178 710 178 178 711 80 80 97 172 172 712 178 178 713 79 79 95 80 80 97 196 196 714 178 178 715 177 177 716 72 72 717 177 177 718 73 73 84 196 196 719 177 177 720 72 72 721 195 195 722 72 72 723 74 74 724 196 196 725 72 72 726 195 195 727 196 196 728 195 195 729 137 137 730 197 197 731 62 62 732 81 81 98 187 187 733 81 81 98 83 83 734 197 197 735 81 81 98 187 187 736 135 135 737 187 187 738 136 136 739 197 197 740 187 187 741 135 135 742 84 84 743 135 135 744 85 85 102 197 197 745 135 135 746 84 84 747 179 179 748 84 84 749 86 86 750 197 197 751 84 84 752 179 179 753 94 94 754 179 179 755 95 95 756 197 197 757 179 179 758 94 94 759 190 190 760 94 94 761 96 96 762 197 197 763 94 94 764 190 190 765 198 198 766 190 190 767 119 119 768 62 62 732 117 117 769 81 81 98 62 62 68 61 61 770 117 117 771 198 198 772 119 119 773 60 60 66 197 197 774 60 60 66 62 62 68 197 197 775 190 190 776 198 198 777 197 197 778 198 198 779 60 60 66 199 199 780 200 200 781 201 201 782 202 202 783 203 203 784 204 204 785 205 205 786 203 203 787 202 202 788 205 205 789 199 199 780 201 201 790 206 206 791 207 207 792 208 208 793 209 209 794 210 210 795 206 206 796 208 208 797 207 207 798 211 211 799 207 207 800 206 206 801 210 210 802 212 212 803 213 213 804 205 205 805 203 203 806 205 205 807 209 209 808 214 214 809 215 215 810 216 216 811 204 204 812 206 206 813 208 208 814 217 217 815 204 204 816 208 208 817 218 218 818 219 219 819 220 220 820 221 221 821 222 222 822 220 220 823 223 223 824 200 200 825 224 224 826 225 225 827 226 226 828 227 227 829 200 200 830 199 199 780 228 228 831 203 203 832 209 209 833 206 206 834 210 210 835 229 229 836 230 230 837 222 222 838 231 231 839 232 232 840 222 222 841 210 210 842 231 231 843 233 233 844 234 234 845 235 235 846 226 226 847 236 236 848 233 233 849 235 235 850 210 210 851 221 221 852 211 211 853 215 215 854 208 208 855 212 212 856 234 234 857 213 213 858 211 211 859 228 228 860 215 215 861 208 208 862 214 214 863 217 217 864 218 218 865 226 226 866 219 219 867 225 225 868 227 227 869 219 219 870 221 221 871 210 210 872 222 222 873 218 218 874 236 236 875 226 226 876 220 220 877 219 219 878 221 221 879 234 234 880 212 212 881 223 223 882 217 217 883 237 237 884 204 204 885 229 229 836 210 210 886 209 209 887 229 229 836 209 209 888 213 213 889 203 203 890 206 206 891 204 204 892 235 235 893 234 234 894 223 223 895 201 201 896 212 212 897 205 205 898 205 205 899 238 238 900 199 199 780 202 202 901 204 204 902 237 237 903 200 200 904 223 223 905 201 201 906 238 238 907 228 228 908 199 199 780 237 237 909 217 217 910 214 214 911 207 207 912 235 235 913 224 224 914 237 237 915 216 216 916 202 202 917 211 211 918 200 200 919 228 228 920 213 213 921 234 234 922 239 239 923 205 205 924 213 213 925 209 209 926 216 216 927 228 228 928 238 238 929 205 205 930 202 202 931 238 238 932 216 216 933 238 238 934 202 202 935 216 216 936 215 215 937 228 228 938 237 237 939 214 214 940 216 216 941 208 208 942 215 215 943 214 214 944 232 232 945 236 236 946 218 218 947 222 222 948 218 218 949 220 220 950 227 227 951 235 235 952 221 221 953 219 219 954 226 226 955 225 225 956 222 222 957 232 232 958 218 218 959 210 210 960 230 230 961 231 231 962 213 213 963 239 239 964 229 229 836 231 231 965 240 240 966 241 241 967 241 241 968 232 232 969 231 231 970 233 233 971 242 242 972 243 243 973 243 243 974 234 234 975 233 233 976 236 236 977 244 244 978 242 242 979 242 242 980 233 233 981 236 236 982 234 234 983 243 243 984 245 245 985 245 245 986 239 239 987 234 234 988 232 232 989 241 241 990 244 244 991 244 244 992 236 236 993 232 232 994 230 230 995 246 246 996 240 240 997 240 240 998 231 231 999 230 230 1000 239 239 964 245 245 1001 247 247 1002 247 247 1003 229 229 836 239 239 964 229 229 836 247 247 1004 246 246 1005 246 246 1006 230 230 1007 229 229 836 227 227 1008 221 221 1009 219 219 1010 226 226 1011 233 233 1012 235 235 1013 226 226 1014 235 235 1015 227 227 1016 207 207 1017 224 224 1018 211 211 1019 224 224 1020 200 200 1021 211 211 1022 235 235 1023 207 207 1024 210 210 1025 223 223 1026 212 212 1027 201 201 1028 235 235 1029 223 223 1030 224 224 1031 248 248 1032 249 249 780 250 250 1033 251 251 1034 252 252 1035 253 253 1036 251 251 1037 254 254 1038 252 252 1039 249 249 780 254 254 1040 250 250 1041 255 255 1042 256 256 1043 257 257 1044 258 258 1045 259 259 1046 256 256 1047 255 255 1048 257 257 1049 260 260 1050 256 256 1051 255 255 1052 258 258 1053 261 261 1054 262 262 1055 254 254 1056 254 254 1057 251 251 1058 259 259 1059 263 263 1060 264 264 1061 265 265 1062 256 256 1063 253 253 1064 257 257 1065 253 253 1066 266 266 1067 257 257 1068 267 267 1069 268 268 1070 269 269 1071 270 270 1072 271 271 1073 269 269 1074 248 248 1075 272 272 1076 273 273 1077 274 274 1078 275 275 1079 276 276 1080 249 249 780 248 248 1081 277 277 1082 259 259 1083 251 251 1084 256 256 1085 278 278 836 258 258 1086 279 279 1087 280 280 1088 270 270 1089 281 281 1090 258 258 1091 270 270 1092 280 280 1093 282 282 1094 283 283 1095 284 284 1096 285 285 1097 274 274 1098 283 283 1099 258 258 1100 284 284 1101 271 271 1102 263 263 1103 260 260 1104 257 257 1105 282 282 1106 262 262 1107 261 261 1108 277 277 1109 260 260 1110 263 263 1111 264 264 1112 257 257 1113 266 266 1114 274 274 1115 268 268 1116 267 267 1117 276 276 1118 275 275 868 267 267 1119 258 258 1120 271 271 1121 270 270 1122 285 285 1123 268 268 1124 274 274 1125 267 267 1126 269 269 877 271 271 1127 262 262 1128 282 282 1129 272 272 1130 286 286 1131 266 266 1132 253 253 1133 258 258 1134 278 278 836 259 259 1135 259 259 1136 278 278 836 261 261 1137 256 256 1138 251 251 1139 253 253 1140 282 282 1141 284 284 1142 272 272 1143 262 262 1144 250 250 1145 254 254 1146 287 287 1147 254 254 1148 249 249 780 253 253 1149 252 252 1150 286 286 1151 272 272 1152 248 248 1153 250 250 1154 277 277 1155 287 287 1156 249 249 780 266 266 1157 286 286 1158 264 264 1159 284 284 1160 255 255 1161 273 273 1162 265 265 1163 286 286 1164 252 252 1165 248 248 1166 260 260 1167 277 277 1168 282 282 1169 261 261 1170 288 288 1171 261 261 1172 254 254 1173 259 259 1174 277 277 1175 265 265 1176 287 287 1177 252 252 1178 254 254 1179 287 287 1180 287 287 1181 265 265 1182 252 252 1183 263 263 1184 265 265 1185 277 277 1186 264 264 1187 286 286 1188 265 265 1189 263 263 1190 257 257 1191 264 264 1192 285 285 1193 281 281 1194 268 268 1195 268 268 1196 270 270 1197 269 269 1198 284 284 1199 276 276 1200 271 271 1201 274 274 1202 267 267 1203 275 275 1204 281 281 1205 270 270 1206 268 268 1207 279 279 1208 258 258 1209 280 280 1210 288 288 964 261 261 1211 278 278 836 289 289 1212 280 280 1213 290 290 1214 281 281 1215 290 290 1216 280 280 1217 291 291 1218 283 283 1219 292 292 1220 282 282 1221 292 292 1222 283 283 1223 293 293 1224 285 285 1225 291 291 1226 283 283 1227 291 291 1228 285 285 1229 292 292 1230 282 282 1231 294 294 1232 288 288 1233 294 294 1234 282 282 1235 290 290 1236 281 281 1237 293 293 1238 285 285 1239 293 293 1240 281 281 1241 295 295 1242 279 279 1243 289 289 1244 280 280 1245 289 289 1246 279 279 1247 294 294 1248 288 288 964 296 296 1249 278 278 836 296 296 1250 288 288 964 296 296 1251 278 278 836 295 295 1252 279 279 1253 295 295 1254 278 278 836 271 271 1255 276 276 1256 267 267 1257 283 283 1258 274 274 1259 284 284 1260 284 284 1261 274 274 1262 276 276 1263 273 273 1264 255 255 1265 260 260 1266 248 248 1267 273 273 1268 260 260 1269 255 255 1270 284 284 1271 258 258 1272 262 262 1273 272 272 1274 250 250 1275 272 272 1276 284 284 1277 273 273 1278</p>
                </triangles>
            </mesh>
        </geometry>
        <geometry id="Bystander_B-geometry" name="Bystander_B-geometry">
            <mesh>
                <source id="Bystander_B-positions" name="position">
                    <float_array id="Bystander_B-positions-array" count="1650">-0.000126225 1.52006 0.0316524 0.034166 1.53363 0.0175948 0.00132635 1.56238 0.0419984 -0.0345725 1.53262 0.0190734 0.0380829 1.65951 -0.0747043 0.0555773 1.66486 -0.0358765 0.0387658 1.64313 -0.0581066 -0.0568638 1.63588 0.0152227 -0.058878 1.64774 0.00065338 -0.0468855 1.6157 0.0151046 0.0627979 1.68419 0.0670296 0.0697782 1.71924 0.0460402 0.0605378 1.70828 0.0841559 0.0376827 1.61007 0.065867 0.0145969 1.59597 0.0612232 0.026861 1.60281 0.0380565 -0.0579718 1.83613 -0.036163 -0.0631283 1.83208 -0.0113476 -0.0313263 1.85158 -0.00592844 0.0121223 1.74703 0.10958 0.0197362 1.7609 0.107929 -0.000883301 1.76845 0.102259 -0.0325202 1.64175 0.0994118 -0.0244847 1.65421 0.10341 -0.0309472 1.65398 0.101757 -0.000101774 1.63865 -0.071623 -0.000168008 1.83582 -0.0826276 -0.000186901 1.8537 -0.0384587 0.040944 1.83532 -0.0703419 0.00254551 1.59709 -0.0853843 -0.0442679 1.83565 -0.0632992 0.0297712 1.71064 0.0970582 0.0160514 1.7225 0.0924691 0.010657 1.72058 0.0953557 -0.0481284 1.70341 0.0946131 -0.0471998 1.71904 0.0881894 -0.0593094 1.70696 0.0822811 -0.0143602 1.74701 0.108912 -0.000883275 1.74998 0.10475 -0.0142202 1.68102 0.105435 -0.000451952 1.68104 0.125792 -0.0117102 1.69123 0.128905 -0.0104792 1.6364 0.110812 -0.0155552 1.65025 0.115939 -0.0211396 1.63592 0.106235 -0.0546114 1.6652 -0.0389908 -0.0419387 1.65774 -0.0730358 -0.0407001 1.63931 -0.0605273 -0.0569393 1.6387 -0.0189724 0.0332565 1.58185 0.0196851 -0.0481689 1.54913 0.00295132 -0.0303963 1.58369 0.0219428 0.0744852 1.72447 0.0281183 0.0771803 1.75771 0.016574 0.0248845 1.58428 0.0343989 0.0518901 1.55072 0.00298555 0.0497845 1.60966 0.000942758 0.0309277 1.65487 0.100665 0.0250676 1.66903 0.105885 0.0242232 1.65618 0.103969 -0.036033 1.66822 0.100347 -0.0559493 1.676 0.0822004 -0.0392071 1.65014 0.0931124 -0.0650286 1.80385 -0.0733839 -0.0798134 1.80689 -0.0385427 -0.0642857 1.68409 -0.0212743 0.0616023 1.8353 -0.0374431 0.0663102 1.80786 -0.0787634 0.0321092 1.60718 0.0853065 0.0188389 1.60629 0.103586 0.0122841 1.6008 0.0883346 -0.0454244 1.61627 0.0418552 -0.0256442 1.60182 0.0386026 0.0066755 1.72073 0.113335 0.00768477 1.70317 0.123678 0.0150782 1.69973 0.103273 -0.00882671 1.73427 0.104533 -0.0119502 1.72753 0.0933681 -0.00933454 1.72127 0.112353 0.0519727 1.71894 0.0870374 0.0601653 1.7288 0.0748461 0.051897 1.7262 0.0833682 0.0656274 1.83705 -0.00910151 0.0307049 1.84968 -0.00695643 -0.000897652 1.64628 0.120154 -0.0123928 1.65774 0.113136 0.0193443 1.63592 0.106234 0.0266725 1.62437 0.0987682 0.0329659 1.64173 0.0972013 -0.0215977 1.79244 0.0976059 -0.0453239 1.76052 0.0917503 -0.0217382 1.76951 0.100015 -0.0565252 1.74662 0.0798764 -0.0507133 1.73931 0.0878505 -0.0433904 1.74712 0.0983173 -0.0475432 1.80502 0.0694184 -0.0600349 1.79327 0.0572045 -0.0472921 1.78704 0.0824529 -0.000785884 1.68117 0.117784 -0.00748546 1.67827 0.114853 0.0452607 1.61602 0.0161092 0.060972 1.64526 -0.0180699 0.0627854 1.64771 0.000613299 0.0109506 1.57454 0.053962 -0.00864894 1.57491 0.0556832 -0.0112793 1.59603 0.0633112 0.0870987 1.76525 -0.0340859 0.0841276 1.76526 -0.0565364 0.0818199 1.80889 -0.0434364 -0.0702961 1.81922 0.0118889 -0.0848332 1.80744 -0.014242 -0.0793491 1.76073 -0.058927 -0.00159604 1.7364 0.106146 -0.00984575 1.73989 0.102639 -0.014354 1.73569 0.0966592 -0.0159055 1.73262 0.0915098 -0.000898441 1.6231 0.117744 0.017935 1.62405 0.113273 0.00868385 1.6364 0.110812 -0.000898319 1.60486 0.109926 0.0244041 1.65523 0.101371 0.0729847 1.67332 0.0287317 0.0601256 1.65412 0.0467007 0.0595635 1.63631 0.0153346 0.012772 1.68128 0.1038 0.0211053 1.68781 0.102152 0.00848935 1.69118 0.128905 0.0139534 1.66239 0.114533 -0.0675338 1.6765 0.0283541 -0.0589049 1.65406 0.0465562 -0.0629933 1.68331 0.0541423 -0.0532351 1.64927 0.0708468 -0.0389743 1.61007 0.0658671 -0.0844475 1.76236 -0.0392797 0.0523428 1.72861 0.0836132 0.0517352 1.74065 0.0877138 0.0414281 1.73724 0.0907474 -0.00211282 1.70314 0.129756 -0.0146544 1.70021 0.10339 -0.0107008 1.70317 0.123678 -0.0613356 1.80762 0.0375195 -0.0505598 1.83269 0.0692758 -0.033532 1.84441 0.0442261 -0.000186885 1.85573 0.0396282 0.0619344 1.80772 0.035658 0.0770375 1.82327 0.013467 0.059097 1.8244 0.0715897 0.0275355 1.83374 0.091047 0.032644 1.84504 0.0404891 0.0823018 1.72928 -0.0261882 0.0790778 1.7062 -0.0231364 0.0789779 1.71612 -0.0505748 -0.0521853 1.6414 -0.0405783 -0.0527615 1.60995 0.000122952 0.024732 1.64336 0.104854 -0.00089763 1.65547 0.113384 0.0102649 1.65782 0.113172 -0.0251357 1.66925 0.105423 -0.0150669 1.66252 0.1148 -0.0121129 1.65803 0.112905 -0.000897654 1.65556 0.113027 -0.000897702 1.66064 0.121411 -0.0157787 1.72498 0.0915775 -0.0129354 1.72023 0.095775 -0.0213331 1.73795 0.0936905 0.0551038 1.6503 0.0711508 0.0814603 1.73657 0.00378266 -0.0743251 1.75808 0.0125529 -0.0635407 1.7474 0.0537861 -0.0197528 1.62405 0.113273 -0.0206565 1.60629 0.103586 -0.0328846 1.60718 0.0865272 -0.0122763 1.60072 0.08858 -0.0247692 1.65437 0.105545 0.0849944 1.73835 -0.0172206 0.0866407 1.7636 -0.00934664 0.073974 1.69152 -0.0200365 0.069294 1.67359 -0.0118224 0.00929399 1.72806 0.0932204 0.00770784 1.7391 0.101741 0.0057087 1.73421 0.104043 0.0467681 1.80779 0.0693765 0.0602289 1.79443 0.0581614 0.0864432 1.81666 -0.0106724 -0.0284037 1.71113 0.0962044 0.0578684 1.74834 0.0780792 0.0656908 1.7476 0.05266 -0.0504149 1.73078 0.0834586 -0.0579506 1.72831 0.0757717 -0.0698693 1.71961 0.0434881 -0.0739691 1.72688 0.0167817 0.0103291 1.65803 0.11316 0.0373654 1.67018 0.100776 0.045217 1.69032 0.0990305 0.0228237 1.68676 0.101381 0.0445405 1.61627 0.0418552 -0.00187331 1.69111 0.136117 -0.00207157 1.72329 0.115365 -0.0444374 1.68797 0.097974 -0.0225017 1.68661 0.103161 -0.0198559 1.68843 0.103439 0.0441024 1.73007 0.0887763 0.0462502 1.72328 0.0862155 -0.0379787 1.72522 0.0938972 -0.0435097 1.72787 0.0888886 -0.0438185 1.72254 0.0895659 -0.0162741 1.72711 0.0891642 0.055221 1.64456 -0.0394185 0.0399989 1.59357 -0.0702595 -0.0758144 1.71941 -0.0535612 -0.0442167 1.59432 -0.0715278 -0.0293406 1.62406 0.0971901 -0.0249527 1.64356 0.10609 -0.0827442 1.73509 -0.0171761 -0.0806992 1.73657 -0.00277179 -0.082127 1.7366 -0.0235806 -0.0852406 1.76281 -0.0144549 -0.029302 1.83476 0.100532 0.0149333 1.6502 0.11481 -0.0667352 1.75344 -0.0815661 -0.0394583 1.8024 -0.089746 -0.0440329 1.74617 -0.0979703 0.0384937 1.8003 -0.0912109 -0.000141955 1.74331 -0.109609 -0.000148419 1.79968 -0.098521 0.0654711 1.75617 -0.0875238 0.0771616 1.69724 -0.0168252 -0.0722618 1.69826 0.00431619 -0.0728328 1.68266 0.00309735 -0.0674527 1.67665 0.0102757 -0.0610922 1.67439 -0.00643251 0.0408392 1.65002 0.0926284 0.0395189 1.6297 0.0892374 0.0551742 1.67635 0.0876716 -0.0199037 1.58445 0.0353341 0.0589555 1.56504 -0.0219305 0.0103431 1.65811 0.112831 -0.00089763 1.65565 0.112952 -0.0394397 1.62982 0.0892349 0.0217419 1.77048 0.102206 0.0447778 1.76114 0.0911679 -0.0197764 1.7609 0.107022 -0.0500818 1.72823 0.0832903 0.0845535 1.72573 -0.0208014 0.0438056 1.74829 0.0978684 -0.000170687 1.8397 0.101526 -0.000190526 1.81182 0.0853412 -0.0392801 1.7354 0.0944543 -0.0438302 1.72943 0.0903557 -0.0387413 1.73383 0.0953393 0.0468192 1.73138 0.0867944 0.0705525 1.67698 -0.0092093 0.0702228 1.66969 0.0140167 0.0726116 1.67761 0.0197353 0.0478101 1.70331 0.0967503 -0.00360694 1.66605 0.121416 0.00778509 1.67814 0.114681 -0.0279049 1.80961 0.0835837 -0.0560819 1.58178 -0.050502 0.0580653 1.58227 -0.0514566 0.0645636 1.69861 -0.0666977 -0.0630505 1.70404 -0.0723837 -0.0566535 1.56231 -0.0212946 -0.0157232 1.72965 0.0898489 -0.0168166 1.72821 0.0894232 -0.0443339 1.72882 0.0882365 -0.0449951 1.73071 0.088858 0.0222604 1.7372 0.0943428 0.0231894 1.73888 0.0929295 0.0148407 1.73271 0.0907483 -0.0723539 1.67922 -0.00125115 -0.0648992 1.67752 -0.00357566 -0.0716734 1.701 -0.0189725 -0.0739553 1.68269 -0.0108485 -0.079195 1.70017 -0.0250641 -0.0768474 1.72348 -0.0268567 -0.079886 1.72213 -0.0284335 -0.0805511 1.72857 -0.0245011 -0.0863473 1.72061 -0.0246848 -0.0796744 1.69943 -0.0221713 -0.0842455 1.73297 -0.0117353 -0.0859144 1.72672 -0.0208623 -0.000161758 1.65908 -0.0819353 -0.0849787 1.71916 -0.0181766 -0.0779247 1.68299 -0.00885353 -0.0785195 1.70139 -0.0157048 -0.0830826 1.72751 -0.00736162 -0.0782637 1.68707 -0.00486689 -0.0302937 1.71924 0.0922322 0.0319526 1.71881 0.0918057 0.022199 1.72698 0.0936246 0.0147902 1.72646 0.0893206 0.0154017 1.7302 0.0910434 0.0447341 1.73066 0.0879083 -0.0229242 1.72651 0.0929201 -0.0213879 1.7361 0.0942762 -0.0213773 1.73481 0.094457 0.0450584 1.73145 0.0883306 -0.017027 1.72877 0.0894375 0.0437575 1.734 0.0889375 0.0401914 1.73602 0.0931059 0.0385342 1.72665 0.0927996 0.0151997 1.72742 0.0900948 -0.0398901 1.73691 0.0929188 0.0819339 1.68238 -0.00530429 0.0772712 1.67803 -0.00808146 0.0909608 1.72412 -0.0164494 0.0831919 1.73543 -0.0153403 0.0844119 1.69727 -0.0159387 0.084718 1.7353 -0.00271705 0.0882371 1.7341 -0.0120379 0.0882554 1.72484 -0.0092646 0.0841536 1.6979 -0.00807441 0.0833274 1.72994 0.00117047 0.0772294 1.70207 0.00222488 0.0220842 1.79285 0.095745 0.0228622 1.81337 0.0833776 0.0470851 1.78698 0.083283 0.0387558 1.69716 -0.0874343 -0.000174815 1.69393 -0.0976893 -0.044304 1.69776 -0.0848643 0.00242398 1.66584 0.121438 -0.0775568 1.72523 -0.0315627 -0.0709269 1.6986 -0.0253582 -0.0671302 1.68488 -0.0110745 0.0126384 1.73511 0.0934462 0.0394997 1.73481 0.0941415 0.0228624 1.73572 0.0952922 0.0159797 1.72805 0.0902201 -0.0121268 1.65811 0.112831 -0.000849097 1.64609 0.112007 0.0229691 1.64972 0.101838 -0.00102958 1.67404 0.111938 -0.0251562 1.64647 0.101723 0.0225708 1.67454 0.10236 0.0241169 1.66054 0.100995 -0.0205283 1.67452 0.104586 0.0104938 1.67364 0.109933 0.00961626 1.65712 0.108671 0.0198955 1.65875 0.101517 0.0222751 1.67394 0.10173 -0.000899136 1.67356 0.111859 -0.0110827 1.6573 0.109173 -0.000548378 1.65727 0.110484 -0.0208374 1.65789 0.102536 -0.0117498 1.67357 0.110438 -0.0234211 1.67391 0.101335 0.0283428 1.67285 0.0862613 0.0264042 1.66077 0.0862614 -0.0297597 1.67286 0.08626 -0.0286671 1.66076 0.0862601 0.021045 1.64793 0.0999917 0.0191366 1.65956 0.100252 0.0111198 1.65915 0.106811 0.0112296 1.64826 0.107563 -0.0237455 1.64889 0.0993608 -0.0133803 1.65912 0.107028 -0.020823 1.65949 0.100498 -0.000937256 1.65913 0.109979 -0.0139646 1.64828 0.107456 -0.000652031 1.64806 0.110154 0.0256254 1.6601 0.0863191 -0.0278803 1.66025 0.0863184 0.0174816 1.66024 0.0994812 0.0107192 1.65983 0.105844 -0.000936664 1.6598 0.108076 -0.0126105 1.6598 0.105233 0.0248675 1.66078 0.0845922 -0.0192428 1.66017 0.0997838 -0.0271008 1.66093 0.0844156 0.0134769 1.64824 0.0985866 -0.000904515 1.64207 0.0999218 -0.0159879 1.64816 0.0979863 0.0239149 1.64625 0.0853363 -0.0262577 1.6464 0.0853356 0.0124793 1.64417 0.0593957 -0.000898181 1.6433 0.0651464 -0.0148446 1.6441 0.0587954 0.029249 1.65289 0.0548971 -0.0315119 1.65304 0.0548964 0.0124049 1.6547 0.0768826 -0.000984584 1.65444 0.0850168 -0.0149197 1.65463 0.0762823 0.0124147 1.65898 0.0742846 -0.000970965 1.6593 0.0825466 -0.0149086 1.6589 0.0736843 0.0292605 1.66051 0.052646 -0.0314991 1.66066 0.0526453 0.0124901 1.66305 0.0618617 -0.000872078 1.66022 0.0637567 -0.0148334 1.66297 0.0612613 0.0113945 1.65429 0.0435972 -0.000856858 1.65227 0.0429576 -0.0148245 1.65422 0.0429969 0.0222509 1.65404 0.0441018 -0.0244176 1.65419 0.0441011 -0.000570584 1.65652 0.110227 0.0194162 1.65813 0.101232 0.00903873 1.65634 0.10865 -0.010412 1.65652 0.109225 0.0263911 1.66015 0.0847084 -0.0286801 1.66015 0.082388 -0.0205934 1.65727 0.102011 -0.000980882 1.67341 0.0941779 0.0192431 1.67341 0.0872848 -0.0205179 1.67341 0.0872848 0.0297415 1.65886 0.0583094 -0.0320377 1.66869 0.0739539 -0.029901 1.65573 0.100504 -0.0291177 1.65089 0.0863227 0.0237025 1.66059 0.100128 0.0268691 1.65092 0.0863234 -0.0306489 1.67463 0.0821848 -0.0348793 1.72963 0.0835813 0.0410959 1.73057 0.0841168 -0.0243976 1.72961 0.0836378 0.0239068 1.73 0.084182 0.0304646 1.73697 0.0920208 0.0258173 1.73359 0.0920208 0.0304639 1.73208 0.0927013 0.0257642 1.73855 0.0908137 0.0215245 1.73499 0.0900311 0.0304646 1.74148 0.090031 0.0214202 1.74 0.0880599 0.0179121 1.73616 0.0868836 0.0257318 1.74313 0.0880598 0.0179121 1.74105 0.0838641 0.0152552 1.73703 0.0828181 0.0215245 1.74439 0.0842218 0.0351105 1.73359 0.0920208 0.0351637 1.73855 0.0908137 0.0394034 1.73499 0.0900311 0.0351961 1.74313 0.0880598 0.0395077 1.74 0.0880599 0.0430158 1.73616 0.0868836 0.0430158 1.74105 0.0838641 0.0394034 1.74439 0.0842218 0.0456727 1.73703 0.0828181 0.0333357 1.72813 0.0920208 0.0380683 1.72961 0.0908137 0.0359888 1.72448 0.0900311 0.0424323 1.731 0.0880599 0.0407855 1.72593 0.0880599 0.0382214 1.72141 0.0868837 0.0458875 1.73221 0.0838641 0.0449283 1.72739 0.0842219 0.042868 1.72292 0.0838642 0.0398635 1.71915 0.0828181 0.0275922 1.72813 0.0920208 0.0304646 1.72409 0.0908138 0.024939 1.72448 0.0900311 0.0331287 1.72037 0.0880599 0.0277992 1.72037 0.0880599 0.0227065 1.72141 0.0868837 0.0228596 1.72961 0.0908138 0.0201424 1.72593 0.0880599 0.0184955 1.731 0.0880599 0.0180599 1.72292 0.0838642 0.0210644 1.71915 0.0828181 0.0159996 1.72739 0.0842219 0.0150403 1.73221 0.0838641 0.0150403 1.74012 0.0789784 0.0132655 1.73465 0.0789784 0.01346 1.73761 0.0748224 0.012585 1.73208 0.0748224 0.0159996 1.74259 0.0748224 0.0476624 1.73465 0.0789784 0.0458875 1.74012 0.0789784 0.0474678 1.73761 0.0748224 0.0449283 1.74259 0.0748224 0.0483429 1.73208 0.0748224 0.0182684 1.74434 0.0793837 0.0426595 1.74434 0.0793837 0.0458852 1.72427 0.0793838 0.042868 1.7199 0.0789785 0.0449283 1.72158 0.0748224 0.0474678 1.72656 0.0748224 0.0475321 1.72934 0.0793838 0.0133958 1.72934 0.0793837 0.014174 1.72656 0.0748224 0.0150427 1.72427 0.0793838 0.0159996 1.72158 0.0748224 0.0180599 1.7199 0.0789785 -0.0304646 1.73697 0.0920208 -0.0351178 1.73359 0.0920208 -0.0304712 1.73208 0.0927013 -0.0351709 1.73855 0.0908137 -0.0394106 1.73499 0.0900311 -0.0304646 1.74148 0.0900311 -0.0395149 1.74 0.0880599 -0.043023 1.73616 0.0868837 -0.0352033 1.74313 0.0880599 -0.043023 1.74105 0.0838641 -0.0456799 1.73703 0.0828181 -0.0394107 1.74439 0.0842219 -0.0258246 1.73359 0.0920208 -0.0257714 1.73855 0.0908137 -0.0215317 1.73499 0.0900311 -0.0257391 1.74313 0.0880599 -0.0214274 1.74 0.0880599 -0.0179193 1.73616 0.0868837 -0.0179194 1.74105 0.0838641 -0.0215317 1.74439 0.0842219 -0.0152625 1.73703 0.0828181 -0.0275994 1.72813 0.0920208 -0.0228668 1.72961 0.0908138 -0.0249463 1.72448 0.0900311 -0.0185028 1.731 0.0880599 -0.0201497 1.72593 0.0880599 -0.0227137 1.72141 0.0868837 -0.0150476 1.73221 0.0838642 -0.0160068 1.72739 0.0842219 -0.0180672 1.72292 0.0838642 -0.0210717 1.71915 0.0828182 -0.0333429 1.72813 0.0920208 -0.0304646 1.72409 0.0908138 -0.0359961 1.72448 0.0900311 -0.0278064 1.72037 0.08806 -0.0331359 1.72037 0.08806 -0.0382286 1.72141 0.0868837 -0.0380755 1.72961 0.0908138 -0.0407927 1.72593 0.0880599 -0.0424396 1.731 0.0880599 -0.0428752 1.72292 0.0838642 -0.0398707 1.71915 0.0828182 -0.0449355 1.72739 0.0842219 -0.0458948 1.73221 0.0838641 -0.0458948 1.74012 0.0789784 -0.0476696 1.73465 0.0789784 -0.047475 1.73761 0.0748224 -0.0483501 1.73208 0.0748224 -0.0449355 1.74259 0.0748224 -0.0132728 1.73465 0.0789784 -0.0150476 1.74012 0.0789784 -0.0134673 1.73761 0.0748224 -0.0160069 1.74259 0.0748224 -0.0125923 1.73208 0.0748224 -0.0426667 1.74434 0.0793837 -0.0182756 1.74434 0.0793837 -0.0150499 1.72427 0.0793838 -0.0180672 1.7199 0.0789785 -0.0160069 1.72158 0.0748225 -0.0134673 1.72656 0.0748225 -0.0134031 1.72934 0.0793838 -0.0475393 1.72934 0.0793838 -0.047475 1.72656 0.0748225 -0.0458924 1.72427 0.0793838 -0.0449355 1.72158 0.0748225 -0.0428752 1.7199 0.0789785 0.0370027 1.74732 -0.103119</float_array>
                    <technique_common>
                        <accessor source="#Bystander_B-positions-array" count="550" stride="3">
                            <param name="X" type="float" />
                            <param name="Y" type="float" />
                            <param name="Z" type="float" />
                        </accessor>
                    </technique_common>
                </source>
                <source id="Bystander_B-normals" name="normal">
                    <float_array id="Bystander_B-normals-array" count="1650">0.0418566 0.488718 1.197 0.155189 0.686796 1.08518 0.0210531 -0.719265 1.07499 -0.0887644 0.792339 1.01868 0.699853 -0.590087 -0.914002 1.14 -0.356073 -0.496991 0.809102 -0.0392395 -1.00857 -1.21654 -0.439791 -0.00256163 -1.23775 -0.336735 -0.167267 -1.1636 -0.506255 0.251287 1.23353 -0.195028 0.337273 1.24585 0.0296208 0.346965 1.08082 0.0990696 0.703858 1.01608 -0.786126 0.151605 0.640906 -0.935533 0.622424 1.01377 -0.722014 0.352636 -0.759124 1.01435 -0.261177 -0.878146 0.948716 0.0468161 -0.463053 1.20788 0.000968419 0.0714282 -0.566798 1.16062 0.319787 0.382266 1.19374 -0.0376896 0.358197 1.24245 -0.80495 -0.151943 1.00118 1.00997 0.479592 0.650648 -0.643233 -0.359824 1.0631 0.0277108 -0.368992 -1.23955 -0.0307693 0.85671 -0.96876 -9.5827e-005 1.26857 -0.253217 0.42465 0.980425 -0.72927 0.0207467 1.29325 -0.0214658 -0.538835 0.971466 -0.662801 0.226477 0.594198 1.12651 0.197375 0.537226 1.1601 0.769902 0.526405 0.896406 -0.561757 0.316213 1.12153 -0.616148 0.309479 1.09452 -1.1021 0.0769062 0.672948 -0.0961672 -0.502681 1.18805 -0.00872391 -0.136961 1.2863 -0.760022 -0.214653 1.02454 0.0278079 -1.19245 0.500691 -0.989141 -0.250375 0.795178 -0.316443 -0.0794381 1.25178 -0.686362 -0.0170339 1.09636 -0.768995 -0.129696 1.0321 -1.19713 -0.330614 -0.361888 -0.717759 -0.529466 -0.936954 -0.845227 -0.0352856 -0.978642 -1.28739 -0.125027 -0.0197684 0.987211 -0.238755 0.801127 -0.74717 0.515861 0.921422 -0.955292 -0.276881 0.827133 1.26249 -0.0291857 0.280459 1.21679 0.0618568 0.434743 1.05746 -0.515898 0.537608 0.747399 0.48847 0.936049 1.1587 -0.0898418 0.568109 0.47633 -0.442389 1.11839 0.600338 0.18068 1.13152 0.46148 -0.810328 0.896549 -0.701712 -0.0898189 1.08302 -1.09232 -0.233106 0.652605 -0.974188 -0.190668 0.829457 -0.951095 0.48227 -0.732276 -1.18453 0.432322 -0.288756 -1.18688 -0.476267 -0.194635 0.671818 1.06604 -0.292604 0.871315 0.516247 -0.804795 0.852459 -0.861435 0.45237 0.717872 -0.812903 0.705155 0.181683 -1.2535 0.26292 -1.08487 -0.695482 0.112983 -0.930661 -0.818094 0.371465 0.941297 0.540564 0.703667 0.99677 0.471233 0.676597 0.712408 0.348771 1.02188 -0.943894 0.312019 0.827709 -1.0511 -0.0495376 0.752419 -0.999547 0.483447 0.663761 0.510496 0.537243 1.06026 1.08345 0.142901 0.69218 0.697836 0.0408467 1.08846 0.748442 1.0547 -0.0291073 0.370287 1.239 -0.0341004 0.0201905 0.084629 1.29067 -0.221016 0.878047 0.923894 0.771996 -0.113223 1.03179 0.960314 -0.189329 0.845782 0.730849 -0.175336 1.05286 -0.300292 0.427783 1.18331 -0.765519 0.329472 0.989355 -0.328079 0.450978 1.16721 -1.12396 0.0300266 0.639701 -0.885683 -0.412059 0.848038 -0.662981 -0.28203 1.07439 -1.03245 0.132997 0.76795 -1.1807 0.271871 0.453251 -0.90792 0.394782 0.832601 -0.0411107 -0.789823 1.02366 -0.47415 0.42417 1.12635 1.12737 -0.60169 0.20102 1.26816 -0.24605 -0.067935 1.18725 -0.500105 -0.117155 0.622523 -0.765928 0.836191 -0.452599 -0.732451 0.965435 -0.549504 -1.08356 0.444221 1.28789 -0.0450458 -0.112772 1.23438 -0.018833 -0.386443 1.13966 0.519078 -0.324243 -1.12016 0.546477 0.346401 -1.21939 0.396814 0.170377 -1.1889 -0.00349255 -0.509811 0.0114406 0.502121 1.19212 -0.514617 -0.350177 1.13399 -0.649405 -0.77957 0.802458 -0.422488 -0.569172 1.0821 0.000137895 0.104313 1.28939 0.681768 -0.019423 1.09919 0.323423 -0.0657151 1.25079 0.00168814 -0.948991 0.879095 -0.66721 -0.0389524 1.10757 1.25861 -0.237004 0.181975 1.18365 -0.453756 0.257808 1.17862 -0.533149 0.000913935 0.768919 -0.235894 1.01317 0.970101 -0.0137736 0.855634 0.932543 -0.247118 0.861795 0.679112 -0.262827 1.06917 -1.26445 -0.236022 0.137326 -1.22744 -0.351739 0.20752 -1.25022 -0.194661 0.269172 -1.1877 -0.342884 0.381029 -0.977914 -0.831839 0.158504 -1.2806 -0.0449699 -0.177333 0.791418 -0.230966 0.996849 0.849825 -0.305965 0.926055 0.531788 -0.00749329 1.17921 -0.0404654 0.660373 1.11161 -0.740708 0.341496 1.00406 -1.07118 0.455467 0.564365 -1.20919 0.152646 0.433529 -1.11391 0.477745 0.452057 -0.59554 1.13558 0.170825 0.0309065 1.28097 0.177612 1.19122 -0.0826585 0.497562 1.11235 0.507496 0.42251 1.00833 -0.0304762 0.809782 0.602213 0.714935 0.894205 0.519835 1.16458 0.216638 1.26885 -0.179347 -0.176741 1.21993 -0.343063 -0.259759 1.19843 -0.356714 -0.331534 -1.2266 0.0538866 -0.407354 -1.17616 -0.0887814 0.531181 0.888358 -0.0556872 0.938677 -0.00758849 1.01668 0.79981 0.230623 0.868825 0.930242 -0.648152 0.206395 1.10032 -0.678541 -0.187233 1.08532 0.102277 -1.27152 -0.214851 0.00710668 -1.13643 -0.617961 -0.00586194 -0.696321 1.09018 -0.292356 0.564437 1.12665 -0.871553 0.46077 0.837546 -0.173067 -0.55032 1.15784 1.16611 -0.368956 0.421242 1.24143 0.123241 0.342146 -1.22668 0.0747948 0.403792 -1.23968 0.0864397 0.359314 -0.683259 -0.0199637 1.09825 -0.716985 -0.818654 0.699381 -0.854407 -0.864031 0.44366 -0.200041 -1.25247 0.254338 -0.434329 -0.855714 0.867471 1.24814 -0.329345 0.08403 1.27234 -0.0473485 0.228727 1.1836 -0.44232 -0.277178 1.23859 -0.362396 -0.0892112 0.91086 -0.0439882 0.917493 0.604747 -0.380953 1.07822 0.946334 0.313254 0.824451 0.983367 0.104386 0.83396 1.16191 0.306062 0.479259 1.23842 0.362593 0.0907716 -0.270448 0.523579 1.15157 1.11018 0.100466 0.656348 1.22933 0.088936 0.392738 -0.912188 -0.205713 0.893863 -1.06655 0.0875963 0.726771 -1.25807 0.00613511 0.301034 -1.25458 -0.0637813 0.30881 -0.198936 -1.21668 -0.391802 0.587887 -0.102722 1.14771 0.55718 -0.0297394 1.16707 0.321859 0.110225 1.24806 1.02109 -0.787453 0.103436 -0.00389406 -0.224637 1.27394 -0.0771417 0.747668 1.05282 -0.662849 -0.0120034 1.1108 -0.300469 0.142481 1.25013 -0.961663 0.0887349 0.860654 0.384818 0.653711 1.04784 0.561186 0.0433001 1.16473 -0.298694 0.43449 1.18127 -0.493954 0.570785 1.05053 -0.652623 -0.0650827 1.11501 -0.547153 0.493061 1.06344 1.1618 0.113 -0.557543 0.742715 0.980288 -0.401006 -1.21693 -0.378256 -0.222244 -0.824507 0.971247 -0.224193 -0.976457 -0.201226 0.824279 -0.881352 -0.0564858 0.945211 -1.10925 0.600558 -0.286863 -1.23179 0.246906 0.308416 -1.28046 -0.181354 -0.0306111 -1.28749 -0.026822 0.122611 -0.606403 0.34258 1.0901 0.692405 -0.0130715 1.09261 -0.919505 0.0250784 -0.909547 -0.468091 0.406604 -1.13532 -0.603461 -0.0864241 -1.14095 0.335485 0.394539 -1.1854 -0.0361426 -0.0402825 -1.29247 -0.0103516 0.387807 -1.23406 0.87044 -0.0883561 -0.95285 0.825898 -0.511143 -0.854412 -1.22063 -0.109531 0.414088 -1.11359 -0.324591 0.572675 -1.17135 -0.54825 0.0274032 -1.16909 -0.507259 -0.222088 0.873297 -0.261419 0.917828 1.01067 -0.348879 0.728172 1.0361 -0.235663 0.737807 -1.03233 -0.563746 0.538398 0.988679 0.657658 0.513221 -0.329257 1.02212 -0.721292 -0.0217321 1.29151 0.0701061 -1.05788 -0.299635 0.681548 0.320458 0.470258 1.16171 0.780704 0.336629 0.974975 -0.322223 0.452238 1.16835 -0.850165 -0.0384664 0.974236 1.0002 -0.00942892 -0.820308 0.676987 -0.281777 1.06569 0.216899 0.198995 1.25966 0.0322532 0.0183196 1.29307 -0.660456 0.486116 1.00044 -0.665005 -0.727816 0.837525 -0.0968628 -0.604782 1.13941 0.694089 -0.0588676 1.09003 0.978167 -0.699467 -0.476793 1.11522 -0.653449 -0.0518831 1.26674 -0.230678 0.124717 0.505119 0.331185 1.14393 -0.337039 0.17814 1.23615 0.557462 0.429864 1.08529 -0.511929 0.128021 1.18107 0.143695 1.00948 0.79605 -0.187318 1.00403 0.793866 0.996879 -0.454506 -0.687788 -1.02189 -0.337325 -0.71788 -0.987678 0.686427 0.476135 -0.161598 -0.316765 1.24376 -0.717222 -0.283368 1.0386 -0.623073 -0.442392 1.04377 -0.984094 -0.109569 0.832436 -0.256671 0.738734 1.03043 0.117188 -0.449232 1.20742 0.0242092 -0.0178455 1.29325 -0.795091 -1.01863 0.0602332 -0.51334 -1.09253 -0.465044 -0.268064 -0.647428 -1.08737 -0.187885 -0.961347 -0.844929 -0.159949 -0.498783 -1.1828 -0.675436 -0.083429 -1.1001 -0.116518 0.253803 -1.26309 -0.494315 0.76651 -0.917339 -1.16173 0.0145129 -0.568829 -1.19846 -0.463133 -0.150357 -1.25085 0.328597 0.0283162 -1.19511 0.423755 -0.256013 -0.00799255 -0.505905 -1.19054 -1.23997 -0.217048 0.297926 -1.1098 -0.645792 -0.157161 -1.25249 -0.133988 0.294477 -1.22048 -0.136329 0.406489 -1.20675 -0.207822 0.417096 -0.152638 -0.0797578 1.28208 0.246994 0.135311 1.26257 -0.177538 0.783394 1.01399 0.314237 0.299563 1.21857 -0.110433 -0.152334 1.27984 -0.11688 0.299318 1.25305 0.13943 0.85635 0.959489 0.27531 0.312203 1.2248 0.151489 -0.642888 1.11227 0.546616 -0.203681 1.15461 -0.420115 -0.594752 1.06919 0.911131 0.19026 0.898353 0.728313 0.618135 0.872276 0.303186 0.392862 1.19463 0.511279 -0.735809 0.933046 -0.546933 -0.00627078 1.17227 1.21683 -0.408128 0.16168 0.573807 -0.86498 -0.771979 1.22466 0.140757 -0.39216 1.11867 0.552249 -0.342049 0.910867 -0.412631 -0.820641 1.04481 0.675908 0.353421 1.10832 0.667024 -0.0104999 1.17127 -0.0277506 0.548413 1.20971 -0.16313 0.428227 1.19066 -0.0250205 0.505072 1.17422 -0.102142 0.533068 0.295619 0.46369 1.1709 0.461062 -0.0549136 1.20739 0.860712 0.397178 0.880239 0.500666 -0.378864 -1.13101 -0.0160765 -0.420065 -1.22339 -0.48611 -0.356938 -1.14442 0.280175 0.24567 1.23877 -1.22948 -0.401331 0.0264852 -1.22388 -0.410987 -0.0812974 -0.818106 -0.780778 -0.62808 0.593362 -0.74951 0.871522 0.30284 -0.22096 1.23809 -0.0640916 -0.643117 1.12057 0.332543 -0.789763 0.969064 0.286228 1.01475 -0.749499 -0.0780924 0.976401 -0.844948 -1.05387 0.428017 -0.616082 0.0298202 0.727848 -1.06899 1.09102 0.688618 0.0941962 -0.718381 -0.738725 -0.782054 -1.15006 0.426907 -0.410503 0.436557 0.551505 -1.08566 0.527646 -0.0474037 1.18014 0.401115 -0.258284 1.20241 0.959886 -0.496207 0.711191 0.903106 -0.585684 0.717473 0.0276087 -0.140799 1.28562 -0.350287 -0.224055 1.22495 0.0309164 -0.265728 1.26563 -0.94349 -0.387448 0.79568 -0.525733 -0.0508261 1.18085 -1.01554 0.0326015 0.800634 0.641798 -0.937041 0.61923 -0.0856594 1.23159 0.386308 -1.1734 0.341722 0.423964 -0.777211 0.570015 0.862799 0.441825 0.79321 0.921414 0.711806 0.873121 0.635915 0.500477 0.706237 0.961326 0.420907 0.273844 1.19216 -0.586883 0.49905 1.03919 -0.52229 0.782845 0.887559 -0.710751 0.915033 0.575277 -0.007998 0.673172 1.10461 -0.475059 0.277926 1.17067 0.00979633 0.487982 1.19799 0.11367 1.22161 0.410049 -0.0586638 1.04905 0.754622 -0.480078 1.1455 -0.361586 -0.150994 1.22926 -0.373507 0.0538584 1.27555 -0.208511 0.236285 1.18559 -0.460366 -0.452266 1.20926 -0.0809493 0.50897 1.13962 -0.340005 0.663943 1.10578 0.0991063 -0.612519 0.890215 -0.711149 0.00592592 1.08819 -0.699425 0.597645 0.887315 -0.727247 -0.980754 0.744635 -0.396279 0.985638 0.734408 -0.403184 -0.0288435 1.19763 0.488095 -0.00887126 -0.711901 1.08005 0.0297074 1.19892 0.48487 -0.294935 0.543915 1.13603 1.00649 0.288953 0.759525 0.77574 -0.336138 0.979099 -0.00760145 -0.423646 1.22224 -0.830053 -0.235011 0.963939 0.718047 0.800081 0.719496 -0.00927678 1.06863 0.728931 -0.594412 0.928011 0.677395 0.800656 1.0135 0.0718512 -0.0885629 1.1228 0.636303 -0.0337219 1.2754 -0.213566 -0.00530014 1.27768 -0.20227 0.0293918 1.27528 -0.214926 0.105752 -0.51846 -1.18043 -0.0389081 -1.15744 -0.576374 -0.0973186 -0.527917 -1.17696 0.198101 -1.16388 -0.528707 -0.449569 -1.2076 -0.113964 0.0173038 -1.23347 0.38943 0.00726608 -1.2828 -0.166613 0.330208 -1.18158 0.410168 -0.281069 -1.168 0.479768 0.76995 -1.03935 -0.0179481 -0.894333 -0.901524 0.246611 -0.242332 -1.27025 -0.0337117 0.00223212 -1.26724 -0.259778 -0.463353 -1.18509 -0.232955 0.452546 -1.19162 -0.220558 1.29324 0.0269138 -0.0144265 -1.02714 -0.532416 0.578711 1.20123 0.389237 -0.280945 0.957346 0.867518 -0.0655522 -1.25267 0.313652 0.0764284 -1.27835 0.185451 -0.0693881 0.109929 0.692234 1.08725 0.351355 0.31872 1.20348 -0.548001 0.288865 1.13563 -0.508888 -0.465158 1.09456 0.587939 -0.486167 1.04468 1.94557e-005 0.336974 1.24894 -0.320465 0.104134 1.24894 3.32773e-006 4.27984e-006 1.2936 -0.343743 0.473145 1.15385 -0.642223 0.208677 1.10336 2.0691e-005 0.683514 1.09827 -0.656286 0.56957 0.958266 -0.915247 0.297396 0.864451 -0.405475 0.773087 0.954631 -0.86982 0.663818 0.690038 -1.1004 0.357553 0.578512 -0.755292 0.736684 0.748482 0.320478 0.104127 1.24894 0.34377 0.473141 1.15384 0.642221 0.208677 1.10336 0.405487 0.773085 0.954628 0.656285 0.56957 0.958266 0.915249 0.297396 0.864448 0.869823 0.663816 0.690037 0.755292 0.736685 0.748482 1.1004 0.357551 0.57851 0.198067 -0.272602 1.24894 0.556206 -0.180719 1.15385 0.396925 -0.546306 1.10336 0.87254 -0.0808293 0.951597 0.753414 -0.447469 0.951595 0.61858 -0.69696 0.897218 1.11676 0.0201497 0.652567 1.04654 -0.340041 0.680086 0.891637 -0.672702 0.652572 0.796402 -0.807376 0.622321 -0.198056 -0.272608 1.24894 1.65442e-005 -0.584829 1.15385 -0.396907 -0.546309 1.10336 0.195561 -0.730061 1.04984 -0.195544 -0.730054 1.04985 -0.618581 -0.69696 0.897218 -0.556207 -0.180719 1.15385 -0.753415 -0.447469 0.951595 -0.872539 -0.0808291 0.951598 -0.891638 -0.672712 0.652561 -0.796417 -0.80738 0.622296 -1.04654 -0.340042 0.680088 -1.11676 0.0201473 0.652568 -1.11597 0.574331 0.313273 -1.24042 0.191321 0.313271 -1.22389 0.397672 0.131665 -1.28807 -0.0578178 0.104481 -1.09184 0.676963 0.151629 1.24042 0.191324 0.313275 1.11598 0.574331 0.313271 1.22389 0.397675 0.131666 1.09184 0.676964 0.151626 1.28633 -0.00484843 0.136864 -0.952615 0.775304 0.405983 0.952618 0.775303 0.405979 1.11349 -0.564461 0.339002 0.966111 -0.765211 0.393035 1.0984 -0.663833 0.16199 1.22246 -0.397203 0.145669 1.23261 -0.197826 0.339005 -1.23955 -0.226851 0.292314 -1.22981 -0.400873 0.0159756 -1.13581 -0.545594 0.292675 -1.14112 -0.598466 0.114387 -0.966096 -0.765237 0.393022 0.000179838 0.336975 1.24894 -0.320413 0.104164 1.24895 2.35838e-005 4.37568e-006 1.2936 -0.343629 0.473157 1.15388 -0.642225 0.20868 1.10336 0.000198442 0.683513 1.09827 -0.656294 0.569563 0.958265 -0.915251 0.29739 0.864448 -0.405422 0.773094 0.954648 -0.869825 0.66381 0.690041 -1.1004 0.357549 0.578519 -0.755297 0.736681 0.74848 0.32053 0.104101 1.24893 0.343886 0.47313 1.15381 0.642221 0.208682 1.10336 0.405543 0.773071 0.954616 0.656284 0.569572 0.958266 0.915249 0.297397 0.864447 0.869824 0.663815 0.690038 0.755296 0.736678 0.748485 1.1004 0.35755 0.578507 0.198099 -0.272579 1.24894 0.556208 -0.18072 1.15385 0.396992 -0.546296 1.10334 0.872543 -0.0808295 0.951594 0.753417 -0.44747 0.951593 0.618583 -0.696958 0.897217 1.11676 0.0201493 0.652565 1.04654 -0.340041 0.680088 0.891637 -0.672704 0.652571 0.796402 -0.807379 0.622316 -0.198022 -0.272633 1.24894 0.000157432 -0.584828 1.15385 -0.39684 -0.546319 1.10338 0.19563 -0.730089 1.04981 -0.195475 -0.730021 1.04988 -0.618582 -0.69696 0.897217 -0.556205 -0.18072 1.15385 -0.753417 -0.447471 0.951593 -0.872543 -0.0808297 0.951594 -0.891639 -0.672701 0.652571 -0.796403 -0.807376 0.622319 -1.04654 -0.340044 0.680085 -1.11676 0.0201472 0.652569 -1.11598 0.574332 0.31327 -1.24042 0.191324 0.313272 -1.22389 0.397676 0.131658 -1.28633 -0.00484846 0.136861 -1.09185 0.676962 0.151628 1.24042 0.191323 0.313271 1.11598 0.574328 0.31327 1.22389 0.397672 0.131666 1.09185 0.67696 0.151626 1.28633 -0.00484629 0.136859 -0.952617 0.775305 0.405978 0.952622 0.775299 0.405978 1.11349 -0.564462 0.339005 0.966105 -0.765215 0.393042 1.0984 -0.663829 0.162002 1.22246 -0.397197 0.145663 1.23261 -0.197824 0.339002 -1.23261 -0.19783 0.339006 -1.22246 -0.397204 0.145668 -1.11349 -0.564461 0.339003 -1.0984 -0.663832 0.161994 -0.96611 -0.765212 0.393036 0.435237 -0.0419868 -1.21746</float_array>
                    <technique_common>
                        <accessor source="#Bystander_B-normals-array" count="550" stride="3">
                            <param name="X" type="float" />
                            <param name="Y" type="float" />
                            <param name="Z" type="float" />
                        </accessor>
                    </technique_common>
                </source>
                <source id="Bystander_B-texcoords" name="texcoord">
                    <float_array id="Bystander_B-texcoords-array" count="4738">0.504013 1.01764 0.357597 1.01803 0.498388 1.03838 0.504013 1.01764 0.498388 1.03838 0.618497 1.01822 0.0677112 1.37297 0.123982 1.40395 0.0618376 1.28027 0.722812 1.30568 0.753115 1.33271 0.714286 1.23243 0.345558 1.39796 0.299641 1.52249 0.36678 1.47842 0.372442 1.22502 0.464336 1.15225 0.338988 1.17903 0.869521 1.83836 0.814122 1.84281 0.861503 1.91241 0.468223 1.59262 0.467668 1.62226 0.501504 1.64334 0.575942 1.29832 0.556643 1.32866 0.561455 1.3348 0.00792468 1.27581 0.0677112 1.37297 0.00711966 1.81276 0.00393373 1.9098 0.073345 1.82235 0.0119599 1.15366 0.00792468 1.27581 1.00393 1.9098 1.00712 1.81276 0.928634 1.82002 0.444765 1.48887 0.463933 1.52181 0.47404 1.51797 0.595152 1.45601 0.593591 1.50775 0.622535 1.48079 0.530589 1.59157 0.502676 1.59528 0.527614 1.39697 0.500396 1.40019 0.52279 1.42069 0.521851 1.26378 0.532317 1.31164 0.541269 1.26082 0.850702 1.38467 0.911573 1.36804 0.942512 1.26961 0.714286 1.23243 0.753115 1.33271 0.796246 1.26793 0.357597 1.01803 0.31455 1.1225 0.498388 1.03838 0.733202 1.06999 0.618497 1.01822 0.630643 1.12115 0.271277 1.55396 0.270612 1.64664 0.299641 1.52249 0.396955 1.14333 0.498388 1.03838 0.31455 1.1225 0.235791 1.09531 0.217658 1.20555 0.31455 1.1225 0.435593 1.33278 0.445343 1.37069 0.447263 1.33382 0.570749 1.37042 0.629688 1.38651 0.586461 1.3267 0.886917 1.7501 0.843834 1.75857 0.869521 1.83836 0.812688 1.43683 0.850702 1.38467 0.103026 1.85547 0.122891 1.73857 0.425768 1.20316 0.461968 1.19456 0.465732 1.17491 0.677601 1.26126 0.714286 1.23243 0.636935 1.19615 0.495279 1.51719 0.487354 1.45412 0.469399 1.45167 0.517306 1.55244 0.523057 1.53329 0.511838 1.51788 0.395478 1.51501 0.362329 1.54447 0.391421 1.53217 0.182462 1.84647 0.103026 1.85547 0.11952 1.91251 0.532317 1.31164 0.498898 1.29037 0.530045 1.33151 0.464926 1.25902 0.44781 1.24247 0.433408 1.29211 0.534574 1.71908 0.592688 1.61751 0.537732 1.6463 0.869521 1.83836 0.629362 1.58071 0.606733 1.56668 0.587307 1.591 0.622799 1.75894 0.671651 1.74552 0.583821 1.70708 0.586461 1.3267 0.500146 1.39476 0.51464 1.38917 0.257284 1.21999 0.166604 1.30364 0.229977 1.32771 0.498388 1.03838 0.459534 1.09853 0.545364 1.09957 0.464336 1.15225 0.465732 1.17491 0.535067 1.15242 0.170736 1.63685 0.141374 1.63687 0.154448 1.75333 0.750485 1.8107 0.796481 1.75902 0.886917 1.7501 0.866281 1.62422 0.517306 1.55244 0.50562 1.55711 0.519554 1.56177 0.528605 1.55603 0.531684 1.5464 0.504283 1.21289 0.475263 1.21639 0.484898 1.26333 0.502327 1.1848 0.475263 1.21639 0.504283 1.21289 0.44676 1.32935 0.435593 1.33278 0.292246 1.40835 0.329197 1.32022 0.263966 1.29614 0.466472 1.39915 0.460286 1.4192 0.485632 1.41782 0.447263 1.33382 0.464904 1.34465 0.697895 1.39741 0.673782 1.3381 0.662801 1.41878 0.638765 1.3137 0.633602 1.22346 0.815291 1.65251 0.122891 1.73857 0.38905 1.54417 0.389693 1.56857 0.416184 1.55596 0.487354 1.45412 0.495279 1.51719 0.500495 1.45188 0.534738 1.45293 0.516477 1.45431 0.708577 1.77859 0.647297 1.81977 0.73842 1.90449 1.00442 1.98883 0.34327 1.75576 0.266788 1.76939 0.358477 1.83553 0.00442382 1.99066 0.423291 1.89448 0.219242 1.91741 0.188241 1.56332 0.180433 1.50478 0.150577 1.54916 0.942512 1.26961 0.879573 1.25524 0.850702 1.38467 0.755542 1.20968 0.714286 1.23243 0.44676 1.32935 0.450112 1.29353 0.499196 1.3271 0.498898 1.29037 0.477203 1.33121 0.550522 1.37135 0.537382 1.34725 0.51464 1.38917 0.529609 1.33231 0.499216 1.32735 0.501303 1.34261 0.53329 1.5275 0.524007 1.51428 0.543137 1.55783 0.531684 1.5464 0.465732 1.17491 0.464336 1.15225 0.329197 1.32022 0.360395 1.30637 0.372442 1.22502 0.242188 1.58304 0.299641 1.52249 0.292246 1.40835 0.671651 1.74552 0.73906 1.65753 0.655415 1.58897 0.622535 1.48079 0.662801 1.41878 0.498388 1.03838 0.630643 1.12115 0.618497 1.01822 0.103026 1.85547 0.504283 1.21289 0.533274 1.21639 0.502327 1.1848 0.540932 1.19068 0.582718 1.20242 0.541271 1.17467 0.556643 1.32866 0.549612 1.33311 0.499196 1.3271 0.498898 1.29037 0.500146 1.39476 0.242188 1.58304 0.208917 1.58801 0.212172 1.6528 0.869521 1.83836 0.166604 1.30364 0.17633 1.46301 0.209419 1.40889 0.478665 1.53143 0.48952 1.56378 0.493017 1.55014 0.622799 1.75894 0.416206 1.7498 0.378666 1.7311 0.200864 1.76288 0.534738 1.45293 0.554832 1.48842 0.484898 1.26333 0.504283 1.21289 0.533274 1.21639 0.504283 1.21289 0.368881 1.58746 0.362329 1.54447 0.362329 1.54447 0.331117 1.59126 0.368881 1.58746 0.605262 1.54297 0.629362 1.58071 0.623696 1.53398 0.691964 1.53037 0.723069 1.56256 0.447263 1.33382 0.44676 1.32935 0.435593 1.33278 0.464904 1.34465 0.501303 1.34261 0.477087 1.33178 0.417961 1.37184 0.39932 1.43184 0.454251 1.41862 0.469399 1.45167 0.444765 1.48887 0.636935 1.19615 0.633602 1.22346 0.229977 1.32771 0.263966 1.29614 0.257284 1.21999 0.372442 1.22502 0.338988 1.17903 0.321596 1.23107 0.485632 1.41782 0.501783 1.41931 0.500495 1.45188 0.495279 1.51719 0.503472 1.51736 0.534738 1.45293 0.593724 1.41202 0.548084 1.41489 0.52279 1.42069 0.540407 1.41927 0.409231 1.53393 0.404846 1.52604 0.572141 1.5276 0.587771 1.53575 0.586325 1.52016 0.533123 1.53086 0.114004 1.27843 0.123982 1.40395 0.0817884 1.1519 0.114004 1.27843 0.812688 1.43683 0.858793 1.55539 0.850702 1.38467 0.93986 1.15397 0.879573 1.25524 0.942512 1.26961 0.540932 1.19068 0.533274 1.21639 0.574005 1.24147 0.541269 1.26082 0.556205 1.29985 0.575942 1.29832 0.789951 1.58219 0.762321 1.58963 0.793871 1.5897 0.776592 1.65377 0.170736 1.63685 0.578483 1.89847 0.73842 1.90449 0.73842 1.90449 0.358477 1.83553 0.423291 1.89448 0.182462 1.84647 0.471418 1.30999 0.450112 1.29353 0.44676 1.32935 0.44676 1.32935 0.447263 1.33382 0.477087 1.33178 0.501303 1.34261 0.537382 1.34725 0.529609 1.33231 0.893709 1.61045 0.94559 1.74199 0.946223 1.59013 0.886917 1.7501 0.893709 1.61045 0.0873104 1.72401 0.00831425 1.58213 0.0080573 1.72229 0.122891 1.73857 0.117111 1.62853 0.192866 1.47823 0.17633 1.46301 0.180433 1.50478 0.742314 1.47241 0.746816 1.41144 0.733223 1.39816 0.733223 1.39816 0.770104 1.38834 0.753115 1.33271 0.103026 1.85547 0.182462 1.84647 0.886917 1.7501 0.869521 1.83836 0.469399 1.45167 0.454251 1.41862 0.39932 1.43184 0.485632 1.41782 0.466472 1.39915 0.532317 1.31164 0.556643 1.32866 0.556643 1.32866 0.575942 1.29832 0.556205 1.29985 0.484898 1.26333 0.471418 1.30999 0.498898 1.29037 0.450112 1.29353 0.464926 1.25902 0.360395 1.30637 0.413784 1.30237 0.42004 1.25539 0.360395 1.30637 0.378777 1.38045 0.586461 1.3267 0.575942 1.29832 0.593724 1.41202 0.622535 1.48079 0.466472 1.39915 0.454251 1.41862 0.477087 1.33178 0.447263 1.33382 0.464904 1.34465 0.636935 1.19615 0.535067 1.15242 0.633602 1.22346 0.59622 1.14011 0.630643 1.12115 0.498388 1.03838 0.549612 1.33311 0.556643 1.32866 0.529609 1.33231 0.549612 1.33311 0.529609 1.33231 0.537382 1.34725 0.484898 1.26333 0.498898 1.29037 0.498898 1.29037 0.532317 1.31164 0.217658 1.20555 0.235791 1.09531 0.175554 1.12517 0.714286 1.23243 0.755542 1.20968 0.630643 1.12115 0.911573 1.36804 1.00792 1.27581 0.942512 1.26961 0.477203 1.33121 0.477014 1.33201 0.499221 1.3276 0.499216 1.32735 0.477087 1.33178 0.501303 1.34261 0.638765 1.3137 0.60743 1.26396 0.586461 1.3267 0.582718 1.20242 0.540932 1.19068 0.372442 1.22502 0.360395 1.30637 0.42004 1.25539 0.44781 1.24247 0.461968 1.19456 0.461653 1.64901 0.402415 1.61747 0.583821 1.70708 0.592688 1.61751 0.531938 1.62226 0.605601 1.53693 0.362329 1.54447 0.395478 1.51501 0.36678 1.47842 0.362329 1.54447 0.815291 1.65251 0.776592 1.65377 0.776592 1.65377 0.815291 1.65251 0.793871 1.5897 0.170736 1.63685 0.194041 1.55235 0.180433 1.50478 0.51464 1.38917 0.368881 1.58746 0.409882 1.58743 0.691964 1.53037 0.655415 1.58897 0.509412 1.98939 0.578483 1.89847 0.485641 1.77196 0.578279 1.55278 0.58679 1.54232 0.576584 1.55039 0.543137 1.55783 0.400236 1.54348 0.409882 1.58743 0.493017 1.55014 0.48952 1.56378 0.423291 1.89448 0.00442382 1.99066 0.753115 1.33271 0.722812 1.30568 0.733223 1.39816 0.733223 1.39816 0.722812 1.30568 0.209419 1.40889 0.218906 1.41725 0.25615 1.39261 0.292246 1.40835 0.26711 1.41618 0.554832 1.48842 0.444765 1.48887 0.469399 1.45167 0.402447 1.46636 0.395478 1.51501 0.537382 1.34725 0.508299 1.3571 0.51464 1.38917 0.500146 1.39476 0.51464 1.38917 0.479212 1.3887 0.487354 1.45412 0.485632 1.41782 0.469399 1.45167 0.39932 1.43184 0.402447 1.46636 0.540407 1.41927 0.52279 1.42069 0.593724 1.41202 0.770104 1.38834 0.812688 1.43683 0.0873104 1.72401 0.122891 1.73857 0.122891 1.73857 0.103026 1.85547 0.893709 1.61045 0.886917 1.7501 0.358477 1.83553 0.578483 1.89847 0.562082 1.75598 0.73842 1.90449 0.417961 1.37184 0.454251 1.41862 0.533274 1.21639 0.541269 1.26082 0.541269 1.26082 0.533274 1.21639 0.879573 1.25524 0.93986 1.15397 0.878653 1.14243 1.01196 1.15366 0.93986 1.15397 0.942512 1.26961 0.114004 1.27843 0.120294 1.14377 0.0817884 1.1519 0.0817884 1.1519 0.0119599 1.15366 0.150577 1.54916 0.103662 1.49898 0.123982 1.40395 0.103662 1.49898 0.150577 1.54916 0.858793 1.55539 0.90339 1.50835 0.850702 1.38467 0.90339 1.50835 0.858793 1.55539 0.36678 1.47842 0.299641 1.52249 0.362329 1.54447 0.36678 1.47842 0.395478 1.51501 0.402447 1.46636 0.691964 1.53037 0.622535 1.48079 0.605601 1.53693 0.541269 1.26082 0.532317 1.31164 0.556205 1.29985 0.556643 1.32866 0.556205 1.29985 0.532317 1.31164 0.673782 1.3381 0.722812 1.30568 0.714286 1.23243 0.722812 1.30568 0.372442 1.22502 0.321596 1.23107 0.329197 1.32022 0.321596 1.23107 0.257284 1.21999 0.263966 1.29614 0.263966 1.29614 0.25615 1.39261 0.299641 1.52249 0.331117 1.59126 0.691964 1.53037 0.671651 1.74552 0.540932 1.19068 0.502327 1.1848 0.533274 1.21639 0.541271 1.17467 0.502327 1.1848 0.540932 1.19068 0.471418 1.30999 0.484898 1.26333 0.464926 1.25902 0.464926 1.25902 0.484898 1.26333 0.475263 1.21639 0.471418 1.30999 0.464926 1.25902 0.450112 1.29353 0.44676 1.32935 0.477014 1.33201 0.477203 1.33121 0.478665 1.53143 0.493017 1.55014 0.495279 1.51719 0.503472 1.51736 0.166604 1.30364 0.175554 1.12517 0.114004 1.27843 0.175554 1.12517 0.114004 1.27843 0.83226 1.12684 0.879573 1.25524 0.878653 1.14243 0.879573 1.25524 0.475263 1.21639 0.44781 1.24247 0.464926 1.25902 0.475263 1.21639 0.502327 1.1848 0.461968 1.19456 0.776592 1.65377 0.242188 1.58304 0.212172 1.6528 0.257284 1.21999 0.321596 1.23107 0.338988 1.17903 0.31455 1.1225 0.217658 1.20555 0.257284 1.21999 0.537732 1.6463 0.357597 1.01803 0.235791 1.09531 0.31455 1.1225 0.733202 1.06999 0.630643 1.12115 0.755542 1.20968 0.531949 1.53795 0.534392 1.53392 0.589434 1.53842 0.58679 1.54232 0.589809 1.54337 0.454756 1.55472 0.452347 1.55848 0.468399 1.54525 0.103026 1.85547 0.503472 1.51736 0.500495 1.45188 0.554832 1.48842 0.534738 1.45293 0.524007 1.51428 0.733223 1.39816 0.750759 1.40184 0.760976 1.3971 0.796067 1.49027 0.782215 1.42903 0.798445 1.48795 0.803075 1.55306 0.802489 1.5493 0.796482 1.56726 0.797639 1.54644 0.802283 1.48027 0.774731 1.57956 0.540407 1.41927 0.534738 1.45293 0.469399 1.45167 0.487354 1.45412 0.500495 1.45188 0.52279 1.42069 0.501783 1.41931 0.501783 1.41931 0.485632 1.41782 0.500495 1.45188 0.789406 1.5635 1.00775 1.36499 1.00792 1.27581 0.911573 1.36804 1.00831 1.58213 0.946223 1.59013 0.78391 1.54098 0.797639 1.54644 0.797639 1.54644 0.762321 1.58963 0.733223 1.39816 0.746816 1.41144 0.750759 1.40184 0.802283 1.48027 0.775149 1.42987 0.788367 1.48157 0.802283 1.48027 0.797639 1.54644 0.768542 1.56431 0.762321 1.58963 0.768542 1.56431 0.788367 1.48157 0.768542 1.56431 0.788367 1.48157 0.768817 1.44127 0.775149 1.42987 0.750759 1.40184 0.768817 1.44127 0.788367 1.48157 0.802283 1.48027 0.802283 1.48027 0.782215 1.42903 0.775149 1.42987 0.768542 1.56431 0.788367 1.48157 0.768542 1.56431 0.762321 1.58963 0.768542 1.56431 0.622535 1.48079 0.56225 1.51414 0.586325 1.52016 0.586325 1.52016 0.605601 1.53693 0.586325 1.52016 0.587771 1.53575 0.605601 1.53693 0.432458 1.51605 0.444765 1.48887 0.454205 1.53151 0.46919 1.5316 0.478665 1.53143 0.468399 1.54525 0.478665 1.53143 0.468816 1.5401 0.406234 1.53665 0.533123 1.53086 0.549193 1.53002 0.533123 1.53086 0.545388 1.55285 0.545782 1.54906 0.531949 1.53795 0.408187 1.53995 0.531949 1.53795 0.534787 1.5355 0.589434 1.53842 0.605601 1.53693 0.410548 1.54677 0.420395 1.55381 0.587771 1.53575 0.589434 1.53842 0.605601 1.53693 0.424891 1.52818 0.469694 1.53428 0.478665 1.53143 0.478665 1.53143 0.468816 1.5401 0.531949 1.53795 0.545782 1.54906 0.58679 1.54232 0.578279 1.55278 0.629362 1.58071 0.606733 1.56668 0.400236 1.54348 0.454756 1.55472 0.468399 1.54525 0.468816 1.5401 0.48952 1.56378 0.58019 1.55998 0.543137 1.55783 0.452347 1.55848 0.409882 1.58743 0.578279 1.55278 0.545388 1.55285 0.545388 1.55285 0.543137 1.55783 0.58019 1.55998 0.454756 1.55472 0.420395 1.55381 0.454756 1.55472 0.452347 1.55848 0.216433 1.4401 0.25615 1.39261 0.226177 1.41948 0.25615 1.39261 0.218906 1.41725 0.218906 1.41725 0.226177 1.41948 0.202411 1.55125 0.210397 1.57983 0.197476 1.47901 0.232307 1.57947 0.219264 1.57612 0.210397 1.57983 0.219264 1.57612 0.216143 1.55224 0.219264 1.57612 0.210397 1.57983 0.216433 1.4401 0.25615 1.39261 0.226177 1.41948 0.226177 1.41948 0.216433 1.4401 0.211591 1.47972 0.242188 1.58304 0.238379 1.56452 0.235547 1.48751 0.211591 1.47972 0.235547 1.48751 0.238379 1.56452 0.211591 1.47972 0.235547 1.48751 0.216433 1.4401 0.211591 1.47972 0.216433 1.4401 0.211591 1.47972 0.226177 1.41948 0.238379 1.56452 0.235547 1.48751 0.219264 1.57612 0.238379 1.56452 0.235547 1.48751 0.216433 1.4401 0.238379 1.56452 0.242188 1.58304 0.210397 1.57983 0.210397 1.57983 0.242188 1.58304 0.242188 1.58304 0.210397 1.57983 0.212172 1.6528 0.170736 1.63685 0.803075 1.55306 0.803075 1.55306 0.793871 1.5897 0.25615 1.39261 0.263966 1.29614 0.229977 1.32771 0.209419 1.40889 0.229977 1.32771 0.166604 1.30364 0.00442382 1.99066 0.869521 1.83836 1.00442 1.98883 0.469455 1.72023 0.455429 1.77025 0.416206 1.7498 0.358477 1.83553 0.409882 1.58743 0.469455 1.72023 0.424315 1.70645 0.362329 1.54447 0.299641 1.52249 0.331117 1.59126 0.469455 1.72023 0.368881 1.58746 0.424315 1.70645 0.531938 1.62226 0.537732 1.6463 0.531938 1.62226 0.592688 1.61751 0.537732 1.6463 0.592688 1.61751 0.531938 1.62226 0.592688 1.61751 0.629362 1.58071 0.166604 1.30364 0.123982 1.40395 0.17633 1.46301 0.103662 1.49898 0.0677112 1.37297 0.0656488 1.45926 0.123982 1.40395 0.0677112 1.37297 0.103662 1.49898 0.00792468 1.27581 0.00775224 1.36499 0.0677112 1.37297 0.00831425 1.58213 0.0656488 1.45926 0.00806642 1.46005 1.00831 1.58213 1.00807 1.46005 0.939512 1.46092 0.90339 1.50835 0.893709 1.61045 0.946223 1.59013 0.503472 1.51736 0.495279 1.51719 0.478665 1.53143 0.479212 1.3887 0.466472 1.39915 0.501303 1.34261 0.464904 1.34465 0.494395 1.35653 0.494395 1.35653 0.51464 1.38917 0.508299 1.3571 0.180433 1.50478 0.358477 1.83553 0.416206 1.7498 0.424315 1.70645 0.368881 1.58746 0.629362 1.58071 0.592688 1.61751 0.583821 1.70708 0.629362 1.58071 0.583821 1.70708 0.671651 1.74552 0.469455 1.72023 0.622799 1.75894 0.583821 1.70708 0.469455 1.72023 0.423291 1.89448 0.358477 1.83553 0.423291 1.89448 0.416206 1.7498 0.424315 1.70645 0.629362 1.58071 0.671651 1.74552 0.655415 1.58897 0.629362 1.58071 0.655415 1.58897 0.368881 1.58746 0.331117 1.59126 0.416206 1.7498 0.424315 1.70645 0.469455 1.72023 0.424315 1.70645 0.671651 1.74552 0.622799 1.75894 0.622799 1.75894 0.578483 1.89847 0.25615 1.39261 0.229977 1.32771 0.209419 1.40889 0.209419 1.40889 0.17633 1.46301 0.218906 1.41725 0.879573 1.25524 0.850702 1.38467 0.753115 1.33271 0.770104 1.38834 0.17633 1.46301 0.123982 1.40395 0.150577 1.54916 0.218906 1.41725 0.17633 1.46301 0.815871 1.55987 0.806676 1.48356 0.803075 1.55306 0.150577 1.54916 0.210397 1.57983 0.803075 1.55306 0.793871 1.5897 0.793871 1.5897 0.815291 1.65251 0.858793 1.55539 0.166604 1.30364 0.114004 1.27843 0.123982 1.40395 0.180433 1.50478 0.17633 1.46301 0.150577 1.54916 0.733223 1.39816 0.760976 1.3971 0.770104 1.38834 0.796067 1.49027 0.788661 1.43514 0.782215 1.42903 0.788661 1.43514 0.770104 1.38834 0.760976 1.3971 0.796067 1.49027 0.806676 1.48356 0.788661 1.43514 0.812688 1.43683 0.770104 1.38834 0.788661 1.43514 0.788661 1.43514 0.806676 1.48356 0.812688 1.43683 0.858793 1.55539 0.812688 1.43683 0.806676 1.48356 0.858793 1.55539 0.806676 1.48356 0.815291 1.65251 0.858793 1.55539 0.793871 1.5897 0.858793 1.55539 0.73842 1.90449 0.578483 1.89847 1.00442 1.98883 1.00442 1.98883 0.73842 1.90449 0.578483 1.89847 0.00442382 1.99066 0.292246 1.40835 0.263966 1.29614 0.263966 1.29614 0.329197 1.32022 0.321596 1.23107 0.733223 1.39816 0.691964 1.53037 0.662801 1.41878 0.622535 1.48079 0.543137 1.55783 0.452347 1.55848 0.474478 1.55227 0.468399 1.54525 0.478665 1.53143 0.468399 1.54525 0.474478 1.55227 0.299641 1.52249 0.292246 1.40835 0.235547 1.48751 0.540407 1.41927 0.534738 1.45293 0.540407 1.41927 0.454251 1.41862 0.466472 1.39915 0.469399 1.45167 0.454251 1.41862 0.395478 1.51501 0.586325 1.52016 0.554832 1.48842 0.444765 1.48887 0.395478 1.51501 0.395478 1.51501 0.444765 1.48887 0.402447 1.46636 0.554832 1.48842 0.554832 1.48842 0.524007 1.51428 0.58019 1.55998 0.605601 1.53693 0.58019 1.55998 0.578279 1.55278 0.545388 1.55285 0.545782 1.54906 0.58019 1.55998 0.578279 1.55278 0.545388 1.55285 0.531684 1.5464 0.543137 1.55783 0.545388 1.55285 0.400236 1.54348 0.400236 1.54348 0.408187 1.53995 0.408187 1.53995 0.400236 1.54348 0.420395 1.55381 0.408187 1.53995 0.420395 1.55381 0.42176 1.5519 0.408187 1.53995 0.454756 1.55472 0.454641 1.55206 0.42176 1.5519 0.454756 1.55472 0.42176 1.5519 0.420395 1.55381 0.454641 1.55206 0.468816 1.5401 0.468207 1.53603 0.454756 1.55472 0.468816 1.5401 0.454641 1.55206 0.468816 1.5401 0.468207 1.53603 0.531684 1.5464 0.545388 1.55285 0.531949 1.53795 0.531684 1.5464 0.531949 1.53795 0.983205 1.00118 0.938522 1.00117 0.937895 1.00385 0.893546 1.0022 0.896816 1.00728 0.937895 1.00385 0.971234 1.05844 0.93874 1.06117 0.939204 1.05595 0.937895 1.00385 0.980174 1.0071 0.983205 1.00118 0.90361 1.06209 0.907174 1.05844 0.880915 1.04678 0.907174 1.05844 0.883008 1.04291 0.971234 1.05844 0.973708 1.06205 0.980174 1.0071 0.999122 1.01064 0.983205 1.00118 0.937895 1.00385 0.938522 1.00117 0.893546 1.0022 0.939204 1.05595 0.907174 1.05844 0.919729 1.06043 0.920678 1.03308 0.903633 1.03437 0.903633 1.03437 0.902531 1.06098 0.919729 1.06043 0.938524 1.06029 0.955703 1.03297 0.937946 1.03293 0.97235 1.03344 0.956425 1.0603 0.973928 1.06092 0.886545 1.05555 0.903633 1.03437 0.890544 1.03435 0.98962 1.05556 0.990982 1.03396 0.97235 1.03344 0.97235 1.03344 0.973928 1.06092 0.98962 1.05556 0.897463 1.0099 0.90263 1.02587 0.918238 1.029 0.918238 1.029 0.917322 1.00918 0.897463 1.0099 0.979479 1.0098 0.95661 1.02895 0.973925 1.02604 0.937788 1.02896 0.957542 1.0092 0.93734 1.0086 0.897463 1.0099 0.88819 1.03406 0.90263 1.02587 0.979479 1.0098 0.973925 1.02604 0.985902 1.01921 0.90263 1.02587 0.904326 1.02683 0.919473 1.02995 0.919473 1.02995 0.918238 1.029 0.90263 1.02587 0.937788 1.02896 0.937787 1.02992 0.955401 1.02991 0.955401 1.02991 0.95661 1.02895 0.937788 1.02896 0.88819 1.03406 0.885925 1.03666 0.904326 1.02683 0.904326 1.02683 0.90263 1.02587 0.88819 1.03406 0.973925 1.02604 0.972226 1.027 0.990141 1.03281 0.990141 1.03281 0.985902 1.01921 0.973925 1.02604 0.904326 1.02683 0.915141 1.01422 0.919473 1.02995 0.937737 1.00543 0.919473 1.02995 0.915141 1.01422 0.937787 1.02992 0.937737 1.00543 0.955401 1.02991 0.961436 1.01411 0.955401 1.02991 0.937737 1.00543 0.885925 1.03666 0.894296 1.01139 0.904326 1.02683 0.915141 1.01422 0.904326 1.02683 0.894296 1.01139 0.972226 1.027 0.961436 1.01411 0.98199 1.01161 0.98199 1.01161 0.990141 1.03281 0.972226 1.027 0.0191398 1.00107 0.0160688 1.01347 0.0307675 1.00094 0.0307482 1.00536 0.0307675 1.00094 0.0160688 1.01347 0.0307675 1.00094 0.0307482 1.00536 0.0459979 1.01367 0.0459979 1.01367 0.0429629 1.00098 0.0307675 1.00094 0.000514537 1.00112 0.00638703 1.02377 0.0160688 1.01347 0.0160688 1.01347 0.0191398 1.00107 0.000514537 1.00112 0.0429629 1.00098 0.0459979 1.01367 0.0613023 1.00101 0.055515 1.02382 0.0613023 1.00101 0.0459979 1.01367 0.0160688 1.01347 0.01741 1.0196 0.0307482 1.00536 0.0308348 1.0133 0.0307482 1.00536 0.01741 1.0196 0.0307482 1.00536 0.0308348 1.0133 0.0448066 1.01951 0.0448066 1.01951 0.0459979 1.01367 0.0307482 1.00536 0.01741 1.0196 0.0160688 1.01347 0.00638703 1.02377 0.0459979 1.01367 0.0448066 1.01951 0.055515 1.02382 0.01741 1.0196 0.0173996 1.02335 0.0308211 1.01792 0.0308211 1.01792 0.0308348 1.0133 0.01741 1.0196 0.0308348 1.0133 0.0308211 1.01792 0.0448066 1.01951 0.0447962 1.02326 0.0448066 1.01951 0.0308211 1.01792 0.00638703 1.02377 0.00637719 1.02947 0.0173996 1.02335 0.0173996 1.02335 0.01741 1.0196 0.00638703 1.02377 0.0448066 1.01951 0.0447962 1.02326 0.0555052 1.02966 0.0555052 1.02966 0.055515 1.02382 0.0448066 1.01951 0.0173996 1.02335 0.0173241 1.02892 0.0308211 1.01792 0.0307221 1.02912 0.0308211 1.01792 0.0173241 1.02892 0.0308211 1.01792 0.0307221 1.02912 0.0447207 1.02913 0.0447207 1.02913 0.0447962 1.02326 0.0308211 1.01792 0.0173241 1.02892 0.0173996 1.02335 0.00637719 1.02947 0.0447962 1.02326 0.0447207 1.02913 0.0555052 1.02966 0.0173241 1.02892 0.0173137 1.03786 0.0307067 1.03786 0.0307067 1.03786 0.0307221 1.02912 0.0173241 1.02892 0.0307221 1.02912 0.0307067 1.03786 0.0447207 1.02913 0.0447103 1.03777 0.0447207 1.02913 0.0307067 1.03786 0.00637719 1.02947 0.00753942 1.0353 0.0173241 1.02892 0.0173241 1.02892 0.00753942 1.0353 0.0447207 1.02913 0.0447103 1.03777 0.0543281 1.03624 0.0543281 1.03624 0.0555052 1.02966 0.0447207 1.02913 0.937977 1.03205 0.920678 1.03308 0.90366 1.03349 0.903633 1.03437 0.92149 1.03217 0.955703 1.03297 0.954863 1.03205 0.937977 1.03205 0.937977 1.03205 0.955703 1.03297 0.903633 1.03437 0.90366 1.03349 0.891824 1.03309 0.891824 1.03309 0.890544 1.03435 0.903633 1.03437 0.991004 1.03309 0.972378 1.03257 0.972378 1.03257 0.97235 1.03344 0.937977 1.03205 0.938659 1.0591 0.902942 1.0591 0.902942 1.0591 0.90366 1.03349 0.92149 1.03217 0.954863 1.03205 0.973265 1.0591 0.937977 1.03205 0.938659 1.0591 0.937977 1.03205 0.973265 1.0591 0.90366 1.03349 0.902942 1.0591 0.891824 1.03309 2.94745e-005 1.03389 0.000581712 1.06203 0.00753942 1.0353 0.061414 1.06203 0.0543281 1.03624 0.0482103 1.06213 0.973265 1.0591 0.972378 1.03257 0.991004 1.03309 0.0308345 1.06213 0.0307067 1.03786 0.0128476 1.06213 0.0128476 1.06213 0.0307067 1.03786 0.0482103 1.06213 0.0447103 1.03777 0.0307067 1.03786 0.0307067 1.03786 0.0308345 1.06213 0.0482103 1.06213 0.0128476 1.06213 0.00753942 1.0353 0.00753942 1.0353 0.000581712 1.06203 0.0128476 1.06213 0.0619678 1.03388 0.0543281 1.03624 0.0447103 1.03777 0.0482103 1.06213 0.0543281 1.03624 0.000581712 1.06203 2.94745e-005 1.03389 0.00329074 1.02951 2.94745e-005 1.03389 0.00637719 1.02947 0.00329074 1.02951 2.94745e-005 1.03389 0.00753942 1.0353 0.00637719 1.02947 0.885925 1.03666 0.880388 1.01853 0.894296 1.01139 0.876702 1.02579 0.880388 1.01853 0.885925 1.03666 0.0586082 1.0297 0.0619678 1.03388 0.0543281 1.03624 0.0619678 1.03388 0.0555052 1.02966 0.0619678 1.03388 0.0586082 1.0297 0.0555052 1.02966 0.991992 1.03558 0.990141 1.03281 0.99172 1.01497 0.99172 1.01497 0.990141 1.03281 0.98199 1.01161 0.994031 1.02901 0.999122 1.01064 0.993816 1.01383 0.880562 1.02768 0.88819 1.03406 0.882071 1.01436 0.991004 1.03309 0.993675 1.03319 0.993675 1.03319 0.994159 1.03417 0.993243 1.04927 0.996527 1.04732 0.996866 1.05132 0.996527 1.04732 0.973708 1.06205 0.890544 1.03435 0.891824 1.03309 0.889151 1.03269 0.889151 1.03269 0.879621 1.03811 0.890544 1.03435 0.883008 1.04291 0.890544 1.03435 0.879621 1.03811 0.886545 1.05555 0.890544 1.03435 0.883008 1.04291 0.877045 1.0119 0.882071 1.01436 0.897463 1.0099 0.896816 1.00728 0.877045 1.0119 0.897463 1.0099 0.979479 1.0098 0.993816 1.01383 0.999122 1.01064 0.980174 1.0071 0.979479 1.0098 0.999122 1.01064 0.877045 1.0119 0.896816 1.00728 0.893546 1.0022 0.917322 1.00918 0.93734 1.0086 0.937895 1.00385 0.917322 1.00918 0.896816 1.00728 0.897463 1.0099 0.957542 1.0092 0.937895 1.00385 0.93734 1.0086 0.957542 1.0092 0.979479 1.0098 0.980174 1.0071 0.897463 1.0099 0.882071 1.01436 0.88819 1.03406 0.993816 1.01383 0.979479 1.0098 0.985902 1.01921 0.902531 1.06098 0.886545 1.05555 0.90361 1.06209 0.90361 1.06209 0.886545 1.05555 0.883008 1.04291 0.98962 1.05556 0.973928 1.06092 0.973708 1.06205 0.996527 1.04732 0.993243 1.04927 0.973708 1.06205 0.973708 1.06205 0.971234 1.05844 0.903633 1.03437 0.886545 1.05555 0.902531 1.06098 0.90361 1.06209 0.919729 1.06043 0.919729 1.06043 0.902531 1.06098 0.90361 1.06209 0.956425 1.0603 0.938524 1.06029 0.973708 1.06205 0.956425 1.0603 0.92149 1.03217 0.903633 1.03437 0.920678 1.03308 0.902942 1.0591 0.92149 1.03217 0.937977 1.03205 0.92149 1.03217 0.920678 1.03308 0.937977 1.03205 0.938524 1.06029 0.920678 1.03308 0.920678 1.03308 0.919729 1.06043 0.938524 1.06029 0.919729 1.06043 0.938524 1.06029 0.97235 1.03344 0.972378 1.03257 0.954863 1.03205 0.972378 1.03257 0.973265 1.0591 0.954863 1.03205 0.954863 1.03205 0.955703 1.03297 0.97235 1.03344 0.938524 1.06029 0.956425 1.0603 0.955703 1.03297 0.956425 1.0603 0.97235 1.03344 0.955703 1.03297 0.956425 1.0603 0.973708 1.06205 0.973928 1.06092 0.937788 1.02896 0.95661 1.02895 0.957542 1.0092 0.980174 1.0071 0.937895 1.00385 0.957542 1.0092 0.95661 1.02895 0.979479 1.0098 0.957542 1.0092 0.972226 1.027 0.973925 1.02604 0.95661 1.02895 0.95661 1.02895 0.955401 1.02991 0.972226 1.027 0.955401 1.02991 0.961436 1.01411 0.972226 1.027 0.937788 1.02896 0.93734 1.0086 0.917322 1.00918 0.937895 1.00385 0.896816 1.00728 0.917322 1.00918 0.917322 1.00918 0.918238 1.029 0.937788 1.02896 0.937787 1.02992 0.937788 1.02896 0.918238 1.029 0.918238 1.029 0.919473 1.02995 0.937787 1.02992 0.937737 1.00543 0.937787 1.02992 0.919473 1.02995 0.576235 1.53734 0.587771 1.53575 0.413074 1.53557 0.556497 1.53728 0.533123 1.53086 0.556497 1.53728 0.533123 1.53086 0.556497 1.53728 0.545782 1.54906 0.413074 1.53557 0.408187 1.53995 0.556497 1.53728 0.576235 1.53734 0.58679 1.54232 0.589434 1.53842 0.576235 1.53734 0.589434 1.53842 0.587771 1.53575 0.413074 1.53557 0.451864 1.53907 0.468207 1.53603 0.576235 1.53734 0.58679 1.54232 0.413074 1.53557 0.413074 1.53557 0.556497 1.53728 0.576235 1.53734 0.576235 1.53734 0.576235 1.53734 0.556497 1.53728 0.556497 1.53728 0.545782 1.54906 0.413074 1.53557 0.408187 1.53995 0.42176 1.5519 0.454641 1.55206 0.413074 1.53557 0.413074 1.53557 0.42176 1.5519 0.454641 1.55206 0.454641 1.55206 0.468207 1.53603 0.531938 1.62226 0.409882 1.58743 0.452347 1.55848 0.409882 1.58743 0.452347 1.55848 0.474478 1.55227 0.535067 1.15242 0.636935 1.19615 0.59622 1.14011 0.714286 1.23243 0.630643 1.12115 0.636935 1.19615 0.636935 1.19615 0.630643 1.12115 0.59622 1.14011 0.498388 1.03838 0.545364 1.09957 0.59622 1.14011 0.59622 1.14011 0.545364 1.09957 0.535067 1.15242 0.545364 1.09957 0.464336 1.15225 0.535067 1.15242 0.459534 1.09853 0.464336 1.15225 0.545364 1.09957 0.396955 1.14333 0.459534 1.09853 0.498388 1.03838 0.396955 1.14333 0.464336 1.15225 0.459534 1.09853 0.396955 1.14333 0.338988 1.17903 0.464336 1.15225 0.31455 1.1225 0.338988 1.17903 0.396955 1.14333 0.31455 1.1225 0.257284 1.21999 0.338988 1.17903 0.217658 1.20555 0.166604 1.30364 0.257284 1.21999 0.175554 1.12517 0.166604 1.30364 0.217658 1.20555 0.0948229 1.04017 0.102741 1.03442 0.0948229 1.03184 0.102832 1.04287 0.110056 1.03679 0.102741 1.03442 0.0948229 1.04017 0.102741 1.03442 0.0948229 1.04786 0.0948229 1.04017 0.110234 1.04533 0.116212 1.03879 0.110056 1.03679 0.110234 1.04533 0.110056 1.03679 0.102887 1.05067 0.110234 1.04533 0.116212 1.04712 0.12074 1.04027 0.116212 1.03879 0.110234 1.04533 0.116212 1.04712 0.116212 1.03879 0.110056 1.05281 0.116212 1.04712 0.116212 1.04712 0.110234 1.04533 0.0869047 1.03442 0.0948229 1.04017 0.0868142 1.04287 0.0948229 1.04017 0.0869047 1.03442 0.0948229 1.04017 0.0795893 1.03679 0.0869047 1.03442 0.0867591 1.05067 0.0794116 1.04533 0.0795893 1.03679 0.0794116 1.04533 0.0734336 1.03879 0.0794116 1.04533 0.0795893 1.03679 0.0734336 1.04712 0.0795893 1.05281 0.0734336 1.04712 0.0794116 1.04533 0.0734336 1.03879 0.0734336 1.04712 0.0794116 1.04533 0.068906 1.04027 0.0734336 1.04712 0.0734336 1.03879 0.0899293 1.02511 0.0869047 1.03442 0.0818646 1.02763 0.0795893 1.03679 0.0869047 1.03442 0.0899293 1.02511 0.0818646 1.02763 0.0869047 1.03442 0.0854081 1.01889 0.0818646 1.02763 0.0899293 1.02511 0.0744279 1.02999 0.0734336 1.03879 0.0795893 1.03679 0.0818646 1.02763 0.0744279 1.02999 0.0795893 1.03679 0.0772343 1.02136 0.0744279 1.02999 0.0818646 1.02763 0.0854081 1.01889 0.0772343 1.02136 0.0818646 1.02763 0.0816036 1.01365 0.0772343 1.02136 0.0854081 1.01889 0.06854 1.03206 0.0734336 1.03879 0.0744279 1.02999 0.0734336 1.03879 0.0701745 1.02384 0.0744279 1.02999 0.0772343 1.02136 0.0701745 1.02384 0.0744279 1.02999 0.0736854 1.01622 0.0701745 1.02384 0.0772343 1.02136 0.0816036 1.01365 0.0736854 1.01622 0.0772343 1.02136 0.0788054 1.0098 0.0736854 1.01622 0.0816036 1.01365 0.0997166 1.02511 0.0899293 1.02511 0.0948229 1.01822 0.0854081 1.01889 0.0899293 1.02511 0.0997166 1.02511 0.0948229 1.01822 0.0899293 1.02511 0.104238 1.01889 0.0948229 1.01822 0.0997166 1.02511 0.0902821 1.01188 0.0816036 1.01365 0.0854081 1.01889 0.0948229 1.01822 0.0902821 1.01188 0.0854081 1.01889 0.0993638 1.01188 0.0902821 1.01188 0.0948229 1.01822 0.104238 1.01889 0.0993638 1.01188 0.0948229 1.01822 0.108042 1.01365 0.0993638 1.01188 0.104238 1.01889 0.102741 1.03442 0.0997166 1.02511 0.107781 1.02763 0.104238 1.01889 0.0997166 1.02511 0.102741 1.03442 0.107781 1.02763 0.0997166 1.02511 0.110056 1.03679 0.107781 1.02763 0.102741 1.03442 0.112411 1.02136 0.108042 1.01365 0.104238 1.01889 0.107781 1.02763 0.112411 1.02136 0.104238 1.01889 0.115218 1.02999 0.112411 1.02136 0.107781 1.02763 0.110056 1.03679 0.115218 1.02999 0.107781 1.02763 0.116212 1.03879 0.115218 1.02999 0.110056 1.03679 0.11596 1.01622 0.11084 1.0098 0.108042 1.01365 0.112411 1.02136 0.11596 1.01622 0.108042 1.01365 0.119471 1.02384 0.11596 1.01622 0.112411 1.02136 0.115218 1.02999 0.119471 1.02384 0.112411 1.02136 0.121106 1.03206 0.119471 1.02384 0.115218 1.02999 0.116212 1.03879 0.121106 1.03206 0.115218 1.02999 0.121106 1.03206 0.116212 1.03879 0.121106 1.04553 0.12413 1.03622 0.123799 1.04126 0.12529 1.03184 0.123799 1.04126 0.119471 1.04975 0.123799 1.04126 0.0655155 1.03622 0.06854 1.04553 0.065847 1.04126 0.0701745 1.04975 0.065847 1.04126 0.0643559 1.03184 0.065847 1.04126 0.115605 1.05272 0.119471 1.04975 0.116212 1.04712 0.110056 1.05281 0.115605 1.05272 0.116212 1.04712 0.115605 1.05272 0.116212 1.04712 0.0740407 1.05272 0.0701745 1.04975 0.0734336 1.04712 0.0740407 1.05272 0.0734336 1.04712 0.0795893 1.05281 0.0734336 1.04712 0.0740407 1.05272 0.068544 1.01853 0.0736854 1.01108 0.0701745 1.01394 0.065847 1.02243 0.068544 1.01853 0.0701745 1.01394 0.0657375 1.02717 0.068544 1.01853 0.065847 1.02243 0.0657375 1.02717 0.065847 1.02243 0.0657375 1.02717 0.0736854 1.01622 0.0788054 1.0098 0.0736854 1.01108 0.068544 1.01853 0.0736854 1.01622 0.0736854 1.01108 0.0701745 1.02384 0.0736854 1.01622 0.068544 1.01853 0.0657375 1.02717 0.0701745 1.02384 0.068544 1.01853 0.0701745 1.02384 0.0657375 1.02717 0.0657375 1.02717 0.123908 1.02717 0.123799 1.02243 0.123908 1.02717 0.121102 1.01853 0.123908 1.02717 0.123799 1.02243 0.119471 1.01394 0.121102 1.01853 0.123799 1.02243 0.11596 1.01108 0.121102 1.01853 0.119471 1.01394 0.121106 1.03206 0.123908 1.02717 0.121106 1.03206 0.119471 1.02384 0.121106 1.03206 0.123908 1.02717 0.121102 1.01853 0.119471 1.02384 0.123908 1.02717 0.11596 1.01622 0.119471 1.02384 0.121102 1.01853 0.11596 1.01108 0.11596 1.01622 0.121102 1.01853 0.11084 1.0098 0.11596 1.01622 0.11596 1.01108 0.0948229 1.04017 0.102741 1.03442 0.110056 1.03679 0.102741 1.03442 0.0948229 1.04017 0.102741 1.03442 0.0948229 1.04017 0.110234 1.04533 0.116212 1.03879 0.110056 1.03679 0.110234 1.04533 0.110056 1.03679 0.110234 1.04533 0.116212 1.04712 0.116212 1.03879 0.110234 1.04533 0.116212 1.04712 0.116212 1.03879 0.110056 1.05281 0.116212 1.04712 0.116212 1.04712 0.110234 1.04533 0.0869047 1.03442 0.0948229 1.04017 0.0948229 1.04017 0.0869047 1.03442 0.0948229 1.04017 0.0795893 1.03679 0.0869047 1.03442 0.0794116 1.04533 0.0795893 1.03679 0.0794116 1.04533 0.0734336 1.03879 0.0794116 1.04533 0.0795893 1.03679 0.0734336 1.04712 0.0795893 1.05281 0.0734336 1.04712 0.0794116 1.04533 0.0734336 1.03879 0.0734336 1.04712 0.0794116 1.04533 0.0734336 1.04712 0.0734336 1.03879 0.0899293 1.02511 0.0869047 1.03442 0.0818646 1.02763 0.0795893 1.03679 0.0869047 1.03442 0.0899293 1.02511 0.0818646 1.02763 0.0869047 1.03442 0.0854081 1.01889 0.0818646 1.02763 0.0899293 1.02511 0.0744279 1.02999 0.0734336 1.03879 0.0795893 1.03679 0.0818646 1.02763 0.0744279 1.02999 0.0795893 1.03679 0.0772343 1.02136 0.0744279 1.02999 0.0818646 1.02763 0.0854081 1.01889 0.0772343 1.02136 0.0818646 1.02763 0.0816036 1.01365 0.0772343 1.02136 0.0854081 1.01889 0.0734336 1.03879 0.0744279 1.02999 0.0734336 1.03879 0.0701745 1.02384 0.0744279 1.02999 0.0772343 1.02136 0.0701745 1.02384 0.0744279 1.02999 0.0736854 1.01622 0.0701745 1.02384 0.0772343 1.02136 0.0816036 1.01365 0.0736854 1.01622 0.0772343 1.02136 0.0788054 1.0098 0.0736854 1.01622 0.0816036 1.01365 0.0997166 1.02511 0.0899293 1.02511 0.0948229 1.01822 0.0854081 1.01889 0.0899293 1.02511 0.0997166 1.02511 0.0948229 1.01822 0.0899293 1.02511 0.104238 1.01889 0.0948229 1.01822 0.0997166 1.02511 0.0902821 1.01188 0.0816036 1.01365 0.0854081 1.01889 0.0948229 1.01822 0.0902821 1.01188 0.0854081 1.01889 0.0993638 1.01188 0.0902821 1.01188 0.0948229 1.01822 0.104238 1.01889 0.0993638 1.01188 0.0948229 1.01822 0.108042 1.01365 0.0993638 1.01188 0.104238 1.01889 0.102741 1.03442 0.0997166 1.02511 0.107781 1.02763 0.104238 1.01889 0.0997166 1.02511 0.102741 1.03442 0.107781 1.02763 0.0997166 1.02511 0.110056 1.03679 0.107781 1.02763 0.102741 1.03442 0.112411 1.02136 0.108042 1.01365 0.104238 1.01889 0.107781 1.02763 0.112411 1.02136 0.104238 1.01889 0.115218 1.02999 0.112411 1.02136 0.107781 1.02763 0.110056 1.03679 0.115218 1.02999 0.107781 1.02763 0.116212 1.03879 0.115218 1.02999 0.110056 1.03679 0.11596 1.01622 0.11084 1.0098 0.108042 1.01365 0.112411 1.02136 0.11596 1.01622 0.108042 1.01365 0.119471 1.02384 0.11596 1.01622 0.112411 1.02136 0.115218 1.02999 0.119471 1.02384 0.112411 1.02136 0.121106 1.03206 0.119471 1.02384 0.115218 1.02999 0.116212 1.03879 0.121106 1.03206 0.115218 1.02999 0.121106 1.03206 0.116212 1.03879 0.123799 1.04126 0.123799 1.04126 0.119471 1.04975 0.123799 1.04126 0.065847 1.04126 0.0701745 1.04975 0.065847 1.04126 0.065847 1.04126 0.115605 1.05272 0.119471 1.04975 0.116212 1.04712 0.110056 1.05281 0.115605 1.05272 0.116212 1.04712 0.115605 1.05272 0.116212 1.04712 0.0740407 1.05272 0.0701745 1.04975 0.0734336 1.04712 0.0740407 1.05272 0.0734336 1.04712 0.0795893 1.05281 0.0734336 1.04712 0.0740407 1.05272 0.068544 1.01853 0.0736854 1.01108 0.0701745 1.01394 0.065847 1.02243 0.068544 1.01853 0.0701745 1.01394 0.0657375 1.02717 0.068544 1.01853 0.065847 1.02243 0.0657375 1.02717 0.065847 1.02243 0.0657375 1.02717 0.0736854 1.01622 0.0788054 1.0098 0.0736854 1.01108 0.068544 1.01853 0.0736854 1.01622 0.0736854 1.01108 0.0701745 1.02384 0.0736854 1.01622 0.068544 1.01853 0.0657375 1.02717 0.0701745 1.02384 0.068544 1.01853 0.0701745 1.02384 0.0657375 1.02717 0.0657375 1.02717 0.123908 1.02717 0.123799 1.02243 0.123908 1.02717 0.121102 1.01853 0.123908 1.02717 0.123799 1.02243 0.119471 1.01394 0.121102 1.01853 0.123799 1.02243 0.11596 1.01108 0.121102 1.01853 0.119471 1.01394 0.121106 1.03206 0.123908 1.02717 0.121106 1.03206 0.119471 1.02384 0.121106 1.03206 0.123908 1.02717 0.121102 1.01853 0.119471 1.02384 0.123908 1.02717 0.11596 1.01622 0.119471 1.02384 0.121102 1.01853 0.11596 1.01108 0.11596 1.01622 0.121102 1.01853 0.11084 1.0098 0.11596 1.01622 0.11596 1.01108 0.182462 1.84647 0.170736 1.63685 0.00806642 1.46005 0.0656488 1.45926 0.946223 1.59013 1.00831 1.58213 0.939512 1.46092 0.911573 1.36804 0.850702 1.38467 0.90339 1.50835 0.0694676 1.59334 0.0873104 1.72401 0.0873104 1.72401 0.122891 1.73857 0.0873104 1.72401 0.00711966 1.81276 0.0873104 1.72401 0.00711966 1.81276 1.00806 1.72229 1.00831 1.58213 1.00712 1.81276 1.00712 1.81276 0.886917 1.7501 1.01196 1.15366 0.942512 1.26961 1.00792 1.27581 0.90361 1.06209 0.883008 1.04291 0.907174 1.05844 0.883008 1.04291 0.8774 1.04305 0.880915 1.04678 0.883008 1.04291 0.879621 1.03811 0.877045 1.0119 0.880562 1.02768 0.882071 1.01436 0.996527 1.04732 0.994159 1.03417 0.985902 1.01921 0.994031 1.02901 0.993816 1.01383 0.993243 1.04927 0.98962 1.05556 0.973708 1.06205 0.98962 1.05556 0.993243 1.04927 0.529653 1.33254 0.556643 1.32866 0.499221 1.3276 0.529653 1.33254 0.44676 1.32935 0.477203 1.33121 0.471418 1.30999 0.471418 1.30999 0.477203 1.33121 0.498898 1.29037 0.755542 1.20968 0.733202 1.06999 0.755542 1.20968 0.0873104 1.72401 0.00831425 1.58213 0.655415 1.58897 0.691964 1.53037 0.762321 1.58963 0.331117 1.59126 0.762321 1.58963 0.776592 1.65377 0.776592 1.65377 0.793871 1.5897 0.762321 1.58963 0.212172 1.6528 0.212172 1.6528 0.170736 1.63685 0.182462 1.84647 0.182462 1.84647 0.939512 1.46092 0.90339 1.50835 0.946223 1.59013 0.893709 1.61045 0.90339 1.50835 0.911573 1.36804 0.90339 1.50835 0.939512 1.46092 0.939512 1.46092 0.911573 1.36804 1.00807 1.46005 0.939512 1.46092 0.0656488 1.45926 0.0677112 1.37297 0.0656488 1.45926 0.00831425 1.58213 0.0656488 1.45926 0.150577 1.54916 0.103662 1.49898 0.0656488 1.45926 0.586461 1.3267 0.60743 1.26396 0.575942 1.29832 0.593724 1.41202 0.622535 1.48079 0.60743 1.26396 0.582718 1.20242 0.638765 1.3137 0.633602 1.22346 0.60743 1.26396 0.582718 1.20242 0.633602 1.22346 0.535067 1.15242 0.60743 1.26396 0.633602 1.22346 0.582718 1.20242 0.435593 1.33278 0.435593 1.33278 0.417961 1.37184 0.42004 1.25539 0.44781 1.24247 0.42004 1.25539 0.372442 1.22502 0.42004 1.25539 0.372442 1.22502 0.464336 1.15225 0.537382 1.34725 0.549612 1.33311 0.549612 1.33311 0.479212 1.3887 0.464904 1.34465 0.435593 1.33278 0.417961 1.37184 0.368881 1.58746 0.409882 1.58743 0.368881 1.58746 0.606733 1.56668 0.58019 1.55998 0.606733 1.56668 0.58019 1.55998 0.465732 1.17491 0.502327 1.1848 0.541271 1.17467 0.465732 1.17491 0.461968 1.19456 0.502327 1.1848 0.465732 1.17491 0.541271 1.17467 0.535067 1.15242 0.535067 1.15242 0.541271 1.17467 0.582718 1.20242 0.517306 1.55244 0.517306 1.55244 0.524007 1.51428 0.534738 1.45293 0.524007 1.51428 0.48952 1.56378 0.474478 1.55227 0.478665 1.53143 0.474478 1.55227 0.48952 1.56378 0.493017 1.55014 0.495279 1.51719 0.48952 1.56378 0.478665 1.53143 0.495279 1.51719 0.495279 1.51719 0.469399 1.45167 0.479212 1.3887 0.51464 1.38917 0.494395 1.35653 0.494395 1.35653 0.464904 1.34465 0.479212 1.3887 0.494395 1.35653 0.508299 1.3571 0.501303 1.34261 0.537382 1.34725 0.501303 1.34261 0.508299 1.3571 0.499221 1.3276 0.499196 1.3271 0.499221 1.3276 0.499196 1.3271 0.477203 1.33121 0.417961 1.37184 0.39932 1.43184 0.36678 1.47842 0.586461 1.3267 0.638765 1.3137 0.638765 1.3137 0.662801 1.41878 0.575942 1.29832 0.60743 1.26396 0.541269 1.26082 0.575942 1.29832 0.42004 1.25539 0.44781 1.24247 0.475263 1.21639 0.461968 1.19456 0.44781 1.24247 0.500146 1.39476 0.466472 1.39915 0.466472 1.39915 0.500146 1.39476 0.479212 1.3887 0.782215 1.42903 0.760976 1.3971 0.750759 1.40184 0.782215 1.42903 0.788661 1.43514 0.760976 1.3971 0.775149 1.42987 0.768817 1.44127 0.788367 1.48157 0.775149 1.42987 0.782215 1.42903 0.750759 1.40184 0.768817 1.44127 0.746816 1.41144 0.768817 1.44127 0.750759 1.40184 0.746816 1.41144 0.803075 1.55306 0.806676 1.48356 0.796067 1.49027 0.803075 1.55306 0.796067 1.49027 0.803075 1.55306 0.782215 1.42903 0.802283 1.48027 0.797639 1.54644 0.797639 1.54644 0.469455 1.72023 0.583821 1.70708 0.578483 1.89847 0.622799 1.75894 0.360395 1.30637 0.36678 1.47842 0.638765 1.3137 0.662801 1.41878 0.673782 1.3381 0.691964 1.53037 0.662801 1.41878 0.534738 1.45293 0.593724 1.41202 0.593724 1.41202 0.402447 1.46636 0.39932 1.43184 0.36678 1.47842 0.417961 1.37184 0.39932 1.43184 0.360395 1.30637 0.329197 1.32022 0.292246 1.40835 0.329197 1.32022 0.638765 1.3137 0.673782 1.3381 0.722812 1.30568 0.673782 1.3381 0.501783 1.41931 0.52279 1.42069 0.500495 1.45188 0.52279 1.42069 0.485632 1.41782 0.487354 1.45412 0.500495 1.45188 0.500495 1.45188</float_array>
                    <technique_common>
                        <accessor source="#Bystander_B-texcoords-array" count="2369" stride="2">
                            <param name="S" type="float" />
                            <param name="T" type="float" />
                        </accessor>
                    </technique_common>
                </source>
                <vertices id="Bystander_B-geometry-vertices">
                    <input semantic="POSITION" source="#Bystander_B-positions" />
                </vertices>
                <triangles material="face" count="1034">
                    <input semantic="VERTEX" source="#Bystander_B-geometry-vertices" offset="0" />
                    <input semantic="NORMAL" source="#Bystander_B-normals" offset="1" />
                    <input semantic="TEXCOORD" source="#Bystander_B-texcoords" offset="2" />
                    <p>0 0 0 1 1 1 2 2 2 0 0 3 2 2 4 3 3 5 4 4 6 5 5 7 6 6 8 7 7 9 8 8 10 9 9 11 10 10 12 11 11 13 12 12 14 13 13 15 14 14 16 15 15 17 16 16 18 17 17 19 18 18 20 19 19 21 20 20 22 21 21 23 22 22 24 23 23 25 24 24 26 6 6 8 25 25 27 4 4 28 26 26 29 27 27 30 28 28 31 29 29 32 25 25 33 6 6 8 27 27 34 26 26 35 30 30 36 31 31 37 32 32 38 33 33 39 34 34 40 35 35 41 36 36 42 37 37 43 38 38 44 21 21 23 39 39 45 40 40 46 41 41 47 42 42 48 43 43 49 44 44 50 45 45 51 46 46 52 47 47 53 9 9 54 8 8 55 48 48 56 1 1 57 49 49 58 2 2 59 50 50 60 3 3 61 51 51 62 52 52 63 53 53 64 11 11 65 54 54 66 2 2 67 49 49 68 55 55 69 56 56 70 49 49 71 57 57 72 58 58 73 59 59 74 60 60 75 61 61 76 62 62 77 63 63 78 64 64 79 16 16 80 48 48 56 65 65 81 45 45 82 28 28 31 66 66 83 67 67 84 68 68 85 69 69 86 70 70 87 71 71 88 9 9 89 72 72 90 73 73 91 74 74 92 75 75 93 76 76 94 77 77 95 78 78 96 79 79 97 80 80 98 81 81 99 82 82 100 66 66 101 83 83 102 43 43 103 84 84 104 85 85 105 86 86 106 87 87 107 88 88 108 89 89 109 90 90 110 91 91 111 16 16 112 18 18 20 27 27 34 92 92 113 93 93 114 94 94 115 95 95 116 96 96 117 97 97 118 62 62 119 24 24 26 60 60 75 98 98 120 39 39 45 99 99 121 100 100 122 101 101 123 102 102 124 2 2 125 103 103 126 104 104 127 14 14 128 70 70 129 105 105 130 106 106 131 107 107 132 108 108 133 109 109 134 17 17 19 110 110 135 64 64 79 63 63 136 111 111 137 76 76 138 112 112 139 113 113 140 77 77 95 114 114 141 115 115 142 116 116 143 117 117 144 118 118 145 119 119 146 117 117 147 116 116 148 120 120 149 88 88 108 57 57 150 121 121 151 122 122 152 123 123 153 124 124 154 125 125 155 126 126 156 59 59 157 58 58 73 127 127 158 128 128 159 129 129 160 130 130 161 131 131 162 71 71 88 132 132 163 111 111 137 133 133 164 64 64 79 67 67 165 108 108 133 107 107 132 134 134 166 135 135 167 136 136 168 74 74 169 73 73 170 137 137 171 138 138 172 139 139 173 78 78 96 140 140 174 141 141 175 109 109 134 18 18 20 142 142 176 143 143 177 144 144 178 145 145 179 146 146 180 143 143 181 147 147 182 148 148 183 149 149 184 150 150 185 151 151 186 47 47 187 152 152 188 45 45 189 153 153 190 9 9 191 48 48 56 88 88 108 120 120 192 154 154 193 155 155 194 84 84 195 156 156 196 157 157 197 158 158 198 99 99 199 159 159 200 160 160 201 161 161 202 162 162 203 163 163 204 77 77 95 164 164 205 115 115 206 114 114 141 68 68 85 70 70 207 14 14 208 122 122 209 165 165 210 13 13 211 53 53 64 52 52 63 166 166 212 11 11 213 10 10 12 121 121 214 96 96 215 167 167 216 168 168 217 36 36 218 130 130 219 61 61 76 2 2 220 51 51 221 3 3 222 66 66 223 27 27 30 83 83 102 116 116 224 169 169 225 119 119 226 170 170 227 171 171 228 172 172 229 23 23 230 173 173 231 24 24 26 155 155 232 85 85 105 84 84 233 39 39 45 98 98 234 40 40 46 166 166 235 174 174 236 175 175 237 109 109 134 110 110 135 167 167 216 17 17 19 16 16 238 64 64 79 101 101 239 176 176 240 177 177 241 178 178 242 179 179 243 180 180 244 141 141 175 140 140 174 95 95 245 167 167 216 140 140 174 109 109 134 181 181 246 182 182 247 144 144 178 53 53 64 183 183 248 145 145 179 157 157 197 60 60 75 24 24 26 34 34 40 138 138 249 184 184 250 118 118 251 42 42 48 116 116 252 169 169 253 116 116 254 42 42 48 185 185 255 134 134 166 80 80 256 80 80 257 186 186 258 185 185 259 187 187 260 92 92 261 188 188 262 189 189 263 167 167 216 190 190 264 59 59 265 120 120 266 57 57 267 127 127 268 161 161 269 191 191 270 192 192 271 193 193 272 194 194 273 75 75 274 31 31 275 33 33 39 72 72 276 132 132 277 71 71 88 102 102 278 123 123 279 100 100 280 13 13 281 15 15 282 195 195 283 126 126 284 196 196 285 40 40 46 137 137 286 73 73 287 197 197 288 138 138 289 198 198 290 199 199 291 41 41 292 200 200 293 39 39 45 201 201 294 202 202 295 81 81 99 203 203 296 204 204 297 205 205 298 206 206 299 162 162 203 77 77 95 207 207 300 6 6 8 5 5 301 208 208 302 6 6 8 207 207 303 65 65 304 209 209 305 45 45 306 210 210 307 152 152 308 47 47 309 170 170 310 169 169 311 211 211 312 44 44 313 212 212 314 22 22 315 213 213 316 214 214 317 215 215 318 216 216 319 110 110 135 64 64 79 149 149 184 106 106 320 174 174 236 141 141 175 217 217 321 142 142 322 17 17 19 142 142 323 18 18 20 146 146 324 148 148 183 147 147 325 82 82 326 83 83 102 148 148 183 218 218 327 154 154 328 120 120 329 120 120 330 59 59 331 191 191 332 199 199 291 60 60 75 157 157 197 161 161 333 158 158 334 159 159 335 219 219 336 220 220 337 221 221 338 111 111 137 63 63 339 219 219 340 222 222 341 223 223 342 224 224 343 67 67 344 107 107 132 225 225 345 226 226 346 176 176 347 150 150 348 227 227 349 228 228 350 229 229 351 229 229 352 230 230 353 8 8 354 66 66 355 82 82 356 108 108 133 17 17 19 64 64 79 110 110 135 63 63 357 16 16 358 30 30 36 75 75 359 194 194 360 193 193 361 126 126 362 40 40 46 124 124 363 43 43 364 85 85 105 23 23 365 23 23 366 22 22 367 212 212 368 118 118 369 218 218 370 84 84 371 154 154 372 86 86 373 88 88 108 165 165 374 231 231 375 232 232 376 231 231 375 165 165 377 233 233 378 24 24 26 62 62 379 22 22 380 198 198 381 34 34 40 36 36 382 124 124 383 58 58 73 194 194 384 191 191 385 59 59 386 127 127 387 72 72 388 105 105 389 132 132 390 234 234 391 51 51 392 2 2 393 173 173 394 23 23 395 159 159 396 173 173 397 159 159 398 158 158 399 42 42 48 118 118 400 84 84 401 84 84 402 43 43 403 42 42 48 56 56 404 55 55 405 235 235 406 9 9 407 153 153 408 51 51 409 46 46 410 25 25 411 47 47 412 156 156 413 236 236 414 237 237 415 160 160 416 191 191 417 161 161 418 131 131 419 238 238 420 62 62 421 211 211 312 171 171 422 170 170 423 13 13 424 165 165 425 232 232 426 68 68 85 87 87 427 69 69 428 239 239 429 20 20 22 240 240 430 89 89 109 97 97 431 90 90 432 241 241 433 94 94 115 37 37 43 188 188 262 242 242 434 187 187 260 80 80 435 79 79 436 12 12 437 81 81 99 80 80 438 134 134 166 64 64 79 133 133 439 216 216 440 216 216 441 133 133 442 215 215 443 106 106 444 149 149 184 107 107 132 243 243 445 150 150 446 149 149 184 39 39 45 199 199 291 157 157 197 157 157 197 99 99 447 39 39 45 185 185 448 240 240 430 244 244 449 167 167 216 189 189 450 168 168 451 245 245 452 217 217 453 246 246 454 247 247 455 248 248 456 249 249 457 94 94 115 164 164 458 37 37 43 134 134 166 250 250 459 81 81 99 135 135 167 244 244 460 136 136 168 38 38 44 19 19 21 21 21 23 180 180 461 179 179 462 112 112 139 147 147 463 143 143 464 245 245 452 8 8 465 7 7 466 229 229 467 128 128 159 229 229 468 7 7 469 177 177 470 251 251 471 252 252 472 52 52 63 121 121 473 253 253 474 184 184 475 35 35 41 34 34 40 31 31 476 75 75 477 254 254 478 81 81 99 202 202 295 79 79 479 158 158 480 255 255 481 99 99 482 98 98 483 99 99 484 256 256 485 74 74 486 126 126 487 125 125 155 75 75 488 193 193 489 254 254 490 139 139 173 200 200 491 41 41 492 198 198 493 61 61 76 60 60 75 230 230 494 65 65 495 48 48 56 225 225 345 222 222 496 67 67 497 108 108 133 67 67 498 66 66 499 220 220 337 219 219 500 63 63 501 148 148 183 146 146 502 145 145 179 246 246 454 217 217 503 257 257 504 142 142 505 109 109 134 141 141 175 192 192 506 194 194 507 58 58 73 169 169 508 44 44 509 211 211 312 42 42 48 44 44 510 169 169 511 152 152 512 210 210 513 258 258 514 29 29 515 210 210 516 47 47 517 207 207 518 259 259 519 208 208 520 208 208 521 29 29 522 6 6 8 151 151 523 260 260 524 225 225 345 5 5 525 260 260 526 151 151 527 209 209 528 261 261 529 45 45 530 261 261 531 209 209 532 111 111 137 12 12 533 11 11 534 80 80 535 12 12 536 79 79 537 254 254 538 189 189 539 36 36 540 188 188 262 188 188 262 35 35 41 242 242 541 44 44 542 43 43 543 212 212 544 23 23 545 212 212 546 43 43 547 129 129 548 128 128 159 7 7 549 9 9 550 71 71 88 7 7 551 13 13 552 195 195 553 122 122 554 195 195 555 100 100 556 123 123 557 253 253 474 123 123 558 252 252 559 11 11 560 53 53 64 186 186 561 189 189 562 190 190 264 128 128 159 167 167 216 96 96 563 140 140 174 170 170 564 119 119 565 169 169 566 172 172 567 119 119 568 170 170 569 218 218 570 118 118 571 86 86 572 86 86 573 118 118 574 117 117 575 218 218 576 86 86 577 154 154 578 120 120 579 236 236 580 156 156 581 178 178 582 180 180 583 73 73 584 112 112 139 78 78 96 197 197 585 101 101 586 235 235 587 207 207 588 235 235 589 259 259 519 207 207 590 262 262 591 152 152 592 258 258 593 262 262 591 48 48 56 152 152 594 117 117 595 87 87 596 86 86 597 117 117 598 119 119 599 69 69 600 216 216 601 167 167 216 110 110 135 166 166 602 175 175 603 53 53 64 100 100 604 195 195 605 15 15 606 49 49 607 56 56 608 100 100 609 21 21 23 20 20 22 239 239 429 91 91 610 21 21 23 89 89 109 1 1 611 55 55 612 49 49 613 50 50 614 51 51 615 153 153 616 77 77 95 263 263 617 264 264 618 265 265 619 248 248 620 266 266 621 267 267 622 268 268 623 269 269 624 28 28 31 27 27 30 66 66 625 197 197 626 78 78 96 137 137 627 184 184 628 138 138 629 163 163 630 229 229 631 270 270 632 271 271 633 272 272 634 273 273 635 274 274 636 275 275 637 276 276 638 277 277 639 278 278 640 274 274 636 279 279 641 277 277 639 280 280 642 213 213 316 200 200 643 139 139 173 138 138 644 75 75 645 74 74 646 125 125 155 137 137 647 41 41 648 196 196 649 196 196 650 126 126 651 137 137 652 281 281 653 280 280 642 277 277 639 282 282 654 25 25 655 46 46 656 223 223 657 221 221 658 220 220 337 283 283 659 281 281 653 278 278 660 278 278 661 281 281 653 277 277 639 280 280 642 214 214 662 213 213 316 229 229 663 228 228 664 270 270 665 279 279 666 284 284 667 285 285 668 279 279 669 283 283 659 278 278 670 286 286 671 214 214 672 280 280 642 286 286 673 283 283 659 285 285 674 286 286 675 227 227 349 190 190 264 227 227 349 285 285 676 287 287 677 284 284 678 270 270 679 287 287 680 285 285 681 283 283 659 279 279 682 279 279 683 273 273 684 284 284 685 286 286 686 285 285 687 227 227 349 280 280 642 281 281 653 283 283 659 280 280 642 283 283 659 286 286 688 190 190 264 227 227 349 128 128 159 214 214 689 286 286 690 190 190 264 188 188 262 36 36 691 35 35 41 288 288 692 205 205 693 35 35 41 205 205 694 242 242 695 35 35 41 205 205 696 204 204 697 242 242 698 289 289 699 32 32 38 31 31 700 290 290 701 32 32 38 289 289 699 32 32 38 291 291 702 178 178 703 269 269 704 178 178 705 292 292 706 201 201 294 81 81 99 293 293 707 206 206 708 294 294 709 162 162 203 206 206 710 77 77 95 264 264 618 295 295 711 296 296 712 263 263 713 297 297 714 293 293 707 81 81 99 263 263 715 298 298 716 264 264 618 265 265 717 266 266 621 242 242 718 299 299 719 136 136 168 300 300 720 204 204 721 265 265 722 242 242 723 301 301 724 202 202 295 201 201 294 291 291 702 302 302 725 178 178 726 178 178 727 302 302 725 292 292 728 263 263 729 296 296 730 298 298 716 266 266 621 248 248 731 247 247 732 92 92 733 187 187 260 93 93 734 250 250 735 134 134 166 136 136 168 267 267 736 269 269 737 292 292 738 19 19 21 38 38 44 179 179 739 303 303 740 164 164 741 94 94 115 268 268 742 136 136 168 244 244 743 247 247 744 249 249 457 295 295 745 295 295 746 164 164 747 303 303 748 136 136 168 267 267 749 300 300 750 267 267 751 136 136 168 268 268 752 304 304 753 253 253 474 252 252 754 305 305 755 252 252 756 251 251 757 251 251 758 226 226 346 305 305 759 306 306 760 243 243 445 307 307 761 243 243 445 306 306 760 308 308 762 309 309 763 310 310 764 307 307 765 310 310 766 311 311 767 306 306 760 310 310 768 306 306 760 307 307 769 304 304 770 252 252 771 305 305 772 305 305 773 308 308 762 304 304 774 312 312 775 308 308 762 306 306 760 166 166 776 313 313 777 309 309 763 311 311 767 314 314 778 312 312 779 314 314 780 313 313 781 52 52 63 312 312 782 314 314 783 304 304 784 308 308 762 312 312 785 304 304 786 311 311 767 312 312 787 306 306 760 226 226 346 308 308 762 305 305 788 311 311 767 313 313 789 314 314 790 310 310 791 309 309 763 311 311 767 311 311 767 309 309 763 313 313 792 314 314 793 253 253 474 304 304 794 313 313 795 166 166 796 52 52 63 174 174 236 307 307 797 149 149 184 309 309 763 307 307 798 166 166 799 166 166 800 307 307 801 174 174 236 175 175 802 174 174 236 106 106 803 277 277 639 213 213 316 275 275 804 275 275 805 213 213 316 215 215 806 252 252 807 123 123 808 102 102 809 177 177 810 102 102 811 101 101 812 83 83 102 143 143 813 148 148 183 30 30 36 16 16 814 27 27 34 143 143 815 27 27 34 18 18 20 21 21 23 315 315 816 89 89 109 316 316 817 181 181 818 146 146 819 240 240 430 20 20 22 244 244 820 315 315 821 240 240 430 317 317 822 80 80 823 11 11 824 186 186 825 315 315 826 239 239 429 240 240 430 240 240 430 185 185 827 317 317 828 241 241 829 21 21 23 91 91 830 241 241 831 90 90 832 94 94 115 91 91 833 90 90 834 241 241 835 94 94 115 90 90 836 92 92 837 101 101 838 5 5 839 176 176 840 260 260 841 4 4 842 318 318 843 5 5 844 4 4 845 260 260 846 25 25 847 282 282 848 4 4 849 223 223 850 318 318 851 319 319 852 223 223 853 319 319 854 320 320 855 261 261 856 219 219 857 221 221 858 112 112 139 197 197 859 73 73 860 33 33 39 32 32 38 178 178 861 256 256 862 58 58 73 124 124 863 161 161 864 127 127 865 321 321 866 321 321 867 99 99 868 255 255 869 226 226 346 243 243 445 308 308 762 243 243 445 226 226 346 150 150 870 144 144 178 146 146 871 181 181 872 182 182 247 317 317 873 185 185 874 92 92 875 90 90 876 97 97 877 92 92 878 97 97 879 96 96 880 89 89 109 315 315 881 246 246 454 89 89 109 246 246 454 257 257 504 257 257 504 95 95 882 97 97 883 21 21 23 239 239 429 315 315 884 316 316 817 147 147 885 245 245 452 316 316 817 146 146 886 147 147 887 181 181 888 316 316 817 317 317 889 92 92 890 96 96 891 168 168 892 92 92 893 168 168 894 188 188 262 185 185 895 186 186 896 182 182 247 53 53 64 144 144 178 182 182 247 182 182 247 181 181 897 317 317 898 315 315 899 317 317 900 316 316 817 140 140 174 96 96 901 95 95 902 141 141 175 95 95 903 217 217 904 252 252 905 102 102 906 177 177 907 177 177 908 176 176 909 251 251 910 152 152 911 48 48 56 45 45 912 48 48 56 8 8 913 230 230 914 176 176 915 5 5 916 151 151 917 251 251 918 176 176 919 226 226 346 322 322 920 323 323 921 275 275 922 149 149 184 151 151 923 107 107 132 243 243 445 149 149 184 307 307 924 275 275 925 215 215 926 322 322 920 215 215 927 133 133 928 209 209 929 101 101 930 207 207 931 5 5 932 150 150 933 176 176 934 151 151 935 229 229 936 271 271 937 230 230 938 272 272 939 324 324 940 273 273 941 324 324 942 230 230 943 271 271 944 272 272 945 323 323 946 324 324 947 65 65 948 230 230 949 324 324 950 324 324 951 323 323 952 65 65 953 209 209 954 65 65 955 323 323 956 209 209 957 323 323 958 322 322 920 133 133 959 111 111 137 209 209 960 322 322 920 215 215 961 209 209 962 109 109 134 142 142 963 17 17 19 217 217 964 245 245 452 143 143 965 143 143 966 142 142 967 217 217 968 27 27 30 143 143 969 83 83 102 253 253 474 121 121 970 123 123 971 123 123 972 122 122 973 195 195 974 227 227 349 229 229 975 128 128 159 189 189 976 130 130 977 36 36 978 164 164 979 114 114 141 37 37 43 77 77 95 113 113 140 114 114 141 268 268 980 325 325 981 269 269 982 178 178 983 269 269 984 325 325 985 11 11 986 121 121 987 52 52 63 314 314 988 52 52 63 253 253 474 200 200 989 138 138 990 199 199 291 200 200 991 199 199 291 39 39 45 194 194 992 125 125 155 124 124 993 75 75 994 125 125 155 194 194 995 290 290 701 289 289 699 301 301 724 301 301 724 289 289 699 202 202 295 202 202 295 289 289 699 79 79 996 203 203 296 288 288 692 294 294 709 203 203 296 205 205 997 288 288 692 184 184 998 288 288 692 35 35 41 289 289 699 31 31 999 79 79 1000 79 79 1001 31 31 1002 254 254 1003 162 162 203 288 288 692 184 184 1004 162 162 203 184 184 1005 163 163 1006 291 291 702 32 32 38 290 290 701 294 294 709 288 288 692 162 162 203 303 303 1007 187 187 260 266 266 621 242 242 1008 266 266 621 187 187 260 303 303 1009 266 266 621 247 247 1010 295 295 1011 249 249 457 296 296 1012 303 303 1013 247 247 1014 295 295 1015 115 115 1016 164 164 1017 295 295 1018 299 299 719 250 250 1019 136 136 168 250 250 1020 297 297 1021 81 81 99 297 297 1022 250 250 1023 299 299 719 299 299 719 300 300 1024 297 297 1025 300 300 1026 326 326 1027 297 297 1028 267 267 1029 327 327 1030 326 326 1031 267 267 1032 326 326 1033 300 300 1034 327 327 1035 292 292 1036 328 328 1037 267 267 1038 292 292 1039 327 327 1040 292 292 1041 302 302 725 328 328 1042 115 115 1043 295 295 1044 263 263 1045 77 77 95 115 115 1046 263 263 1047 329 329 1048 237 237 1049 330 330 1050 236 236 1051 331 331 1052 330 330 1053 159 159 1054 332 332 1055 160 160 1056 330 330 1057 333 333 1058 329 329 1059 334 334 1060 191 191 1061 332 332 1055 120 120 1062 191 191 1063 335 335 1064 332 332 1055 159 159 1065 336 336 1066 333 333 1067 23 23 1068 329 329 1069 330 330 1070 237 237 1071 236 236 1072 160 160 1073 332 332 1055 191 191 1074 337 337 1075 338 338 1076 339 339 1077 339 339 1078 340 340 1079 337 337 1080 341 341 1081 342 342 1082 343 343 1083 344 344 1084 345 345 1085 346 346 1086 347 347 1087 339 339 1088 348 348 1089 349 349 1090 350 350 1091 344 344 1092 344 344 1093 346 346 1094 349 349 1095 351 351 1096 352 352 1097 353 353 1098 353 353 1099 354 354 1100 351 351 1101 355 355 1102 356 356 1103 357 357 1104 358 358 1105 359 359 1106 360 360 1107 351 351 1108 361 361 1109 352 352 1110 355 355 1111 357 357 1112 362 362 1113 352 352 1114 363 363 1115 364 364 1116 364 364 1117 353 353 1118 352 352 1119 358 358 1120 365 365 1121 366 366 1122 366 366 1123 356 356 1124 358 358 1125 361 361 1126 367 367 1127 363 363 1128 363 363 1129 352 352 1130 361 361 1131 357 357 1132 368 368 1133 369 369 1134 369 369 1135 362 362 1136 357 357 1137 363 363 1138 370 370 1139 364 364 1140 371 371 1141 364 364 1142 370 370 1143 365 365 1144 371 371 1145 366 366 1146 372 372 1147 366 366 1148 371 371 1149 367 367 1150 373 373 1151 363 363 1152 370 370 1153 363 363 1154 373 373 1155 368 368 1156 372 372 1157 374 374 1158 374 374 1159 369 369 1160 368 368 1161 370 370 1162 375 375 1163 371 371 1164 376 376 1165 371 371 1166 375 375 1167 371 371 1168 376 376 1169 377 377 1170 377 377 1171 372 372 1172 371 371 1173 373 373 1174 378 378 1175 375 375 1176 375 375 1177 370 370 1178 373 373 1179 372 372 1180 377 377 1181 374 374 1182 379 379 1183 374 374 1184 377 377 1185 375 375 1186 380 380 1187 376 376 1188 381 381 1189 376 376 1190 380 380 1191 376 376 1192 381 381 1193 382 382 1194 382 382 1195 377 377 1196 376 376 1197 380 380 1198 375 375 1199 378 378 1200 377 377 1201 382 382 1202 379 379 1203 380 380 1204 383 383 1205 384 384 1206 384 384 1207 381 381 1208 380 380 1209 381 381 1210 384 384 1211 382 382 1212 385 385 1213 382 382 1214 384 384 1215 378 378 1216 386 386 1217 383 383 1218 383 383 1219 380 380 1220 378 378 1221 382 382 1222 385 385 1223 387 387 1224 387 387 1225 379 379 1226 382 382 1227 383 383 1228 388 388 1229 384 384 1230 389 389 1231 384 384 1232 388 388 1233 384 384 1234 389 389 1235 390 390 1236 390 390 1237 385 385 1238 384 384 1239 388 388 1240 383 383 1241 386 386 1242 385 385 1243 390 390 1244 387 387 1245 388 388 1246 391 391 1247 392 392 1248 392 392 1249 389 389 1250 388 388 1251 389 389 1252 392 392 1253 390 390 1254 393 393 1255 390 390 1256 392 392 1257 386 386 1258 394 394 1259 388 388 1260 391 391 1247 388 388 1261 394 394 1262 390 390 1263 393 393 1264 395 395 1265 395 395 1266 387 387 1267 390 390 1268 343 343 1083 396 396 1269 338 338 1270 397 397 1271 339 339 1272 398 398 1273 342 342 1274 399 399 1275 396 396 1276 396 396 1277 343 343 1083 342 342 1278 339 339 1279 397 397 1280 400 400 1281 400 400 1282 348 348 1283 339 339 1284 350 350 1091 401 401 1285 402 402 1286 402 402 1287 344 344 1288 350 350 1091 396 396 1289 403 403 1290 404 404 1291 404 404 1292 397 397 1293 398 398 1294 399 399 1295 405 405 1296 396 396 1297 403 403 1298 396 396 1299 405 405 1300 397 397 1301 404 404 1302 400 400 1303 406 406 1304 400 400 1305 394 394 1306 401 401 1307 395 395 1308 405 405 1309 405 405 1310 402 402 1311 401 401 1312 403 403 1313 392 392 1314 404 404 1315 391 391 1247 404 404 1316 392 392 1317 405 405 1318 393 393 1319 392 392 1320 392 392 1321 403 403 1322 405 405 1323 404 404 1324 391 391 1247 394 394 1325 394 394 1326 400 400 1327 404 404 1328 407 407 1329 395 395 1330 401 401 1307 393 393 1331 405 405 1332 395 395 1333 400 400 1334 406 406 1335 367 367 1336 406 406 1337 386 386 1338 367 367 1339 406 406 1340 394 394 1341 386 386 1342 367 367 1343 378 378 1344 373 373 1345 386 386 1346 378 378 1347 367 367 1348 401 401 1307 369 369 1349 407 407 1350 395 395 1351 407 407 1352 387 387 1353 407 407 1354 369 369 1355 387 387 1356 387 387 1357 369 369 1358 379 379 1359 379 379 1360 369 369 1361 374 374 1362 408 408 1363 23 23 1364 409 409 1365 410 410 1366 361 361 1367 411 411 1368 401 401 1369 350 350 1091 369 369 1370 369 369 1371 350 350 1091 362 362 1372 350 350 1091 412 412 1373 408 408 1374 23 23 1375 408 408 1376 336 336 1377 348 348 1378 400 400 1379 367 367 1380 367 367 1381 361 361 1382 348 348 1383 335 335 1384 348 348 1385 361 361 1386 347 347 1387 348 348 1388 335 335 1389 120 120 1390 411 411 1391 351 351 1392 331 331 1393 120 120 1394 351 351 1395 355 355 1396 409 409 1397 23 23 1398 333 333 1399 355 355 1400 23 23 1401 120 120 1402 331 331 1403 236 236 1404 354 354 1405 360 360 1406 330 330 1407 354 354 1408 331 331 1409 351 351 1410 359 359 1411 330 330 1412 360 360 1413 359 359 1414 355 355 1415 333 333 1416 351 351 1417 411 411 1418 361 361 1419 409 409 1420 355 355 1421 362 362 1422 340 340 1423 347 347 1424 334 334 1425 334 334 1426 347 347 1427 335 335 1428 349 349 1429 346 346 1430 336 336 1431 408 408 1432 412 412 1433 336 336 1434 23 23 1375 336 336 1435 159 159 1436 339 339 1437 347 347 1438 340 340 1439 334 334 1440 332 332 1055 337 337 1441 337 337 1442 340 340 1443 334 334 1444 345 345 1445 341 341 1446 332 332 1055 332 332 1055 336 336 1447 345 345 1448 398 398 1449 339 339 1450 338 338 1451 404 404 1452 398 398 1453 396 396 1454 398 398 1455 338 338 1456 396 396 1457 341 341 1458 343 343 1083 338 338 1459 338 338 1460 337 337 1461 341 341 1462 337 337 1463 332 332 1055 341 341 1464 344 344 1465 402 402 1466 399 399 1467 402 402 1468 405 405 1469 399 399 1470 399 399 1471 342 342 1472 344 344 1473 341 341 1474 345 345 1475 342 342 1476 345 345 1477 344 344 1478 342 342 1479 345 345 1480 336 336 1481 346 346 1482 358 358 1483 356 356 1484 359 359 1485 333 333 1486 330 330 1487 359 359 1488 356 356 1489 355 355 1490 359 359 1491 368 368 1492 357 357 1493 356 356 1494 356 356 1495 366 366 1496 368 368 1497 366 366 1498 372 372 1499 368 368 1500 358 358 1501 360 360 1502 354 354 1503 330 330 1504 331 331 1505 354 354 1506 354 354 1507 353 353 1508 358 358 1509 365 365 1510 358 358 1511 353 353 1512 353 353 1513 364 364 1514 365 365 1515 371 371 1516 365 365 1517 364 364 1518 413 413 1519 204 204 1520 203 203 296 414 414 1521 201 201 294 293 293 707 415 415 1522 294 294 709 206 206 1523 415 415 1524 206 206 1525 264 264 618 415 415 1526 298 298 716 296 296 1527 414 414 1528 293 293 707 297 297 1529 415 415 1530 264 264 618 298 298 716 413 413 1531 248 248 1532 265 265 1533 413 413 1534 265 265 1535 204 204 1536 414 414 1537 301 301 724 201 201 294 416 416 1538 302 302 725 291 291 702 416 416 1538 328 328 1539 302 302 725 413 413 1540 249 249 457 248 248 1541 301 301 724 414 414 1542 290 290 701 416 416 1538 290 290 701 414 414 1543 294 294 709 415 415 1544 413 413 1545 413 413 1546 203 203 296 294 294 709 416 416 1538 291 291 702 290 290 701 249 249 457 413 413 1547 415 415 1548 415 415 1549 296 296 1550 249 249 457 414 414 1551 297 297 1552 326 326 1553 327 327 1554 416 416 1538 414 414 1555 414 414 1556 326 326 1557 327 327 1558 416 416 1538 327 327 1559 328 328 1560 241 241 1561 37 37 43 21 21 23 37 37 43 114 114 141 113 113 140 244 244 1562 19 19 21 268 268 1563 19 19 21 244 244 1564 20 20 22 268 268 1565 19 19 21 325 325 1566 105 105 1567 72 72 1568 234 234 1569 9 9 1570 51 51 1571 72 72 1572 72 72 1573 51 51 1574 234 234 1575 2 2 1576 104 104 1577 234 234 1578 234 234 1579 104 104 1580 105 105 1581 104 104 1582 14 14 1583 105 105 1584 103 103 1585 14 14 1586 104 104 1587 54 54 1588 103 103 1589 2 2 1590 54 54 1591 14 14 1592 103 103 1593 54 54 1594 15 15 1595 14 14 1596 49 49 1597 15 15 1598 54 54 1599 49 49 1600 100 100 1601 15 15 1602 56 56 1603 101 101 1604 100 100 1605 235 235 1606 101 101 1607 56 56 1608 417 417 1609 418 418 1610 419 419 1611 420 420 1612 421 421 1613 418 418 1614 417 417 1615 420 420 1612 418 418 1616 422 422 1617 420 420 1612 417 417 1618 423 423 1619 424 424 1620 421 421 1621 420 420 1612 423 423 1622 421 421 1623 425 425 1624 423 423 1625 420 420 1612 422 422 1617 425 425 1624 420 420 1612 426 426 1626 427 427 1627 424 424 1628 423 423 1629 426 426 1630 424 424 1631 428 428 1632 426 426 1633 425 425 1624 425 425 1624 426 426 1634 423 423 1635 429 429 1636 417 417 1637 419 419 1611 430 430 1638 422 422 1617 417 417 1639 429 429 1640 430 430 1638 417 417 1641 431 431 1642 430 430 1638 429 429 1643 432 432 1644 425 425 1624 422 422 1617 430 430 1638 432 432 1644 422 422 1617 433 433 1645 432 432 1644 430 430 1638 431 431 1646 433 433 1647 430 430 1638 434 434 1648 433 433 1649 431 431 1650 435 435 1651 436 436 1652 432 432 1644 435 435 1653 432 432 1644 433 433 1654 434 434 1655 435 435 1656 433 433 1657 437 437 1658 435 435 1659 434 434 1660 438 438 1661 429 429 1662 419 419 1611 439 439 1663 431 431 1664 429 429 1665 438 438 1666 439 439 1667 429 429 1668 440 440 1669 439 439 1670 438 438 1671 441 441 1672 434 434 1673 431 431 1674 439 439 1675 441 441 1676 431 431 1677 442 442 1678 441 441 1679 439 439 1680 440 440 1681 442 442 1682 439 439 1683 443 443 1684 442 442 1685 440 440 1686 444 444 1687 437 437 1658 434 434 1688 441 441 1689 444 444 1687 434 434 1690 445 445 1691 444 444 1687 441 441 1692 442 442 1693 445 445 1694 441 441 1695 446 446 1696 445 445 1697 442 442 1698 443 443 1699 446 446 1700 442 442 1701 447 447 1702 446 446 1703 443 443 1704 448 448 1705 438 438 1706 419 419 1611 449 449 1707 440 440 1708 438 438 1709 448 448 1710 449 449 1711 438 438 1712 450 450 1713 449 449 1714 448 448 1715 451 451 1716 443 443 1717 440 440 1718 449 449 1719 451 451 1720 440 440 1721 452 452 1722 451 451 1723 449 449 1724 450 450 1725 452 452 1726 449 449 1727 453 453 1728 452 452 1729 450 450 1730 418 418 1731 448 448 1732 419 419 1611 454 454 1733 450 450 1734 448 448 1735 418 418 1736 454 454 1737 448 448 1738 421 421 1739 454 454 1740 418 418 1741 455 455 1742 453 453 1743 450 450 1744 454 454 1745 455 455 1746 450 450 1747 456 456 1748 455 455 1749 454 454 1750 421 421 1751 456 456 1752 454 454 1753 424 424 1754 456 456 1755 421 421 1756 457 457 1757 458 458 1758 453 453 1759 455 455 1760 457 457 1761 453 453 1762 459 459 1763 457 457 1764 455 455 1765 456 456 1766 459 459 1767 455 455 1768 460 460 1769 459 459 1770 456 456 1771 424 424 1772 460 460 1773 456 456 1774 427 427 1627 460 460 1775 424 424 1776 461 461 1777 462 462 1778 427 427 1627 463 463 1779 464 464 1780 462 462 1778 461 461 1777 463 463 1781 462 462 1778 465 465 1782 463 463 1783 461 461 1777 466 466 1784 467 467 1785 437 437 1658 468 468 1786 469 469 1787 467 467 1785 466 466 1784 468 468 1788 467 467 1785 470 470 1789 468 468 1790 466 466 1784 461 461 1777 471 471 1791 465 465 1792 426 426 1793 428 428 1794 471 471 1795 461 461 1777 426 426 1796 471 471 1797 427 427 1627 426 426 1798 461 461 1777 472 472 1799 467 467 1785 469 469 1800 435 435 1801 437 437 1658 467 467 1785 472 472 1802 435 435 1803 467 467 1785 436 436 1804 435 435 1805 472 472 1806 473 473 1807 474 474 1808 475 475 1809 476 476 1810 473 473 1811 475 475 1812 477 477 1813 473 473 1814 476 476 1815 470 470 1789 477 477 1816 476 476 1817 466 466 1784 477 477 1818 470 470 1789 446 446 1819 447 447 1820 474 474 1821 473 473 1822 446 446 1823 474 474 1824 445 445 1825 446 446 1826 473 473 1827 477 477 1828 445 445 1829 473 473 1830 444 444 1687 445 445 1831 477 477 1832 466 466 1784 444 444 1687 477 477 1833 437 437 1658 444 444 1687 466 466 1784 478 478 1834 462 462 1778 464 464 1780 479 479 1835 478 478 1836 464 464 1780 480 480 1837 478 478 1838 479 479 1839 481 481 1840 480 480 1841 479 479 1842 482 482 1843 480 480 1844 481 481 1845 460 460 1846 427 427 1627 462 462 1778 478 478 1847 460 460 1848 462 462 1778 459 459 1849 460 460 1850 478 478 1851 480 480 1852 459 459 1853 478 478 1854 457 457 1855 459 459 1856 480 480 1857 482 482 1858 457 457 1859 480 480 1860 458 458 1861 457 457 1862 482 482 1863 483 483 1864 484 484 1865 485 485 1611 486 486 1612 487 487 1866 484 484 1867 483 483 1868 486 486 1612 484 484 1869 488 488 1617 486 486 1612 483 483 1870 489 489 1871 490 490 1872 487 487 1873 486 486 1612 489 489 1874 487 487 1875 491 491 1624 489 489 1876 486 486 1612 488 488 1617 491 491 1624 486 486 1612 492 492 1877 493 493 1627 490 490 1878 489 489 1879 492 492 1880 490 490 1881 494 494 1882 492 492 1883 491 491 1624 491 491 1624 492 492 1884 489 489 1885 495 495 1886 483 483 1887 485 485 1611 496 496 1638 488 488 1617 483 483 1888 495 495 1889 496 496 1638 483 483 1890 497 497 1891 496 496 1638 495 495 1892 498 498 1644 491 491 1624 488 488 1617 496 496 1638 498 498 1644 488 488 1617 499 499 1893 498 498 1644 496 496 1638 497 497 1894 499 499 1895 496 496 1638 500 500 1896 499 499 1897 497 497 1898 501 501 1899 502 502 1900 498 498 1644 501 501 1901 498 498 1644 499 499 1902 500 500 1903 501 501 1904 499 499 1905 503 503 1658 501 501 1906 500 500 1907 504 504 1908 495 495 1909 485 485 1611 505 505 1910 497 497 1911 495 495 1912 504 504 1913 505 505 1914 495 495 1915 506 506 1916 505 505 1917 504 504 1918 507 507 1919 500 500 1920 497 497 1921 505 505 1922 507 507 1923 497 497 1924 508 508 1925 507 507 1926 505 505 1927 506 506 1928 508 508 1929 505 505 1930 509 509 1931 508 508 1932 506 506 1933 510 510 1687 503 503 1658 500 500 1934 507 507 1935 510 510 1687 500 500 1936 511 511 1937 510 510 1687 507 507 1938 508 508 1939 511 511 1940 507 507 1941 512 512 1942 511 511 1943 508 508 1944 509 509 1945 512 512 1946 508 508 1947 513 513 1948 512 512 1949 509 509 1950 514 514 1951 504 504 1952 485 485 1611 515 515 1953 506 506 1954 504 504 1955 514 514 1956 515 515 1957 504 504 1958 516 516 1959 515 515 1960 514 514 1961 517 517 1962 509 509 1963 506 506 1964 515 515 1965 517 517 1966 506 506 1967 518 518 1968 517 517 1969 515 515 1970 516 516 1971 518 518 1972 515 515 1973 519 519 1974 518 518 1975 516 516 1976 484 484 1977 514 514 1978 485 485 1611 520 520 1979 516 516 1980 514 514 1981 484 484 1982 520 520 1983 514 514 1984 487 487 1985 520 520 1986 484 484 1987 521 521 1988 519 519 1989 516 516 1990 520 520 1991 521 521 1992 516 516 1993 522 522 1994 521 521 1995 520 520 1996 487 487 1997 522 522 1998 520 520 1999 490 490 2000 522 522 2001 487 487 2002 523 523 2003 524 524 2004 519 519 2005 521 521 2006 523 523 2007 519 519 2008 525 525 2009 523 523 2010 521 521 2011 522 522 2012 525 525 2013 521 521 2014 526 526 2015 525 525 2016 522 522 2017 490 490 2018 526 526 2019 522 522 2020 493 493 1627 526 526 2021 490 490 2022 527 527 1777 528 528 1778 493 493 1627 529 529 2023 530 530 1780 528 528 1778 527 527 1777 529 529 2024 528 528 1778 531 531 2025 529 529 2026 527 527 1777 532 532 1784 533 533 1785 503 503 1658 534 534 2027 535 535 2028 533 533 1785 532 532 1784 534 534 2029 533 533 1785 536 536 1789 534 534 2030 532 532 1784 527 527 1777 537 537 2031 531 531 2032 492 492 2033 494 494 2034 537 537 2035 527 527 1777 492 492 2036 537 537 2037 493 493 1627 492 492 2038 527 527 1777 538 538 2039 533 533 1785 535 535 2040 501 501 2041 503 503 1658 533 533 1785 538 538 2042 501 501 2043 533 533 1785 502 502 2044 501 501 2045 538 538 2046 539 539 2047 540 540 2048 541 541 2049 542 542 2050 539 539 2051 541 541 2052 543 543 2053 539 539 2054 542 542 2055 536 536 1789 543 543 2056 542 542 2057 532 532 1784 543 543 2058 536 536 1789 512 512 2059 513 513 2060 540 540 2061 539 539 2062 512 512 2063 540 540 2064 511 511 2065 512 512 2066 539 539 2067 543 543 2068 511 511 2069 539 539 2070 510 510 1687 511 511 2071 543 543 2072 532 532 1784 510 510 1687 543 543 2073 503 503 1658 510 510 1687 532 532 1784 544 544 2074 528 528 1778 530 530 1780 545 545 2075 544 544 2076 530 530 1780 546 546 2077 544 544 2078 545 545 2079 547 547 2080 546 546 2081 545 545 2082 548 548 2083 546 546 2084 547 547 2085 526 526 2086 493 493 1627 528 528 1778 544 544 2087 526 526 2088 528 528 1778 525 525 2089 526 526 2090 544 544 2091 546 546 2092 525 525 2093 544 544 2094 523 523 2095 525 525 2096 546 546 2097 548 548 2098 523 523 2099 546 546 2100 524 524 2101 523 523 2102 548 548 2103 183 183 248 108 108 133 82 82 2104 108 108 133 183 183 248 106 106 2105 319 319 2106 318 318 2107 282 282 848 221 221 2108 223 223 2109 320 320 2110 46 46 2111 45 45 2112 261 261 2113 549 549 2114 222 222 2115 225 225 345 222 222 2116 28 28 31 67 67 2117 28 28 31 222 222 2118 26 26 2119 222 222 2120 224 224 343 26 26 2121 224 224 2122 223 223 2123 220 220 337 26 26 2124 220 220 337 30 30 36 224 224 2122 220 220 337 26 26 2125 63 63 2126 30 30 36 220 220 337 29 29 2127 47 47 2128 25 25 2129 334 334 2130 335 335 2131 191 191 2132 335 335 2133 410 410 2134 120 120 2135 335 335 2136 361 361 2137 410 410 2134 120 120 2138 410 410 2139 411 411 2140 408 408 2141 362 362 2142 350 350 1091 362 362 2143 408 408 2144 409 409 2145 412 412 2146 349 349 2147 336 336 2148 350 350 1091 349 349 2149 412 412 2150 85 85 105 329 329 2151 23 23 2152 237 237 2153 329 329 2154 85 85 105 120 120 2155 156 156 2156 218 218 2157 218 218 2158 156 156 2159 84 84 2160 153 153 2161 262 262 591 50 50 2162 262 262 591 153 153 2163 48 48 56 222 222 2164 549 549 2114 223 223 2165 188 188 262 168 168 2166 189 189 2167 214 214 2168 190 190 264 167 167 216 182 182 247 186 186 2169 53 53 64 53 53 64 145 145 179 144 144 178 214 214 2170 167 167 216 216 216 2171 216 216 2172 215 215 2173 214 214 2174 175 175 2175 183 183 248 53 53 64 183 183 248 175 175 2176 106 106 2177 183 183 248 82 82 2178 145 145 179 145 145 179 82 82 2179 148 148 183 320 320 2180 261 261 2181 221 221 2182 111 111 137 219 219 2183 261 261 2184 46 46 2185 261 261 2186 320 320 2187 320 320 2188 282 282 654 46 46 2189 319 319 2190 282 282 654 320 320 2191 282 282 848 318 318 2192 4 4 2193 225 225 345 318 318 2194 549 549 2114 223 223 2195 549 549 2114 318 318 2196 225 225 345 107 107 132 151 151 2197 260 260 2198 318 318 2199 225 225 345 62 62 2200 238 238 2201 22 22 2202 198 198 2203 36 36 2204 61 61 76 238 238 2205 171 171 2206 211 211 312 131 131 2207 132 132 2208 238 238 2209 171 171 2210 132 132 2211 105 105 2212 238 238 2213 132 132 2214 171 171 2215 231 231 375 57 57 2216 88 88 108 57 57 2217 231 231 375 192 192 2218 232 232 2219 88 88 108 87 87 2220 232 232 2221 231 231 375 88 88 108 13 13 2222 232 232 2223 68 68 85 13 13 2224 68 68 85 14 14 2225 158 158 2226 157 157 197 173 173 2227 173 173 2228 157 157 197 24 24 26 58 58 73 256 256 2229 127 127 2230 57 57 2231 192 192 2232 58 58 73 185 185 2233 244 244 2234 135 135 167 134 134 166 185 185 2235 135 135 167 93 93 2236 303 303 2237 94 94 115 93 93 2238 187 187 260 303 303 2239 70 70 2240 119 119 2241 172 172 2242 70 70 2243 69 69 2244 119 119 2245 70 70 2246 172 172 2247 105 105 2248 105 105 2249 172 172 2250 171 171 2251 37 37 43 113 113 140 38 38 44 112 112 139 38 38 44 113 113 140 76 76 2252 78 78 96 112 112 139 77 77 95 76 76 2253 113 113 140 78 78 96 163 163 2254 138 138 2255 78 78 96 77 77 95 163 163 2256 19 19 21 179 179 2257 325 325 2258 178 178 2259 325 325 2260 179 179 2261 180 180 2262 112 112 139 73 73 2263 112 112 139 179 179 2264 38 38 44 178 178 2265 73 73 2266 33 33 39 33 33 39 73 73 2267 75 75 2268 256 256 2269 99 99 2270 321 321 2271 321 321 2272 127 127 2273 256 256 2274 321 321 2275 255 255 2276 161 161 2277 158 158 2278 161 161 2279 255 255 2280 237 237 2281 85 85 105 155 155 2282 237 237 2283 155 155 2284 156 156 2285 231 231 375 233 233 378 192 192 2286 193 193 2287 233 233 378 12 12 2288 62 62 2289 61 61 76 131 131 2290 131 131 2291 61 61 76 130 130 2292 22 22 2293 238 238 2294 211 211 312 211 211 312 44 44 2295 22 22 2296 232 232 2297 87 87 2298 68 68 85 117 117 2299 69 69 2300 87 87 2301 98 98 2302 124 124 2303 40 40 46 124 124 2304 98 98 2305 256 256 2306 273 273 2307 271 271 2308 270 270 2309 273 273 2310 324 324 2311 271 271 2312 284 284 2313 287 287 2314 285 285 2315 284 284 2316 273 273 2317 270 270 2318 227 227 349 287 287 2319 228 228 2320 287 287 2321 270 270 2322 228 228 2323 275 275 2324 323 323 2325 272 272 2326 275 275 2327 272 272 2328 274 274 636 275 275 2329 274 274 636 276 276 638 274 274 636 273 273 2330 279 279 2331 276 276 638 278 278 2332 277 277 639 276 276 638 274 274 636 278 278 2333 316 316 817 246 246 454 315 315 2334 246 246 454 316 316 817 245 245 452 89 89 109 257 257 504 97 97 2335 257 257 504 217 217 2336 95 95 2337 10 10 12 233 233 378 165 165 2338 233 233 378 10 10 12 12 12 2339 131 131 2340 130 130 2341 129 129 2342 189 189 2343 128 128 159 130 130 2344 138 138 2345 34 34 40 198 198 2346 199 199 291 198 198 2347 60 60 75 254 254 2348 193 193 2349 12 12 2350 192 192 2351 233 233 378 193 193 2352 165 165 2353 122 122 2354 10 10 12 121 121 2355 10 10 12 122 122 2356 131 131 2357 129 129 2358 71 71 88 7 7 2359 71 71 88 129 129 2360 196 196 2361 41 41 2362 40 40 46 137 137 2363 139 139 173 41 41 2364 126 126 2365 74 74 2366 137 137 2367 139 139 173 137 137 2368 78 78 96</p>
                </triangles>
            </mesh>
        </geometry>
        <geometry id="Bystander_B-geometry" name="Bystander_B-geometry">
            <mesh>
                <source id="Bystander_B-positions" name="position">
                    <float_array id="Bystander_B-positions-array" count="1560">0.579253 1.02297 0.0203712 0.556277 1.05209 -0.00289128 0.551136 1.06179 0.0316772 0.553602 1.04343 0.053693 0.571299 1.0242 0.0584999 0.575969 1.02467 0.0410582 0.60022 0.981141 0.0551425 0.602003 0.984211 0.0669396 0.598467 0.906057 0.0309083 0.596487 0.913575 0.0360926 0.582817 0.917501 0.0347975 0.580493 0.912114 0.0313377 0.580296 0.912389 0.0255894 0.572619 0.917041 0.0303147 0.573546 0.917698 0.0203655 0.581447 0.914206 0.0207089 0.597936 0.90688 0.022891 0.597315 0.909992 0.0560087 0.592816 0.916543 0.0614924 0.580471 0.921159 0.0583736 0.580026 0.916835 0.0538717 0.579117 0.915676 0.0486775 0.57165 0.921244 0.050548 0.571779 0.921297 0.0435821 0.580551 0.915889 0.0443872 0.597869 0.90903 0.048221 0.602751 0.91262 0.0914968 0.599131 0.913928 0.0947753 0.584559 0.912186 0.0916055 0.589634 0.905853 0.0758481 0.60456 0.910603 0.0783401 0.606826 0.910301 0.0834422 0.576088 0.906602 0.0822067 0.58171 0.904132 0.0775181 0.580288 0.90714 0.0879363 0.58948 0.905204 0.0776836 0.585789 0.909126 0.0900685 0.576678 0.90937 0.0886182 0.579722 0.904513 0.0756403 0.59674 0.923092 0.0865286 0.598783 0.920171 0.078588 0.583028 0.919149 0.0841926 0.584194 0.916211 0.0759704 0.577593 0.910375 0.0761832 0.57548 0.913074 0.0836086 0.596008 0.922258 0.0451698 0.594779 0.914984 0.0418557 0.584344 0.91902 0.0402144 0.594764 0.923773 0.0561775 0.583469 0.929262 0.0423605 0.571813 0.924579 0.0397635 0.568726 0.926498 0.0462062 0.573856 0.929311 0.042287 0.581908 0.930181 0.0525345 0.572074 0.930715 0.0517332 0.569185 0.925625 0.0537372 0.596723 0.92077 0.0230442 0.594207 0.91384 0.0183556 0.583689 0.917933 0.0181358 0.59625 0.921475 0.0322595 0.583952 0.925512 0.0220085 0.571608 0.920841 0.0255644 0.575137 0.925299 0.0300537 0.574935 0.92596 0.0221257 0.583123 0.925058 0.0312716 0.573709 0.920668 0.0188265 0.572194 0.919793 0.0325158 0.525549 0.951367 0.0752608 0.521702 0.953692 0.0709445 0.52322 0.947103 0.0636402 0.532601 0.942738 0.0670054 0.534823 0.934129 0.0531726 0.542197 0.935485 0.0557602 0.543905 0.94505 0.0682974 0.539733 0.954336 0.0754411 0.534914 0.951221 0.0773506 0.527935 0.937126 0.0535219 0.525181 0.951953 0.05602 0.524636 0.962072 0.0678959 0.53583 0.963993 0.0671737 0.538147 0.957083 0.0562689 0.537595 0.944339 0.0487902 0.541125 0.961542 0.0716091 0.54505 0.948534 0.0587075 0.545481 1.06763 -0.00642814 0.552593 1.0447 -0.0168828 0.540842 1.06635 -0.02038 0.527523 1.05663 -0.0244709 0.531018 1.02906 -0.0133698 0.51498 1.04537 -0.0184093 0.542011 1.03411 -0.0181281 0.589438 0.985964 -0.0122427 0.571451 1.01427 -0.0150748 0.604564 0.976462 0.00334549 0.558175 1.00849 -0.0232319 0.578393 1.01949 0.00234548 0.599329 0.982101 0.0114456 0.60594 0.971237 0.00647327 0.601 0.969474 0.0115569 0.594007 0.964006 -0.0108061 0.581484 0.979258 -0.0172684 0.602598 0.970337 -0.00656371 0.548378 1.00416 -0.0190806 0.617321 0.943217 -0.00390204 0.613731 0.958812 0.00630807 0.618834 0.942081 0.00638073 0.61071 0.957575 -0.00531876 0.605478 0.950564 0.0108685 0.61232 0.941299 0.0109812 0.602688 0.916005 0.00789993 0.598685 0.919097 0.0111596 0.59807 0.919515 -0.00431632 0.609091 0.942305 -0.0070507 0.601903 0.916407 -0.0012187 0.597191 0.959072 -0.00992429 0.587189 0.917958 0.00861942 0.582447 0.920528 0.00289841 0.586725 0.91976 -0.000558019 0.588866 0.921948 0.0107914 0.589264 0.923578 -0.00301318 0.578535 0.922922 0.00982001 0.579594 0.924084 -0.00126467 0.578156 0.92378 0.00423952 0.54392 1.07026 0.0263937 0.534123 1.06277 0.0440841 0.541499 1.04926 0.0529551 0.525716 1.02853 0.00623717 0.511526 1.04751 0.0363742 0.512556 1.04357 -0.00919404 0.524622 1.03362 0.0404447 0.51853 1.05509 0.0450203 0.527887 1.04044 0.0493527 0.525094 1.0294 -0.00523885 0.577186 0.970292 0.0171569 0.541464 1.00213 -0.0103813 0.57101 0.971424 -0.00470024 0.538375 1.00339 0.00878492 0.584371 0.958986 -0.00278338 0.595003 0.947661 0.0131874 0.604646 0.939237 0.00952673 0.592624 0.951923 -0.00223548 0.604339 0.938397 -0.000852326 0.595389 0.948978 0.0102324 0.593571 0.924906 0.000349337 0.60475 0.942586 -0.000753672 0.605374 0.942352 0.00940523 0.594944 0.924351 0.00927198 0.582816 0.928085 0.00910324 0.588516 0.928582 2.2559e-005 0.582912 0.927975 0.001644 0.589327 0.929025 0.00929967 0.600574 0.927886 0.000483058 0.600231 0.926308 0.00927718 0.602169 0.978963 0.0329191 0.608513 0.977268 0.0442496 0.607648 0.97662 0.0227057 0.607989 0.970862 0.0531479 0.605801 0.963465 0.0605998 0.600593 0.955093 0.0352752 0.608316 0.968428 0.0296895 0.609112 0.9683 0.0385561 0.607628 0.968121 0.0157859 0.625248 0.930904 0.0322989 0.614852 0.957693 0.0187704 0.616319 0.957631 0.02926 0.625184 0.930535 0.0207224 0.604239 0.951776 0.015184 0.604579 0.953427 0.0334086 0.61648 0.930154 0.0366901 0.618815 0.931439 0.0173322 0.626215 0.932894 0.0585899 0.615447 0.961679 0.0422737 0.613612 0.963669 0.0516149 0.628169 0.93205 0.0468395 0.604351 0.951313 0.0371352 0.60868 0.957455 0.0590351 0.618847 0.932936 0.0628831 0.619392 0.930026 0.0419572 0.582188 0.987465 0.0766788 0.551371 1.01085 0.0742001 0.56199 0.988991 0.075552 0.606588 0.97231 0.0616551 0.573775 0.970287 0.0573078 0.583131 0.962454 0.0780679 0.571902 0.972498 0.0761064 0.592088 0.949709 0.0638662 0.601686 0.977596 0.0762367 0.595379 0.987219 0.0729471 0.618648 0.945592 0.0852474 0.610539 0.965653 0.0680711 0.606694 0.969916 0.0762877 0.621241 0.946159 0.0747919 0.606573 0.952986 0.0658248 0.597632 0.965947 0.082756 0.593899 0.972241 0.0817463 0.611219 0.946316 0.0899814 0.615408 0.936754 0.0723443 0.606058 0.938801 0.0741984 0.592461 0.953846 0.0799305 0.596059 0.945894 0.0672879 0.603579 0.941592 0.0850512 0.604068 0.938399 0.0741007 0.593807 0.920866 0.0867968 0.531616 0.997099 0.0404083 0.516138 1.00941 0.0573757 0.528756 1.00612 0.0324403 0.55281 0.995461 0.0401266 0.576638 0.969965 0.0365924 0.519241 1.02318 0.0483067 0.529096 1.02371 0.0251466 0.595166 0.947067 0.0402228 0.592422 0.950061 0.0595573 0.548124 1.00171 0.0253997 0.595427 0.944638 0.0357591 0.59481 0.944968 0.0174217 0.59963 0.943434 0.0571349 0.614595 0.930904 0.0466635 0.613452 0.932515 0.0574541 0.601248 0.941213 0.0438518 0.612011 0.933744 0.0457693 0.592397 0.922725 0.0447549 0.591381 0.92431 0.0557647 0.611048 0.935427 0.0566057 0.611488 0.931148 0.0215682 0.600642 0.94131 0.0339534 0.599753 0.942814 0.0197576 0.610761 0.928972 0.0345282 0.61 0.936024 0.021288 0.609339 0.936433 0.0335986 0.592004 0.921589 0.0321495 0.592581 0.920934 0.0226943 0.540286 1.02258 0.0682984 0.51752 1.01347 0.0675508 0.537568 1.01231 0.0748793 0.520845 1.02408 0.061209 0.515967 0.999372 0.0668021 0.518564 1.00599 0.0722372 0.535036 1.00411 0.0793853 0.543756 0.999105 0.078155 0.53305 0.990189 0.0839179 0.524953 0.975273 0.0808139 0.533316 0.975882 0.0828336 0.521268 0.989792 0.0799528 0.519978 0.973075 0.074381 0.540352 0.971491 0.0786924 0.54007 0.9796 0.0799849 0.517854 0.985062 0.0735851 0.523898 0.981299 0.0653139 0.544684 0.984405 0.0609868 0.540658 0.975802 0.0638879 0.525703 0.992402 0.0588406 0.53593 0.970121 0.0650714 0.525334 0.974323 0.0671351 0.535223 0.965608 0.0685387 0.540928 0.970059 0.0740878 0.545397 0.976732 0.0696108 0.538084 0.990127 0.0505303 0.588381 0.90503 0.0846416 0.596138 0.918262 0.0785569 0.601475 0.941348 0.0845468 -0.556291 1.05209 -0.00289117 -0.579267 1.02297 0.0203713 -0.55115 1.06179 0.0316773 -0.553616 1.04343 0.0536931 -0.571313 1.0242 0.0585 -0.575983 1.02467 0.0410584 -0.600234 0.981142 0.0551426 -0.602018 0.984211 0.0669397 -0.596487 0.913561 0.0360932 -0.598472 0.906043 0.0309092 -0.582805 0.917494 0.0347969 -0.580481 0.912107 0.0313372 -0.581638 0.91187 0.0258445 -0.573534 0.917691 0.020365 -0.572607 0.917034 0.0303142 -0.581434 0.914198 0.0207083 -0.59794 0.906865 0.0228918 -0.592786 0.916531 0.0614896 -0.597309 0.909979 0.0560089 -0.580458 0.921154 0.0583718 -0.580013 0.916829 0.0538699 -0.579745 0.914146 0.0492393 -0.571766 0.921292 0.0435803 -0.571638 0.921239 0.0505463 -0.580538 0.915884 0.0443854 -0.597899 0.90902 0.0482248 -0.599952 0.914036 0.094911 -0.60368 0.913156 0.0915321 -0.584553 0.912173 0.0916054 -0.605093 0.910775 0.0783979 -0.589628 0.90584 0.075848 -0.607619 0.910701 0.0834884 -0.581704 0.904119 0.0775181 -0.576083 0.906589 0.0822066 -0.580283 0.907127 0.0879362 -0.589474 0.905191 0.0776835 -0.585783 0.909114 0.0900684 -0.576673 0.909357 0.0886181 -0.579717 0.9045 0.0756401 -0.596735 0.923079 0.0865284 -0.598777 0.920158 0.0785878 -0.583023 0.919136 0.0841924 -0.584188 0.916199 0.0759702 -0.577587 0.910362 0.0761831 -0.575474 0.913062 0.0836085 -0.594771 0.914975 0.0418551 -0.595995 0.922253 0.045168 -0.584331 0.919015 0.0402126 -0.594751 0.923768 0.0561757 -0.583456 0.929257 0.0423587 -0.568713 0.926493 0.0462045 -0.5718 0.924573 0.0397618 -0.573843 0.929306 0.0422853 -0.581895 0.930176 0.0525328 -0.569172 0.92562 0.0537355 -0.572061 0.93071 0.0517315 -0.595884 0.913796 0.0184521 -0.596711 0.920763 0.0230434 -0.583676 0.917926 0.0181352 -0.596238 0.921468 0.0322589 -0.58394 0.925505 0.0220079 -0.575125 0.925292 0.0300532 -0.571596 0.920834 0.0255637 -0.574923 0.925953 0.0221251 -0.583111 0.925051 0.0312709 -0.573697 0.920661 0.018826 -0.572182 0.919786 0.0325152 -0.521716 0.953694 0.0709458 -0.525562 0.951369 0.075262 -0.523234 0.947105 0.0636413 -0.534837 0.934131 0.0531737 -0.532615 0.94274 0.0670064 -0.542211 0.935487 0.0557613 -0.539747 0.954338 0.0754423 -0.543919 0.945051 0.0682984 -0.534928 0.951223 0.0773516 -0.527949 0.937128 0.053523 -0.525195 0.951955 0.0560212 -0.52465 0.962074 0.0678972 -0.535843 0.963995 0.0671748 -0.538161 0.957084 0.0562699 -0.537609 0.944341 0.0487913 -0.541139 0.961544 0.0716102 -0.545063 0.948536 0.0587085 -0.552607 1.0447 -0.0168827 -0.545495 1.06763 -0.00642805 -0.540856 1.06635 -0.0203799 -0.531032 1.02739 -0.012691 -0.527537 1.05663 -0.0244708 -0.514994 1.04537 -0.0184092 -0.542025 1.03411 -0.018128 -0.571465 1.01427 -0.0150747 -0.589452 0.985964 -0.0122426 -0.604578 0.976462 0.00334561 -0.558189 1.00849 -0.0232317 -0.578407 1.01949 0.00234559 -0.605954 0.971237 0.00647338 -0.599343 0.982101 0.0114457 -0.601014 0.969474 0.0115571 -0.594021 0.964006 -0.0108059 -0.581498 0.979258 -0.0172683 -0.602612 0.970337 -0.00656359 -0.548392 1.00416 -0.0190805 -0.613745 0.958812 0.00630822 -0.617336 0.94319 -0.00390133 -0.618845 0.942073 0.00638098 -0.610725 0.957575 -0.00531862 -0.605492 0.950564 0.0108686 -0.602691 0.915993 0.00790022 -0.612334 0.941299 0.0109813 -0.598669 0.919098 0.0111594 -0.598078 0.919513 -0.00431614 -0.609105 0.942305 -0.00705058 -0.601888 0.916393 -0.00121864 -0.597206 0.959072 -0.00992417 -0.582436 0.920519 0.00289852 -0.587178 0.91795 0.00861949 -0.586713 0.919751 -0.000557946 -0.588855 0.92194 0.0107915 -0.589253 0.923569 -0.0030131 -0.578524 0.922913 0.00982012 -0.579583 0.924075 -0.00126456 -0.578145 0.923771 0.00423964 -0.534137 1.06277 0.0440842 -0.543934 1.07026 0.0263938 -0.541513 1.04926 0.0529552 -0.51154 1.04751 0.0363743 -0.525119 1.02853 0.0062373 -0.51257 1.04357 -0.00919392 -0.518544 1.05509 0.0450204 -0.524636 1.03361 0.0404448 -0.527901 1.04044 0.0493528 -0.525108 1.02773 -0.00456002 -0.542439 1.0025 -0.0103811 -0.5772 0.970292 0.017157 -0.571024 0.971424 -0.00470012 -0.539449 1.00386 0.00878504 -0.584386 0.958986 -0.00278327 -0.595018 0.947661 0.0131876 -0.592638 0.951923 -0.00223539 -0.60466 0.939237 0.00952684 -0.604404 0.938548 -0.000854583 -0.595403 0.948978 0.0102325 -0.593576 0.924892 0.000349695 -0.604755 0.942573 -0.000753389 -0.60538 0.942339 0.00940552 -0.59495 0.924338 0.00927234 -0.588505 0.928574 2.26308e-005 -0.582805 0.928076 0.00910333 -0.582901 0.927967 0.0016441 -0.589316 0.929016 0.00929974 -0.598424 0.92662 0.000477244 -0.59764 0.924791 0.00927002 -0.602183 0.978963 0.0329192 -0.608527 0.977268 0.0442497 -0.607662 0.976621 0.0227058 -0.608003 0.970862 0.053148 -0.605815 0.963465 0.0605999 -0.600607 0.955093 0.0352753 -0.60833 0.968428 0.0296896 -0.609126 0.9683 0.0385562 -0.607643 0.968121 0.0157861 -0.614866 0.957693 0.0187705 -0.625923 0.933572 0.032129 -0.616333 0.957631 0.0292601 -0.626158 0.935255 0.02041 -0.604253 0.951776 0.0151842 -0.604593 0.953427 0.0334087 -0.616481 0.93014 0.0366906 -0.618817 0.93142 0.0173331 -0.615461 0.961679 0.0422738 -0.626218 0.932869 0.0585925 -0.613626 0.96367 0.051615 -0.628175 0.932033 0.0468413 -0.604365 0.951313 0.0371353 -0.608694 0.957455 0.0590352 -0.618856 0.932929 0.0628837 -0.619403 0.930021 0.0419577 -0.551385 1.01085 0.0742002 -0.582202 0.987465 0.0766789 -0.562004 0.988991 0.0755521 -0.606602 0.97231 0.0616552 -0.583145 0.962453 0.078068 -0.573789 0.970287 0.0573079 -0.571917 0.972498 0.0761065 -0.592103 0.949709 0.0638664 -0.601701 0.977596 0.0762368 -0.595394 0.987219 0.0729473 -0.610553 0.965653 0.0680712 -0.618662 0.945545 0.0852609 -0.606708 0.969916 0.0762878 -0.621257 0.946132 0.0748001 -0.606587 0.952986 0.0658249 -0.597646 0.965947 0.0827561 -0.593913 0.972241 0.0817465 -0.611234 0.946301 0.0899861 -0.615415 0.936737 0.0723475 -0.592475 0.953846 0.0799307 -0.606063 0.938811 0.0741938 -0.596073 0.945894 0.067288 -0.603589 0.941588 0.0850517 -0.604076 0.938387 0.0741028 -0.593815 0.920855 0.086799 -0.51674 1.00941 0.0573758 -0.529212 1.02388 0.0251468 -0.518477 1.02318 0.0483068 -0.576652 0.969965 0.0365926 -0.552824 0.995461 0.0401267 -0.53025 1.00752 0.0305547 -0.59518 0.947067 0.0402229 -0.592437 0.950061 0.0595574 -0.548138 1.00171 0.0253998 -0.595441 0.944638 0.0357592 -0.594824 0.944968 0.0174218 -0.614604 0.93092 0.0466607 -0.599644 0.943435 0.057135 -0.613461 0.932531 0.0574513 -0.601262 0.941213 0.043852 -0.612009 0.93373 0.0457697 -0.592395 0.922711 0.0447554 -0.591379 0.924296 0.0557652 -0.611046 0.935413 0.0566061 -0.600656 0.94131 0.0339535 -0.611517 0.931262 0.0215603 -0.599767 0.942814 0.0197577 -0.610775 0.928972 0.0345283 -0.61 0.93601 0.0212885 -0.609339 0.936419 0.0335991 -0.592005 0.921575 0.0321501 -0.592581 0.92092 0.0226949 -0.518121 1.01347 0.0675509 -0.5403 1.02258 0.0682985 -0.537582 1.01231 0.0748794 -0.520081 1.02408 0.0612091 -0.515846 0.999372 0.0668023 -0.518443 1.00599 0.0722373 -0.53505 1.00411 0.0793854 -0.54377 0.999105 0.0781551 -0.524967 0.975273 0.080814 -0.532963 0.988787 0.0843917 -0.53333 0.975883 0.0828338 -0.521189 0.988556 0.0803884 -0.519992 0.973076 0.0743811 -0.540367 0.971492 0.0786926 -0.540084 0.979601 0.0799851 -0.517869 0.985062 0.0735853 -0.546991 0.979433 0.0601724 -0.524181 0.982878 0.0641815 -0.541173 0.978308 0.0618086 -0.525717 0.992402 0.0588407 -0.535364 0.97097 0.0672505 -0.525956 0.975636 0.0647167 -0.535237 0.96561 0.0685398 -0.540885 0.970069 0.0743067 -0.544267 0.973994 0.0741805 -0.53439 0.998439 0.0379688 -0.538098 0.990115 0.0482965 -0.588375 0.905018 0.0846414 -0.596146 0.918251 0.078559 -0.601483 0.941337 0.0845489</float_array>
                    <technique_common>
                        <accessor source="#Bystander_B-positions-array" count="520" stride="3">
                            <param name="X" type="float" />
                            <param name="Y" type="float" />
                            <param name="Z" type="float" />
                        </accessor>
                    </technique_common>
                </source>
                <source id="Bystander_B-normals" name="normal">
                    <float_array id="Bystander_B-normals-array" count="1560">1.09622 0.685362 -0.0445027 1.05223 0.670409 -0.341695 0.884061 0.869722 0.367987 0.401238 0.7739 0.955763 0.71669 0.772512 0.750317 1.07717 0.709259 0.100297 1.14248 0.604495 0.0520807 1.08976 0.670698 0.189671 0.163929 -1.16962 0.527751 0.123004 -0.474419 1.19716 -0.218336 -0.0693026 1.27315 -0.509521 -1.01195 0.624287 -0.528633 -1.15847 -0.227773 -0.925996 -0.831223 0.353546 -0.88328 -0.777974 -0.536625 -0.312988 -0.854503 -0.91938 0.062842 -0.988719 -0.831793 0.00992316 -1.15235 0.587697 -0.0287424 -0.56593 1.16288 -0.418686 -0.111415 1.21889 -0.600231 -0.974023 0.603654 -0.591878 -1.14897 0.0542462 -0.894181 -0.879208 0.317536 -0.889359 -0.882489 -0.321947 -0.434305 -1.03786 -0.638459 0.0952513 -1.16873 -0.546256 0.599649 -0.812701 0.80829 0.307231 -0.342034 1.20914 -0.40953 0.164259 1.21602 0.29394 -0.81298 -0.962319 0.391654 -0.652235 -1.04623 0.800202 -1.01389 -0.0713932 -0.992042 -0.827518 0.0667965 -0.0578633 -1.29229 -0.00492267 -0.243161 -1.09473 0.644846 0.297794 -1.24387 -0.193679 -0.0349977 -0.793284 1.02121 -0.739859 -0.434042 0.968303 -0.411784 -0.767572 -0.95638 0.220941 0.993311 0.798695 0.898788 0.471931 -0.801784 -0.606107 1.14202 -0.0426699 -0.227821 0.558 -1.14461 -0.979505 0.368596 -0.760331 -1.13066 0.585398 0.228703 1.07516 -0.0113611 -0.71924 -0.0346453 -0.263729 -1.26595 0.0366364 -0.348664 -1.24519 0.421638 0.544096 1.09525 0.26908 0.988837 -0.789426 -0.589626 -0.134664 -1.1435 -1.26198 0.133707 -0.250868 -0.462451 1.02315 -0.642423 0.304902 1.16854 0.463628 -0.433034 1.16076 0.372162 -1.08683 -0.0876878 0.696058 0.972694 0.33055 -0.786129 -0.192517 -0.139851 -1.27152 -0.00636215 -0.0570198 -1.29232 0.413894 0.475173 1.12973 0.186794 1.12052 -0.618826 -1.27589 0.188967 -0.0989545 -0.481299 1.05662 0.570353 -0.674327 1.02608 -0.407245 0.169728 1.14703 0.573506 -0.593821 0.0946225 -1.14535 -0.997522 0.0662958 0.820944 -0.622905 -0.645918 0.931758 -1.28585 -0.13662 -0.0363227 -1.10151 -0.647889 0.200766 -0.256342 -1.05123 0.708939 -0.0950025 -1.23426 -0.375458 0.882794 -0.940471 -0.0979021 0.866143 -0.621067 0.733122 1.14121 -0.0953352 0.601623 0.267418 -0.581715 1.12405 -0.94754 -0.752551 -0.457417 -0.954427 0.362737 -0.794284 -0.529915 0.409926 -1.10659 0.336098 0.993142 -0.757696 0.358641 0.920921 -0.834672 0.267251 0.0223678 -1.26549 1.17257 0.33116 -0.434513 1.25226 0.213969 -0.243841 1.06621 0.681559 -0.268464 0.729395 0.399622 -0.990798 0.665639 0.144425 -1.09976 0.00825404 -0.370484 -1.23938 -0.681855 -0.581802 -0.932724 -0.525443 -0.788875 -0.88033 -0.113678 -0.0996891 -1.28473 0.753101 0.30551 -1.00643 0.890108 0.498065 -0.795635 1.14115 0.549032 -0.264076 0.158179 0.0779478 -1.28152 1.08981 0.646259 -0.260866 1.18125 0.511777 -0.126996 1.17529 0.4885 0.231192 1.28776 0.0473573 -0.113245 0.0270871 -0.348207 -1.24556 -0.109746 -0.47051 -1.19999 0.885991 0.315796 -0.888081 -0.590755 -0.455875 -1.05668 0.985811 -0.0970548 -0.831957 1.09406 0.468879 0.506539 1.14696 -0.154164 0.578015 0.861994 0.403974 -0.875881 0.469925 -0.101593 1.20093 0.385417 -0.11106 1.22984 0.418881 -1.09249 0.551727 -0.0258466 -0.349675 1.24517 0.0535724 -0.268056 -1.26439 0.00850938 -0.0320083 -1.29317 0.376126 -1.04312 -0.666197 -0.114016 -0.291804 -1.25509 -0.328248 -1.12953 0.538346 -0.65912 -1.09228 -0.214194 -0.339771 -1.09621 -0.596894 -0.0726149 -0.053731 1.29044 -0.290252 -0.0321725 -1.2602 -0.725783 -0.359522 1.00865 -0.834163 -0.261219 -0.953589 -1.27124 0.211382 -0.112496 0.824309 0.928503 0.363032 0.152064 0.702466 1.07555 -0.0651702 0.794574 1.01872 -1.0714 -0.723543 0.0446449 -0.968245 -0.758007 0.401649 -0.914273 -0.885434 -0.231312 -1.23111 -0.300091 0.260193 -0.678042 -0.197635 1.08379 -0.936126 0.455375 0.767917 -1.04448 -0.707441 -0.286345 -0.959734 -0.866817 -0.0305483 -0.975234 -0.749774 -0.400191 -0.83495 -0.902035 -0.403221 -1.02869 -0.775642 0.116477 -0.633751 -0.928971 -0.639351 -0.361301 -1.24015 -0.0698217 -0.294792 -1.25889 0.0409758 -0.830507 -0.84295 -0.52258 0.54752 -1.07836 -0.459084 -0.544225 -1.11529 0.365173 -0.860217 -0.869496 -0.421186 -0.556479 1.15299 0.185315 0.828123 0.364069 0.924695 -1.29018 -0.0166371 0.0924459 -0.546405 1.12351 0.335496 -0.0763101 1.10925 -0.661162 -0.551693 1.04749 -0.521337 0.0223974 0.982501 0.841181 0.898267 0.928256 -0.0696657 0.917328 -0.560668 0.719414 1.22591 0.410106 -0.0485397 1.18859 0.510327 -0.01469 1.19585 0.491018 -0.0473573 1.0785 0.494912 0.515061 1.26934 -0.212387 -0.130624 1.23575 -0.363784 0.11821 0.99703 0.340997 0.750365 1.1073 0.377942 -0.551768 1.09186 0.418505 -0.55325 1.08668 -0.236716 0.660671 1.0022 0.323911 -0.751051 0.950944 0.569031 0.667311 0.968084 -0.375022 -0.77173 0.221015 -0.198695 -1.25899 0.230039 0.0994976 1.26909 0.165718 0.104844 1.27865 0.185019 -0.291876 -1.24658 1.00111 -0.0934417 0.813907 1.03278 0.388679 -0.675044 1.01691 0.686746 0.409462 1.03681 -0.500827 -0.589561 0.198866 -0.316892 -1.23832 0.515366 0.198712 1.16975 -0.00390866 0.177737 1.28132 0.24045 -0.396214 -1.20772 0.0815616 0.34947 1.24282 0.220531 0.47591 1.18249 0.112643 -0.154444 1.2794 1.19208 0.432818 -0.25496 -0.83034 -0.980338 -0.151224 -0.775168 -0.562769 0.869368 -0.518098 -0.854103 0.821874 -0.475217 -1.14763 -0.361267 0.770228 0.610257 0.841268 0.622568 0.725621 0.871366 1.05237 0.220234 0.719307 1.194 0.348347 -0.355532 0.898165 0.690105 0.62486 1.24006 -0.168784 -0.327346 0.550514 -0.351616 -1.11656 -0.0392 0.257163 1.26717 -0.097748 0.206763 1.27322 -0.0707088 0.629063 1.12813 0.409616 -0.415096 -1.15469 -1.0059 -0.399799 -0.70832 -0.853196 -0.623755 0.74591 -0.475219 -1.03134 -0.619593 -0.90851 0.896766 0.209322 -0.424016 0.666218 -1.02458 -0.460215 -0.821763 0.886738 -0.574813 -0.995143 -0.593865 -1.24701 -0.177899 -0.294458 -0.937787 -0.500488 -0.737198 -0.526285 -1.07407 -0.492744 -0.991252 -0.828951 0.0604508 -1.24525 0.255533 -0.239705 -1.17343 -0.456923 -0.2961 -0.593431 -1.09932 -0.335739 -0.509434 -1.07257 0.513296 -0.789004 -0.979499 -0.302407 -0.448804 -1.11597 0.475997 -0.482589 -1.00827 -0.651071 -0.686195 -0.836649 0.708907 -0.507378 -1.1731 0.199508 1.25869 0.267268 -0.132945 -0.704166 -0.977255 -0.471719 0.394343 1.12574 -0.500604 -1.14932 0.556329 -0.207255 -1.09711 -0.416615 0.544231 0.0392204 1.28597 -0.134667 -0.392301 -1.23237 0.0273571 -0.464658 -0.794832 0.908697 -0.555396 -0.968356 -0.653619 0.978564 -0.156101 0.831529 0.556183 1.09545 -0.405037 -0.139708 1.28464 -0.0598092 -0.798797 -0.771697 0.663176 -1.266 0.26247 -0.0418211 -0.0842111 0.690257 1.0908 -0.928982 0.532776 0.725628 -0.165324 0.672922 1.09236 -0.948588 0.662609 0.578381 -1.27976 -0.172029 -0.0774888 -0.875391 0.375215 0.875385 -0.0742472 0.475724 1.20065 0.365559 0.171352 1.22898 0.0741981 0.0988422 1.28768 -0.689954 -0.186655 1.0782 0.141788 -0.202728 1.26972 -0.805883 0.107174 1.00621 -1.2702 -0.243545 0.0257089 0.963994 -0.238873 0.828885 0.670215 -0.230248 1.08222 -1.27867 -0.182667 -0.0709834 -0.666899 -0.393885 -1.0361 -0.165965 -1.03615 -0.756465 0.375685 -0.614982 -1.07427 -0.792313 -0.74871 -0.696468 0.360891 -0.471256 -1.14938 -0.657341 -0.148288 -1.10422 0.336025 -0.00117855 -1.24919 1.21617 -0.414365 -0.150454 0.907747 -0.909701 0.147764 -0.399436 -1.10432 -0.542508 0.157269 -1.20892 0.432644 -1.24166 -0.296689 -0.208936 -0.850327 0.910142 -0.349256 -1.05223 0.670411 -0.34169 -1.09622 0.685364 -0.0445029 -0.884064 0.86972 0.367986 -0.401233 0.773901 0.955764 -0.716687 0.772513 0.750319 -1.07717 0.70926 0.100295 -1.14248 0.604496 0.0520776 -1.08976 0.6707 0.189674 -0.173863 -0.525633 1.16913 -0.194473 -1.17132 0.513409 0.218373 -0.069335 1.27315 0.510554 -1.01891 0.611999 0.520468 -1.16242 -0.226482 0.877912 -0.788654 -0.529802 0.921421 -0.840789 0.342715 0.317037 -0.861995 -0.91096 -0.137398 -1.01254 -0.793272 0.0293454 -0.565614 1.16302 -0.0256243 -1.12835 0.632104 0.418912 -0.111627 1.21879 0.592897 -0.896419 0.719931 0.601651 -1.14337 0.0642311 0.89548 -0.859264 -0.364932 0.911359 -0.846145 0.356172 0.39968 -0.997101 -0.720722 -0.120843 -1.14923 -0.581433 -0.33803 -0.357276 1.19645 -0.620556 -0.812815 0.792236 0.407985 0.159732 1.21714 -0.392405 -0.653347 -1.04525 -0.29487 -0.816147 -0.959349 -0.805431 -1.00948 -0.0750542 0.0578811 -1.29229 -0.00495063 0.99205 -0.827509 0.0667898 0.243145 -1.09473 0.644853 -0.30217 -1.24292 -0.192985 0.0282438 -0.791359 1.02291 0.739844 -0.434051 0.968311 0.41181 -0.767532 -0.9564 -0.218628 0.999837 0.791153 -0.896078 0.478919 -0.800673 0.606105 1.14202 -0.0426736 0.227824 0.557993 -1.14461 0.97951 0.368595 -0.760324 1.13067 0.585389 0.228712 0.0347156 -0.263657 -1.26597 -1.07692 -0.0120028 -0.716584 -0.0365682 -0.348977 -1.2451 -0.42487 0.542883 1.0946 -0.269079 0.988841 -0.78942 1.26198 0.133696 -0.250845 0.589631 -0.134654 -1.1435 0.462461 1.02315 -0.64241 -0.304904 1.16853 0.463633 1.08683 -0.0877091 0.696066 0.433031 1.16076 0.372179 0.14625 -0.15035 -1.27648 -0.969626 0.357424 -0.778118 -0.00387329 -0.0377348 -1.29304 -0.416192 0.474884 1.12901 -0.186784 1.12051 -0.618844 0.481303 1.05662 0.570348 1.27589 0.188966 -0.0989516 0.674341 1.02606 -0.407248 -0.169727 1.14704 0.573494 0.593826 0.0946142 -1.14534 0.997524 0.0663033 0.820942 1.27902 -0.182707 -0.0641421 0.622899 -0.645907 0.931771 1.10151 -0.647898 0.200766 0.0950043 -1.23426 -0.375454 0.256338 -1.05123 0.708937 -0.882794 -0.940471 -0.0979065 -1.14187 -0.0951048 0.600405 -0.866151 -0.621071 0.733108 -0.267419 -0.581702 1.12406 0.947542 -0.752546 -0.45742 0.954425 0.362741 -0.794284 0.397324 0.40466 -1.16266 -0.336087 0.993147 -0.757693 -0.358643 0.920921 -0.834671 -0.267258 0.0223634 -1.26549 -1.14162 0.403578 -0.455216 -1.25226 0.21396 -0.243849 -0.729399 0.399626 -0.990793 -1.06621 0.681556 -0.26846 -0.665642 0.144428 -1.09975 0.70036 -0.586224 -0.916097 -0.00910004 -0.369643 -1.23963 0.547855 -0.769757 -0.883585 0.121636 -0.101485 -1.28386 -0.890109 0.498064 -0.795635 -0.7531 0.305513 -1.00643 -1.14115 0.549029 -0.264078 -0.15818 0.0779485 -1.28152 -1.08981 0.646261 -0.260867 -1.1753 0.48849 0.231196 -1.18125 0.511773 -0.126999 -1.28776 0.0473559 -0.113252 -0.0270892 -0.348207 -1.24556 0.10974 -0.470505 -1.19999 -0.885994 0.315793 -0.88808 0.619495 -0.472433 -1.03268 -1.0942 0.468627 0.506478 -0.985916 -0.0976768 -0.83176 -1.14703 -0.154518 0.577793 -0.862104 0.403814 -0.875846 -0.470083 -0.101548 1.20088 -0.418306 -1.09235 0.552433 -0.384971 -0.110729 1.23001 0.0346016 -0.338336 1.24809 -0.0715598 -0.256086 -1.26598 -0.00624143 -0.0306886 -1.29322 -0.376089 -1.04243 -0.667306 0.114871 -0.293927 -1.25451 0.659126 -1.09228 -0.214197 0.328197 -1.12933 0.538792 0.339951 -1.09622 -0.596763 0.0522745 -0.0336011 1.2921 0.28972 -0.0316606 -1.26034 0.725774 -0.359524 1.00866 0.834173 -0.261208 -0.953584 1.27124 0.211395 -0.112476 -0.152068 0.702462 1.07555 -0.824324 0.92849 0.36303 0.0638156 0.798807 1.0155 0.974283 -0.747743 0.406262 1.06178 -0.73532 0.0729918 0.953326 -0.846161 -0.220403 0.678045 -0.197634 1.08379 1.23252 -0.295606 0.258675 0.9332 0.478114 0.757588 1.041 -0.721817 -0.262101 0.977811 -0.766152 -0.36096 0.969243 -0.856238 -0.0286471 0.847002 -0.897347 -0.388267 1.01238 -0.798436 0.104836 0.633741 -0.92897 -0.63936 0.361293 -1.24016 -0.0698372 0.827323 -0.844477 -0.525156 0.290615 -1.2601 0.0331042 -0.550099 -1.07618 -0.461106 0.544218 -1.11529 0.36516 0.926316 -0.823806 -0.369699 0.549013 1.15677 0.18404 -0.825409 0.376015 0.922338 1.28724 -0.076697 0.102577 0.0214889 1.11832 -0.649845 0.546398 1.12351 0.335515 0.551681 1.04751 -0.52132 -0.132425 0.961082 0.855675 -1.0576 0.744747 -0.0148182 -0.878417 -0.62668 0.713478 -1.22591 0.410102 -0.0485395 -1.18859 0.510329 -0.0146928 -1.19585 0.491011 -0.0473561 -1.0785 0.494915 0.515064 -1.26934 -0.21239 -0.13062 -1.23575 -0.363781 0.118208 -0.997032 0.340991 0.750365 -1.1073 0.377937 -0.551772 -1.09186 0.418501 -0.553251 -0.995656 0.374775 -0.735941 -1.10968 -0.213086 0.629756 -0.931039 0.587946 0.678882 -0.987906 -0.386191 -0.740469 -0.17787 -0.21767 -1.26269 -0.229891 0.0994052 1.26912 -0.178001 0.078029 1.27891 -0.207117 -0.382241 -1.21836 -1.03297 0.388424 -0.674899 -1.00089 -0.0935543 0.814162 -1.01708 0.686492 0.40948 -1.03714 -0.500795 -0.589015 -0.198973 -0.316864 -1.23831 -0.515589 0.198659 1.16966 0.00453431 0.179819 1.28103 -0.239445 -0.394123 -1.20861 -0.220531 0.475911 1.18248 -0.0815619 0.34947 1.24282 -0.135934 -0.0578556 1.28513 -1.19208 0.432816 -0.254963 0.775164 -0.562771 0.86937 0.801399 -0.994864 -0.203473 0.412629 -0.84315 0.890073 0.475218 -1.14763 -0.36126 -0.770227 0.610256 0.841268 -0.622561 0.725621 0.871371 -1.19418 0.348126 -0.355166 -1.05358 0.228808 0.714847 -0.898417 0.689829 0.624803 -1.23934 -0.15841 -0.335159 -0.550585 -0.351672 -1.1165 0.0392434 0.25717 1.26717 0.0977489 0.206764 1.27322 0.0660768 0.627642 1.1292 -0.402196 -0.413359 -1.15792 0.853268 -0.623762 0.745822 1.0046 -0.406987 -0.706066 0.475776 -1.03157 -0.618786 0.912478 0.892824 0.208913 0.425942 0.657861 -1.02917 0.446333 -0.822152 0.893447 1.22739 -0.226206 -0.340197 1.16139 -0.439912 -0.362012 1.23638 0.330405 -0.188633 0.991913 -0.82886 0.049946 0.515381 -1.0611 -0.530882 0.821667 -0.622827 -0.781246 0.59343 -1.09933 -0.335737 0.509423 -1.07257 0.513306 0.789605 -0.970369 -0.329094 0.448804 -1.11597 0.476001 0.482599 -1.00826 -0.651078 0.517897 -1.16909 0.195963 0.68611 -0.83722 0.708315 -1.25375 0.287772 -0.13669 0.70421 -0.977527 -0.471089 -0.389442 1.12712 -0.501338 1.14888 0.557277 -0.207159 1.09629 -0.417297 0.545358 -0.0369323 1.28613 -0.133751 0.463519 -0.796953 0.90742 0.395806 -1.23115 0.0315306 0.555083 -0.970431 -0.650802 -0.978522 -0.144101 0.833742 -0.577578 1.07361 -0.432613 0.139395 1.28468 -0.0596643 0.797351 -0.772496 0.663985 1.27138 0.224979 -0.0798575 0.937046 0.533455 0.714678 0.0831013 0.685329 1.09399 0.167291 0.678039 1.08889 0.96148 0.629379 0.593999 1.28169 -0.137579 -0.108397 0.884428 0.390454 0.859493 0.0728628 0.475146 1.20097 -0.374947 0.170269 1.2263 0.685748 -0.213217 1.07596 -0.086855 0.0706473 1.28874 -0.146131 -0.220993 1.26618 0.818004 0.0862184 0.998414 1.27134 -0.23475 0.0445926 -0.904594 -0.292316 0.8773 -0.608574 -0.17235 1.12842 1.27761 -0.184548 -0.0839834 0.303686 -1.0603 -0.675972 0.716667 -0.333886 -1.02387 -0.207089 -0.81103 -0.986276 0.831937 -0.667949 -0.73152 -0.435633 -0.432191 -1.13878 0.526924 -0.31365 -1.13902 -0.371159 0.293597 -1.20393 -1.18629 -0.477233 -0.195838 -0.695661 -1.00216 0.430267 0.587363 -0.959726 -0.638221 0.405116 -1.00959 -0.700004 -0.163949 -1.2066 0.436612 1.24057 -0.29927 -0.211713 0.851249 0.910008 -0.347354</float_array>
                    <technique_common>
                        <accessor source="#Bystander_B-normals-array" count="520" stride="3">
                            <param name="X" type="float" />
                            <param name="Y" type="float" />
                            <param name="Z" type="float" />
                        </accessor>
                    </technique_common>
                </source>
                <source id="Bystander_B-texcoords" name="texcoord">
                    <float_array id="Bystander_B-texcoords-array" count="4546">0.138082 1.76431 0.107384 1.93629 0.200479 1.94222 0.247987 1.88992 0.251389 1.77658 0.138082 1.76431 0.222489 1.78811 0.251389 1.77658 0.222489 1.78811 0.222489 1.78811 0.256337 1.46105 0.138082 1.76431 0.222489 1.78811 0.251389 1.77658 0.294285 1.47811 0.182276 1.13774 0.197009 1.15068 0.202592 1.09689 0.182276 1.13774 0.185251 1.08526 0.16954 1.07722 0.189512 1.04676 0.159019 1.04081 0.16954 1.07722 0.16954 1.07722 0.185251 1.08526 0.189512 1.04676 0.16954 1.07722 0.159019 1.04081 0.151663 1.07617 0.16954 1.07722 0.147571 1.12907 0.182276 1.13774 0.285004 1.11997 0.294412 1.11766 0.295076 1.06045 0.285004 1.11997 0.286816 1.06157 0.271377 1.05597 0.28907 1.02571 0.256281 1.02279 0.271377 1.05597 0.271377 1.05597 0.28907 1.02571 0.271377 1.05597 0.256281 1.02279 0.252435 1.06243 0.271377 1.05597 0.246238 1.11081 0.285004 1.11997 0.377908 1.16894 0.395039 1.17996 0.398907 1.12922 0.342414 1.11391 0.331955 1.13639 0.346451 1.15885 0.371237 1.07043 0.354774 1.08748 0.385428 1.10055 0.342414 1.11391 0.346451 1.15885 0.347352 1.12172 0.379914 1.13651 0.398907 1.12922 0.389693 1.08809 0.354774 1.08748 0.351015 1.07823 0.342414 1.11391 0.603906 1.16812 0.614323 1.22543 0.629856 1.21843 0.652506 1.20878 0.668968 1.20746 0.663105 1.14761 0.603906 1.16812 0.629856 1.21843 0.622488 1.16688 0.652506 1.20878 0.663105 1.14761 0.648565 1.15752 0.641316 1.0842 0.615977 1.07807 0.63662 1.11547 0.622488 1.16688 0.629856 1.21843 0.652506 1.20878 0.663105 1.14761 0.641316 1.0842 0.615727 1.12951 0.59385 1.10186 0.603906 1.16812 0.739431 1.12979 0.775657 1.12698 0.758154 1.08554 0.692211 1.09096 0.697951 1.13394 0.71571 1.13748 0.739431 1.12979 0.758154 1.08554 0.741071 1.07994 0.741184 1.00351 0.713792 1.00468 0.728273 1.01594 0.692211 1.09096 0.71571 1.13748 0.711989 1.08537 0.741071 1.07994 0.758154 1.08554 0.741184 1.00351 0.708931 1.03253 0.703144 1.02642 0.692211 1.09096 0.711989 1.08537 0.71571 1.13748 0.739431 1.12979 0.847161 1.1548 0.874923 1.16677 0.865402 1.09772 0.80184 1.10993 0.798004 1.16013 0.819251 1.16166 0.847161 1.1548 0.865402 1.09772 0.845551 1.09865 0.826564 1.03285 0.818643 1.05059 0.838875 1.04624 0.80184 1.10993 0.819251 1.16166 0.820353 1.10549 0.845551 1.09865 0.865402 1.09772 0.852482 1.04407 0.818643 1.05059 0.809835 1.0494 0.80184 1.10993 0.820353 1.10549 0.819251 1.16166 0.847161 1.1548 0.526047 1.50612 0.558562 1.52784 0.543863 1.44056 0.494048 1.42645 0.49721 1.34671 0.456713 1.35883 0.440815 1.43632 0.423644 1.45229 0.452815 1.50944 0.541923 1.38769 0.440815 1.43632 0.452815 1.50944 0.440815 1.43632 0.452815 1.50944 0.573739 1.44026 0.583074 1.54123 0.610685 1.536 0.593835 1.4327 0.559277 1.36276 0.573739 1.44026 0.593835 1.4327 0.573739 1.44026 0.559277 1.36276 0.573739 1.44026 0.573739 1.44026 0.593835 1.4327 0.559277 1.36276 0.573739 1.44026 0.442865 1.34849 0.432015 1.36215 0.593835 1.4327 0.610685 1.536 0.628061 1.54104 0.412207 1.40224 0.440815 1.43632 0.432015 1.36215 0.412207 1.40224 0.593835 1.4327 0.620422 1.44154 0.40631 1.45957 0.412207 1.40224 0.559277 1.36276 0.593835 1.4327 0.412207 1.40224 0.440815 1.43632 0.100895 1.9965 0.0499894 1.92666 0.0517709 1.9965 0.0499894 1.92666 0.107384 1.93629 0.999008 1.9965 0.949938 1.83554 0.953643 1.9965 0.949938 1.83554 0.999008 1.84517 0.000700054 1.84501 0.000700054 1.9965 0.000700054 1.84501 0.0499894 1.92666 0.061779 1.53217 0.051808 1.75533 0.0947068 1.46744 0.000700054 1.76141 0.107384 1.93629 0.0967738 1.75416 0.107384 1.93629 0.0499894 1.92666 0.116658 1.48381 0.0965961 1.44765 0.0947068 1.46744 0.0965961 1.44765 0.116658 1.48381 0.106189 1.41 0.000700054 1.55282 0.000700054 1.6249 0.060906 1.45796 0.961909 1.70506 0.999008 1.84517 0.999008 1.69755 0.999008 1.84517 0.961909 1.70506 0.949938 1.83554 0.0947068 1.46744 0.0967738 1.75416 0.116658 1.48381 0.0967738 1.75416 0.0947068 1.46744 0.0947068 1.46744 0.060906 1.45796 0.060906 1.45796 0.0947068 1.46744 0.0965961 1.44765 0.999008 1.69755 0.999008 1.58531 0.961909 1.70506 0.000700054 1.6249 0.0499894 1.92666 0.0499894 1.92666 0.000700054 1.84501 0.0472639 1.3082 0.0807632 1.38467 0.0782989 1.30711 0.0595646 1.39081 0.106189 1.41 0.0976731 1.37042 0.106189 1.41 0.0965961 1.44765 0.106032 1.30406 0.0771251 1.2272 0.0782989 1.30711 0.0771251 1.2272 0.106032 1.30406 0.101097 1.24599 0.000700054 1.26589 0.000700054 1.42124 0.000700054 1.26589 0.0479239 1.22666 0.000700054 1.51957 0.060906 1.45796 0.060906 1.45796 0.000700054 1.51957 0.0782989 1.30711 0.0976731 1.37042 0.106032 1.30406 0.0976731 1.37042 0.0782989 1.30711 0.0782989 1.30711 0.0479239 1.22666 0.0479239 1.22666 0.0782989 1.30711 0.0771251 1.2272 0.000700054 1.42124 0.000700054 1.51957 0.000700054 1.42124 0.0965961 1.44765 0.0965961 1.44765 0.060906 1.45796 0.0767403 1.18719 0.0602212 1.14457 0.0491681 1.18067 0.0767403 1.18719 0.101097 1.24599 0.0962169 1.20371 0.101097 1.24599 0.0767403 1.18719 0.0771251 1.2272 0.000700054 1.20243 0.0479239 1.22666 0.0491681 1.18067 0.0479239 1.22666 0.000700054 1.20243 0.000700054 1.26589 0.0602212 1.14457 0.0767403 1.18719 0.0775127 1.12092 0.0962169 1.20371 0.0775127 1.12092 0.0767403 1.18719 0.0488483 1.1209 0.0602212 1.14457 0.0632737 1.1113 0.0491681 1.18067 0.0488483 1.1209 0.000700054 1.20243 0.0488483 1.1209 0.0491681 1.18067 0.0602212 1.14457 0.0491681 1.18067 0.0771251 1.2272 0.0767403 1.18719 0.0771251 1.2272 0.0491681 1.18067 0.0479239 1.22666 0.193959 1.9965 0.259435 1.9965 0.268771 1.94459 0.107384 1.93629 0.91171 1.83925 0.850601 1.9965 0.929399 1.9965 0.813323 1.9251 0.556395 1.9965 0.813323 1.9251 0.56062 1.95556 0.91171 1.83925 0.813323 1.9251 0.949938 1.83554 0.92909 1.83761 0.949938 1.83554 0.92909 1.83761 0.91171 1.83925 0.865359 1.51924 0.926731 1.70918 0.938864 1.57962 0.926731 1.70918 0.85783 1.70076 0.926731 1.70918 0.949938 1.83554 0.961909 1.70506 0.949938 1.83554 0.926731 1.70918 0.92909 1.83761 0.953979 1.52579 0.996961 1.52655 0.92909 1.83761 0.85783 1.70076 0.91171 1.83925 0.961909 1.70506 0.961909 1.70506 0.926731 1.70918 0.906018 1.41861 0.85783 1.70076 0.92909 1.83761 0.926731 1.70918 0.921867 1.3389 0.953747 1.47583 0.959009 1.38087 0.953747 1.47583 0.921867 1.3389 0.913506 1.4089 0.953747 1.47583 0.996961 1.52655 0.996961 1.49198 0.996961 1.52655 0.953747 1.47583 0.996961 1.39591 0.959383 1.25082 0.959067 1.36105 0.959383 1.25082 0.996961 1.39591 0.996961 1.24265 0.92319 1.32266 0.9155 1.24872 0.912645 1.32493 0.912645 1.32493 0.921867 1.3389 0.92319 1.32266 0.904758 1.37339 0.913506 1.4089 0.904758 1.37339 0.897831 1.37339 0.959009 1.38087 0.996961 1.39591 0.959009 1.38087 0.953747 1.47583 0.959009 1.38087 0.92319 1.32266 0.921867 1.3389 0.929625 1.25804 0.959067 1.36105 0.959383 1.25082 0.913506 1.4089 0.912645 1.32493 0.904758 1.37339 0.912645 1.32493 0.913506 1.4089 0.921867 1.3389 0.913506 1.4089 0.953747 1.47583 0.913506 1.4089 0.939815 1.14962 0.962262 1.21544 0.965319 1.14802 0.936152 1.20812 0.996961 1.24265 0.997406 1.20275 0.996961 1.24265 0.959414 1.2418 0.922853 1.19686 0.93023 1.2506 0.936152 1.20812 0.93023 1.2506 0.922853 1.19686 0.965319 1.14802 0.997406 1.20275 0.966976 1.11536 0.997406 1.20275 0.965319 1.14802 0.948756 1.09236 0.926862 1.10368 0.948756 1.09236 0.965319 1.14802 0.966976 1.11536 0.936152 1.20812 0.926862 1.10368 0.922853 1.19686 0.926862 1.10368 0.936152 1.20812 0.936152 1.20812 0.959414 1.2418 0.959414 1.2418 0.936152 1.20812 0.93023 1.2506 0.17385 1.46354 0.138082 1.76431 0.212158 1.44995 0.138082 1.76431 0.17385 1.46354 0.136561 1.44335 0.107384 1.93629 0.138082 1.76431 0.0967738 1.75416 0.256337 1.46105 0.246636 1.4099 0.212158 1.44995 0.256337 1.46105 0.27283 1.3716 0.17385 1.46354 0.183297 1.34885 0.16286 1.39621 0.183297 1.34885 0.17385 1.46354 0.199114 1.40554 0.12174 1.40273 0.116658 1.48381 0.136561 1.44335 0.116658 1.48381 0.12174 1.40273 0.106189 1.41 0.212158 1.44995 0.138082 1.76431 0.256337 1.46105 0.212158 1.44995 0.199114 1.40554 0.17385 1.46354 0.199114 1.40554 0.212158 1.44995 0.136561 1.44335 0.16286 1.39621 0.12174 1.40273 0.16286 1.39621 0.136561 1.44335 0.17385 1.46354 0.136561 1.44335 0.116658 1.48381 0.138082 1.76431 0.0967738 1.75416 0.138082 1.76431 0.116658 1.48381 0.17122 1.26095 0.127946 1.34967 0.158549 1.34434 0.17122 1.26095 0.12805 1.24428 0.106189 1.41 0.12174 1.40273 0.106189 1.41 0.113802 1.35109 0.16286 1.39621 0.166199 1.34823 0.16286 1.39621 0.183297 1.34885 0.17122 1.26095 0.197009 1.15068 0.182276 1.13774 0.197009 1.15068 0.17122 1.26095 0.184982 1.27142 0.147571 1.12907 0.115979 1.21769 0.115979 1.21769 0.147571 1.12907 0.134579 1.12516 0.12174 1.40273 0.16286 1.39621 0.12174 1.40273 0.17122 1.26095 0.182276 1.13774 0.147571 1.12907 0.182276 1.13774 0.17122 1.26095 0.113802 1.35109 0.113802 1.35109 0.115979 1.21769 0.264736 1.22814 0.210422 1.35715 0.25144 1.35562 0.210422 1.35715 0.264736 1.22814 0.238406 1.21768 0.210422 1.35715 0.183297 1.34885 0.199114 1.40554 0.183297 1.34885 0.210422 1.35715 0.189501 1.33229 0.267818 1.35742 0.25144 1.35562 0.267818 1.35742 0.27283 1.3716 0.277946 1.24143 0.294412 1.11766 0.264736 1.22814 0.285004 1.11997 0.264736 1.22814 0.294412 1.11766 0.246238 1.11081 0.206573 1.2148 0.238406 1.21768 0.206573 1.2148 0.246238 1.11081 0.221484 1.09912 0.25144 1.35562 0.199114 1.40554 0.199114 1.40554 0.25144 1.35562 0.210422 1.35715 0.267818 1.35742 0.277946 1.24143 0.264736 1.22814 0.264736 1.22814 0.25144 1.35562 0.267818 1.35742 0.238406 1.21768 0.285004 1.11997 0.246238 1.11081 0.285004 1.11997 0.238406 1.21768 0.264736 1.22814 0.238406 1.21768 0.210422 1.35715 0.238406 1.21768 0.206573 1.2148 0.310379 1.56944 0.320598 1.77733 0.33252 1.63317 0.320598 1.77733 0.251389 1.77658 0.277973 1.41446 0.256337 1.46105 0.294285 1.47811 0.256337 1.46105 0.277973 1.41446 0.27283 1.3716 0.707308 1.46783 0.671976 1.44012 0.686052 1.52293 0.671976 1.44012 0.707308 1.46783 0.701194 1.36734 0.294285 1.47811 0.321452 1.4455 0.277973 1.41446 0.294285 1.47811 0.251389 1.77658 0.31017 1.50423 0.222489 1.78811 0.294285 1.47811 0.256337 1.46105 0.351292 1.2996 0.291957 1.37432 0.33142 1.3923 0.291957 1.37432 0.351292 1.2996 0.318841 1.27307 0.291957 1.37432 0.27283 1.3716 0.277973 1.41446 0.27283 1.3716 0.291957 1.37432 0.273764 1.36107 0.321452 1.4455 0.360053 1.38591 0.321452 1.4455 0.347012 1.46281 0.351292 1.2996 0.395039 1.17996 0.377908 1.16894 0.395039 1.17996 0.351292 1.2996 0.37053 1.31915 0.346451 1.15885 0.309492 1.24243 0.318841 1.27307 0.346451 1.15885 0.331955 1.13639 0.277973 1.41446 0.321452 1.4455 0.277973 1.41446 0.291957 1.37432 0.37053 1.31915 0.351292 1.2996 0.37053 1.31915 0.318841 1.27307 0.377908 1.16894 0.346451 1.15885 0.377908 1.16894 0.318841 1.27307 0.351292 1.2996 0.318841 1.27307 0.273764 1.36107 0.291957 1.37432 0.273764 1.36107 0.318841 1.27307 0.67728 1.3043 0.670107 1.41092 0.692072 1.35973 0.670107 1.41092 0.67728 1.3043 0.648203 1.34807 0.670107 1.41092 0.643934 1.4478 0.671976 1.44012 0.643934 1.4478 0.670107 1.41092 0.643393 1.42889 0.701194 1.36734 0.712044 1.34422 0.712044 1.34422 0.701194 1.36734 0.717137 1.34311 0.691979 1.29129 0.668968 1.20746 0.674248 1.29133 0.674248 1.29133 0.67728 1.3043 0.614323 1.22543 0.627317 1.34191 0.631357 1.22818 0.631357 1.22818 0.629856 1.21843 0.614323 1.22543 0.670107 1.41092 0.701194 1.36734 0.671976 1.44012 0.701194 1.36734 0.670107 1.41092 0.67728 1.3043 0.712044 1.34422 0.631357 1.22818 0.652506 1.20878 0.629856 1.21843 0.674248 1.29133 0.648203 1.34807 0.67728 1.3043 0.648203 1.34807 0.643393 1.42889 0.670107 1.41092 0.643393 1.42889 0.648203 1.34807 0.627317 1.34191 0.749824 1.7693 0.704885 1.84814 0.776565 1.77275 0.777705 1.6632 0.784105 1.47957 0.707308 1.46783 0.776565 1.77275 0.758499 1.89029 0.810271 1.81947 0.707308 1.46783 0.793742 1.32756 0.72485 1.34947 0.707308 1.46783 0.85783 1.70076 0.811027 1.66449 0.85783 1.70076 0.803734 1.32916 0.818793 1.33096 0.813323 1.9251 0.810271 1.81947 0.758499 1.89029 0.890983 1.39145 0.810271 1.81947 0.91171 1.83925 0.85783 1.70076 0.91171 1.83925 0.810271 1.81947 0.813323 1.9251 0.732081 1.31108 0.75686 1.24072 0.735158 1.24471 0.75686 1.24072 0.732081 1.31108 0.774022 1.29674 0.753933 1.21717 0.775657 1.12698 0.740879 1.13826 0.753933 1.21717 0.75686 1.24072 0.779714 1.23802 0.697951 1.13394 0.708445 1.2473 0.717381 1.14618 0.717381 1.14618 0.71571 1.13748 0.697951 1.13394 0.717137 1.34311 0.719122 1.31739 0.794307 1.29252 0.774022 1.29674 0.794307 1.29252 0.717381 1.14618 0.739431 1.12979 0.71571 1.13748 0.731329 1.22414 0.753933 1.21717 0.719122 1.31739 0.732081 1.31108 0.732081 1.31108 0.774022 1.29674 0.774022 1.29674 0.732081 1.31108 0.774022 1.29674 0.779714 1.23802 0.75686 1.24072 0.779714 1.23802 0.774022 1.29674 0.794307 1.29252 0.850295 1.26192 0.821094 1.31238 0.872305 1.36005 0.850295 1.26192 0.820126 1.26874 0.818793 1.33096 0.802283 1.30433 0.894853 1.3182 0.872305 1.36005 0.894853 1.3182 0.897831 1.37339 0.896949 1.25679 0.874923 1.16677 0.849453 1.24451 0.849453 1.24451 0.850295 1.26192 0.896949 1.25679 0.819535 1.25057 0.80111 1.28541 0.819552 1.16928 0.819251 1.16166 0.798004 1.16013 0.872305 1.36005 0.818793 1.33096 0.818793 1.33096 0.872305 1.36005 0.872305 1.36005 0.896949 1.25679 0.850295 1.26192 0.896949 1.25679 0.872305 1.36005 0.894853 1.3182 0.847642 1.1629 0.819552 1.16928 0.849453 1.24451 0.850295 1.26192 0.80111 1.28541 0.37305 1.87493 0.555692 1.85781 0.408599 1.84435 0.55823 1.89479 0.617633 1.82127 0.545928 1.8336 0.431206 1.81347 0.320598 1.77733 0.320598 1.77733 0.375302 1.751 0.268771 1.94459 0.320598 1.77733 0.758499 1.89029 0.55823 1.89479 0.758499 1.89029 0.813323 1.9251 0.320598 1.77733 0.55823 1.89479 0.268771 1.94459 0.268771 1.94459 0.55823 1.89479 0.55823 1.89479 0.55823 1.89479 0.758499 1.89029 0.447862 1.75243 0.51927 1.65789 0.447384 1.66258 0.51927 1.65789 0.526941 1.74963 0.51927 1.65789 0.51927 1.65789 0.573352 1.65582 0.452815 1.50944 0.404404 1.55956 0.404404 1.55956 0.452815 1.50944 0.400042 1.68946 0.598667 1.78563 0.526941 1.74963 0.452815 1.50944 0.51927 1.65789 0.400042 1.68946 0.400042 1.68946 0.404404 1.55956 0.526941 1.74963 0.526941 1.74963 0.526941 1.74963 0.573352 1.65582 0.51927 1.65789 0.573352 1.65582 0.526941 1.74963 0.632547 1.74322 0.70679 1.69412 0.646526 1.65367 0.70679 1.69412 0.632547 1.74322 0.66628 1.80361 0.621929 1.60895 0.601381 1.6401 0.610948 1.53696 0.573352 1.65582 0.66628 1.80361 0.632547 1.74322 0.66628 1.80361 0.646526 1.65367 0.646526 1.65367 0.632547 1.74322 0.632547 1.74322 0.573352 1.65582 0.573352 1.65582 0.632547 1.74322 0.395038 1.54946 0.40631 1.45957 0.395038 1.54946 0.404404 1.55956 0.643782 1.62636 0.65129 1.5632 0.686052 1.52293 0.649205 1.49903 0.70679 1.69412 0.646526 1.65367 0.33252 1.63317 0.400042 1.68946 0.382836 1.5886 0.400042 1.68946 0.33252 1.63317 0.646526 1.65367 0.646526 1.65367 0.382836 1.5886 0.404404 1.55956 0.395038 1.54946 0.404404 1.55956 0.382836 1.5886 0.400042 1.68946 0.897831 1.37339 0.818793 1.33096 0.818793 1.33096 0.707308 1.46783 0.701194 1.36734 0.732081 1.31108 0.719122 1.31739 0.701194 1.36734 0.717137 1.34311 0.811027 1.66449 0.777705 1.6632 0.758499 1.89029 0.776565 1.77275 0.85783 1.70076 0.811027 1.66449 0.810271 1.81947 0.66628 1.80361 0.73198 1.75048 0.66628 1.80361 0.310379 1.56944 0.251389 1.77658 0.320598 1.77733 0.33252 1.63317 0.320598 1.77733 0.294285 1.47811 0.31017 1.50423 0.321452 1.4455 0.321452 1.4455 0.310379 1.56944 0.347012 1.46281 0.671976 1.44012 0.645702 1.47009 0.686052 1.52293 0.671976 1.44012 0.643934 1.4478 0.686052 1.52293 0.70679 1.69412 0.686052 1.52293 0.70679 1.69412 0.66628 1.80361 0.73198 1.75048 0.268771 1.94459 0.622488 1.16688 0.615727 1.12951 0.622488 1.16688 0.615977 1.07807 0.59385 1.10186 0.615727 1.12951 0.622488 1.16688 0.652506 1.20878 0.641316 1.0842 0.622488 1.16688 0.615727 1.12951 0.603906 1.16812 0.708931 1.03253 0.741071 1.07994 0.728273 1.01594 0.711989 1.08537 0.741071 1.07994 0.708931 1.03253 0.713792 1.00468 0.703144 1.02642 0.708931 1.03253 0.728273 1.01594 0.741071 1.07994 0.741184 1.00351 0.711989 1.08537 0.708931 1.03253 0.692211 1.09096 0.741071 1.07994 0.711989 1.08537 0.739431 1.12979 0.818643 1.05059 0.845551 1.09865 0.838875 1.04624 0.820353 1.10549 0.845551 1.09865 0.818643 1.05059 0.826564 1.03285 0.809835 1.0494 0.818643 1.05059 0.838875 1.04624 0.845551 1.09865 0.852482 1.04407 0.820353 1.10549 0.818643 1.05059 0.80184 1.10993 0.845551 1.09865 0.820353 1.10549 0.847161 1.1548 0.268771 1.94459 0.151663 1.07617 0.147571 1.12907 0.16954 1.07722 0.139909 1.06926 0.134579 1.12516 0.147571 1.12907 0.139909 1.06926 0.147571 1.12907 0.151663 1.07617 0.151663 1.07617 0.151091 1.02789 0.139909 1.06926 0.159019 1.04081 0.151091 1.02789 0.151663 1.07617 0.196416 1.02702 0.170121 1.02148 0.189512 1.04676 0.170121 1.02148 0.159019 1.04081 0.189512 1.04676 0.189512 1.04676 0.202592 1.09689 0.196416 1.02702 0.185251 1.08526 0.202592 1.09689 0.189512 1.04676 0.182276 1.13774 0.202592 1.09689 0.185251 1.08526 0.252435 1.06243 0.246238 1.11081 0.271377 1.05597 0.236735 1.05738 0.221484 1.09912 0.246238 1.11081 0.236735 1.05738 0.246238 1.11081 0.252435 1.06243 0.252435 1.06243 0.251419 1.00839 0.236735 1.05738 0.256281 1.02279 0.251419 1.00839 0.252435 1.06243 0.273684 1.00296 0.251419 1.00839 0.256281 1.02279 0.273684 1.00296 0.256281 1.02279 0.28907 1.02571 0.28907 1.02571 0.295076 1.06045 0.294225 1.01451 0.295076 1.06045 0.28907 1.02571 0.285004 1.11997 0.295076 1.06045 0.377908 1.16894 0.398907 1.12922 0.379914 1.13651 0.365098 1.12622 0.346451 1.15885 0.377908 1.16894 0.377908 1.16894 0.379914 1.13651 0.365098 1.12622 0.379914 1.13651 0.389693 1.08809 0.365098 1.12622 0.379914 1.13651 0.371237 1.07043 0.351015 1.07823 0.354774 1.08748 0.354774 1.08748 0.365098 1.12622 0.347352 1.12172 0.354774 1.08748 0.342414 1.11391 0.365098 1.12622 0.354774 1.08748 0.347352 1.12172 0.347352 1.12172 0.346451 1.15885 0.365098 1.12622 0.707308 1.46783 0.70679 1.69412 0.73198 1.75048 0.686052 1.52293 0.70679 1.69412 0.707308 1.46783 0.73198 1.75048 0.777705 1.6632 0.707308 1.46783 0.66628 1.80361 0.777705 1.6632 0.73198 1.75048 0.811027 1.66449 0.777705 1.6632 0.776565 1.77275 0.811027 1.66449 0.811027 1.66449 0.776565 1.77275 0.810271 1.81947 0.615977 1.07807 0.615727 1.12951 0.389693 1.08809 0.371237 1.07043 0.713792 1.00468 0.708931 1.03253 0.728273 1.01594 0.294225 1.01451 0.273684 1.00296 0.28907 1.02571 0.170121 1.02148 0.151091 1.02789 0.159019 1.04081 0.852482 1.04407 0.826564 1.03285 0.838875 1.04624 0.965319 1.14802 0.948756 1.09236 0.0632737 1.1113 0.0602212 1.14457 0.0775127 1.12092 0.31017 1.50423 0.310379 1.56944 0.321452 1.4455 0.31017 1.50423 0.251389 1.77658 0.310379 1.56944 0.654439 1.21705 0.631357 1.22818 0.646159 1.3348 0.627317 1.34191 0.648203 1.34807 0.648203 1.34807 0.674248 1.29133 0.654439 1.21705 0.668968 1.20746 0.652506 1.20878 0.753933 1.21717 0.740879 1.13826 0.779714 1.23802 0.775657 1.12698 0.753933 1.21717 0.753933 1.21717 0.75686 1.24072 0.798004 1.16013 0.80111 1.28541 0.819552 1.16928 0.819552 1.16928 0.847161 1.1548 0.819251 1.16166 0.849453 1.24451 0.847642 1.1629 0.874923 1.16677 0.847161 1.1548 0.92319 1.32266 0.929625 1.25804 0.959067 1.36105 0.929625 1.25804 0.92319 1.32266 0.996961 1.39591 0.959067 1.36105 0.959009 1.38087 0.92319 1.32266 0.959009 1.38087 0.959067 1.36105 0.654439 1.21705 0.652506 1.20878 0.631357 1.22818 0.631357 1.22818 0.627317 1.34191 0.674248 1.29133 0.668968 1.20746 0.654439 1.21705 0.674248 1.29133 0.654439 1.21705 0.740879 1.13826 0.739431 1.12979 0.717381 1.14618 0.717381 1.14618 0.740879 1.13826 0.717381 1.14618 0.740879 1.13826 0.775657 1.12698 0.739431 1.12979 0.847642 1.1629 0.847161 1.1548 0.819552 1.16928 0.819552 1.16928 0.80111 1.28541 0.849453 1.24451 0.874923 1.16677 0.847642 1.1629 0.849453 1.24451 0.847642 1.1629 0.929625 1.25804 0.93023 1.2506 0.959383 1.25082 0.93023 1.2506 0.929625 1.25804 0.93023 1.2506 0.959383 1.25082 0.959414 1.2418 0.996961 1.24265 0.959414 1.2418 0.959383 1.25082 0.610685 1.536 0.610685 1.536 0.107384 1.93629 0.138082 1.76431 0.251389 1.77658 0.138082 1.76431 0.222489 1.78811 0.251389 1.77658 0.222489 1.78811 0.256337 1.46105 0.222489 1.78811 0.138082 1.76431 0.251389 1.77658 0.222489 1.78811 0.294285 1.47811 0.197009 1.15068 0.182276 1.13774 0.202592 1.09689 0.185251 1.08526 0.182276 1.13774 0.16954 1.07722 0.159019 1.04081 0.189512 1.04676 0.16954 1.07722 0.185251 1.08526 0.16954 1.07722 0.189512 1.04676 0.159019 1.04081 0.16954 1.07722 0.151663 1.07617 0.147571 1.12907 0.16954 1.07722 0.182276 1.13774 0.294412 1.11766 0.285004 1.11997 0.295076 1.06045 0.285004 1.11997 0.271377 1.05597 0.256281 1.02279 0.28907 1.02571 0.271377 1.05597 0.271377 1.05597 0.28907 1.02571 0.256281 1.02279 0.271377 1.05597 0.252435 1.06243 0.246238 1.11081 0.271377 1.05597 0.285004 1.11997 0.395039 1.17996 0.377908 1.16894 0.398907 1.12922 0.331955 1.13639 0.342414 1.11391 0.346451 1.15885 0.354774 1.08748 0.371237 1.07043 0.346451 1.15885 0.342414 1.11391 0.347352 1.12172 0.398907 1.12922 0.379914 1.13651 0.389693 1.08809 0.351015 1.07823 0.354774 1.08748 0.342414 1.11391 0.614323 1.22543 0.603906 1.16812 0.629856 1.21843 0.668968 1.20746 0.652506 1.20878 0.663105 1.14761 0.629856 1.21843 0.603906 1.16812 0.622488 1.16688 0.663105 1.14761 0.652506 1.20878 0.615977 1.07807 0.641316 1.0842 0.629856 1.21843 0.622488 1.16688 0.652506 1.20878 0.663105 1.14761 0.641316 1.0842 0.59385 1.10186 0.615727 1.12951 0.603906 1.16812 0.775657 1.12698 0.739431 1.12979 0.758154 1.08554 0.697951 1.13394 0.692211 1.09096 0.71571 1.13748 0.758154 1.08554 0.739431 1.12979 0.741071 1.07994 0.713792 1.00468 0.741184 1.00351 0.728273 1.01594 0.71571 1.13748 0.692211 1.09096 0.711989 1.08537 0.758154 1.08554 0.741071 1.07994 0.741184 1.00351 0.703144 1.02642 0.708931 1.03253 0.692211 1.09096 0.71571 1.13748 0.711989 1.08537 0.739431 1.12979 0.874923 1.16677 0.847161 1.1548 0.865402 1.09772 0.798004 1.16013 0.80184 1.10993 0.819251 1.16166 0.865402 1.09772 0.847161 1.1548 0.845551 1.09865 0.818643 1.05059 0.826564 1.03285 0.838875 1.04624 0.819251 1.16166 0.80184 1.10993 0.820353 1.10549 0.865402 1.09772 0.845551 1.09865 0.852482 1.04407 0.809835 1.0494 0.818643 1.05059 0.80184 1.10993 0.819251 1.16166 0.820353 1.10549 0.847161 1.1548 0.440815 1.43632 0.452815 1.50944 0.452815 1.50944 0.440815 1.43632 0.440815 1.43632 0.452815 1.50944 0.573739 1.44026 0.610685 1.536 0.593835 1.4327 0.559277 1.36276 0.573739 1.44026 0.593835 1.4327 0.573739 1.44026 0.559277 1.36276 0.573739 1.44026 0.593835 1.4327 0.573739 1.44026 0.559277 1.36276 0.573739 1.44026 0.442865 1.34849 0.432015 1.36215 0.610685 1.536 0.593835 1.4327 0.412207 1.40224 0.440815 1.43632 0.432015 1.36215 0.412207 1.40224 0.593835 1.4327 0.40631 1.45957 0.412207 1.40224 0.559277 1.36276 0.593835 1.4327 0.440815 1.43632 0.412207 1.40224 0.0499894 1.92666 0.0499894 1.92666 0.107384 1.93629 0.949938 1.83554 0.949938 1.83554 0.999008 1.84517 0.000700054 1.84501 0.000700054 1.84501 0.0499894 1.92666 0.0947068 1.46744 0.107384 1.93629 0.0967738 1.75416 0.107384 1.93629 0.0499894 1.92666 0.0965961 1.44765 0.116658 1.48381 0.0947068 1.46744 0.116658 1.48381 0.0965961 1.44765 0.106189 1.41 0.000700054 1.6249 0.060906 1.45796 0.999008 1.84517 0.961909 1.70506 0.999008 1.69755 0.961909 1.70506 0.999008 1.84517 0.949938 1.83554 0.0967738 1.75416 0.0947068 1.46744 0.116658 1.48381 0.0947068 1.46744 0.0967738 1.75416 0.060906 1.45796 0.0947068 1.46744 0.0947068 1.46744 0.060906 1.45796 0.0965961 1.44765 0.999008 1.69755 0.961909 1.70506 0.000700054 1.6249 0.0499894 1.92666 0.0499894 1.92666 0.000700054 1.84501 0.0782989 1.30711 0.106189 1.41 0.0976731 1.37042 0.106189 1.41 0.0965961 1.44765 0.0771251 1.2272 0.106032 1.30406 0.0782989 1.30711 0.106032 1.30406 0.0771251 1.2272 0.101097 1.24599 0.000700054 1.26589 0.000700054 1.42124 0.000700054 1.26589 0.0479239 1.22666 0.060906 1.45796 0.000700054 1.51957 0.000700054 1.51957 0.060906 1.45796 0.0976731 1.37042 0.0782989 1.30711 0.106032 1.30406 0.0782989 1.30711 0.0976731 1.37042 0.0479239 1.22666 0.0782989 1.30711 0.0782989 1.30711 0.0479239 1.22666 0.0771251 1.2272 0.000700054 1.42124 0.000700054 1.51957 0.000700054 1.42124 0.0965961 1.44765 0.0965961 1.44765 0.060906 1.45796 0.0602212 1.14457 0.0767403 1.18719 0.0491681 1.18067 0.101097 1.24599 0.0767403 1.18719 0.0962169 1.20371 0.0767403 1.18719 0.101097 1.24599 0.0771251 1.2272 0.0479239 1.22666 0.000700054 1.20243 0.0491681 1.18067 0.000700054 1.20243 0.0479239 1.22666 0.000700054 1.26589 0.0767403 1.18719 0.0602212 1.14457 0.0775127 1.12092 0.0775127 1.12092 0.0962169 1.20371 0.0767403 1.18719 0.0602212 1.14457 0.0488483 1.1209 0.0632737 1.1113 0.0488483 1.1209 0.0491681 1.18067 0.000700054 1.20243 0.0491681 1.18067 0.0488483 1.1209 0.0602212 1.14457 0.0771251 1.2272 0.0491681 1.18067 0.0767403 1.18719 0.0491681 1.18067 0.0771251 1.2272 0.0479239 1.22666 0.268771 1.94459 0.107384 1.93629 0.91171 1.83925 0.813323 1.9251 0.813323 1.9251 0.91171 1.83925 0.813323 1.9251 0.949938 1.83554 0.92909 1.83761 0.949938 1.83554 0.92909 1.83761 0.91171 1.83925 0.926731 1.70918 0.926731 1.70918 0.85783 1.70076 0.949938 1.83554 0.926731 1.70918 0.961909 1.70506 0.926731 1.70918 0.949938 1.83554 0.92909 1.83761 0.996961 1.52655 0.85783 1.70076 0.92909 1.83761 0.91171 1.83925 0.961909 1.70506 0.961909 1.70506 0.926731 1.70918 0.92909 1.83761 0.85783 1.70076 0.926731 1.70918 0.953747 1.47583 0.921867 1.3389 0.959009 1.38087 0.921867 1.3389 0.953747 1.47583 0.913506 1.4089 0.996961 1.52655 0.953747 1.47583 0.953747 1.47583 0.996961 1.52655 0.959383 1.25082 0.996961 1.39591 0.959067 1.36105 0.996961 1.39591 0.959383 1.25082 0.996961 1.24265 0.92319 1.32266 0.912645 1.32493 0.921867 1.3389 0.912645 1.32493 0.92319 1.32266 0.904758 1.37339 0.913506 1.4089 0.904758 1.37339 0.897831 1.37339 0.959009 1.38087 0.996961 1.39591 0.959009 1.38087 0.953747 1.47583 0.92319 1.32266 0.959009 1.38087 0.921867 1.3389 0.959067 1.36105 0.929625 1.25804 0.959383 1.25082 0.912645 1.32493 0.913506 1.4089 0.904758 1.37339 0.913506 1.4089 0.912645 1.32493 0.921867 1.3389 0.913506 1.4089 0.953747 1.47583 0.913506 1.4089 0.965319 1.14802 0.936152 1.20812 0.996961 1.24265 0.997406 1.20275 0.996961 1.24265 0.959414 1.2418 0.93023 1.2506 0.922853 1.19686 0.936152 1.20812 0.922853 1.19686 0.93023 1.2506 0.997406 1.20275 0.965319 1.14802 0.966976 1.11536 0.965319 1.14802 0.997406 1.20275 0.926862 1.10368 0.948756 1.09236 0.965319 1.14802 0.948756 1.09236 0.966976 1.11536 0.926862 1.10368 0.936152 1.20812 0.922853 1.19686 0.936152 1.20812 0.926862 1.10368 0.959414 1.2418 0.936152 1.20812 0.936152 1.20812 0.959414 1.2418 0.93023 1.2506 0.138082 1.76431 0.17385 1.46354 0.212158 1.44995 0.17385 1.46354 0.138082 1.76431 0.136561 1.44335 0.138082 1.76431 0.107384 1.93629 0.0967738 1.75416 0.256337 1.46105 0.212158 1.44995 0.256337 1.46105 0.27283 1.3716 0.183297 1.34885 0.17385 1.46354 0.16286 1.39621 0.17385 1.46354 0.183297 1.34885 0.199114 1.40554 0.116658 1.48381 0.12174 1.40273 0.136561 1.44335 0.12174 1.40273 0.116658 1.48381 0.106189 1.41 0.138082 1.76431 0.212158 1.44995 0.256337 1.46105 0.199114 1.40554 0.212158 1.44995 0.17385 1.46354 0.212158 1.44995 0.199114 1.40554 0.16286 1.39621 0.136561 1.44335 0.12174 1.40273 0.136561 1.44335 0.16286 1.39621 0.17385 1.46354 0.116658 1.48381 0.136561 1.44335 0.138082 1.76431 0.138082 1.76431 0.0967738 1.75416 0.116658 1.48381 0.17122 1.26095 0.17122 1.26095 0.106189 1.41 0.12174 1.40273 0.106189 1.41 0.113802 1.35109 0.16286 1.39621 0.16286 1.39621 0.183297 1.34885 0.197009 1.15068 0.17122 1.26095 0.182276 1.13774 0.17122 1.26095 0.197009 1.15068 0.115979 1.21769 0.147571 1.12907 0.147571 1.12907 0.115979 1.21769 0.134579 1.12516 0.12174 1.40273 0.16286 1.39621 0.12174 1.40273 0.17122 1.26095 0.182276 1.13774 0.147571 1.12907 0.182276 1.13774 0.17122 1.26095 0.113802 1.35109 0.113802 1.35109 0.115979 1.21769 0.210422 1.35715 0.264736 1.22814 0.25144 1.35562 0.264736 1.22814 0.210422 1.35715 0.238406 1.21768 0.183297 1.34885 0.210422 1.35715 0.199114 1.40554 0.210422 1.35715 0.183297 1.34885 0.267818 1.35742 0.25144 1.35562 0.267818 1.35742 0.27283 1.3716 0.294412 1.11766 0.277946 1.24143 0.264736 1.22814 0.264736 1.22814 0.285004 1.11997 0.294412 1.11766 0.206573 1.2148 0.246238 1.11081 0.238406 1.21768 0.246238 1.11081 0.206573 1.2148 0.221484 1.09912 0.199114 1.40554 0.25144 1.35562 0.25144 1.35562 0.199114 1.40554 0.210422 1.35715 0.277946 1.24143 0.267818 1.35742 0.264736 1.22814 0.25144 1.35562 0.264736 1.22814 0.267818 1.35742 0.285004 1.11997 0.238406 1.21768 0.246238 1.11081 0.238406 1.21768 0.285004 1.11997 0.264736 1.22814 0.238406 1.21768 0.210422 1.35715 0.238406 1.21768 0.206573 1.2148 0.320598 1.77733 0.310379 1.56944 0.33252 1.63317 0.320598 1.77733 0.251389 1.77658 0.256337 1.46105 0.277973 1.41446 0.294285 1.47811 0.277973 1.41446 0.256337 1.46105 0.27283 1.3716 0.671976 1.44012 0.707308 1.46783 0.686052 1.52293 0.707308 1.46783 0.671976 1.44012 0.701194 1.36734 0.321452 1.4455 0.294285 1.47811 0.277973 1.41446 0.251389 1.77658 0.294285 1.47811 0.31017 1.50423 0.294285 1.47811 0.222489 1.78811 0.256337 1.46105 0.291957 1.37432 0.351292 1.2996 0.351292 1.2996 0.291957 1.37432 0.318841 1.27307 0.27283 1.3716 0.291957 1.37432 0.277973 1.41446 0.291957 1.37432 0.27283 1.3716 0.273764 1.36107 0.321452 1.4455 0.321452 1.4455 0.347012 1.46281 0.395039 1.17996 0.351292 1.2996 0.377908 1.16894 0.351292 1.2996 0.395039 1.17996 0.37053 1.31915 0.346451 1.15885 0.318841 1.27307 0.346451 1.15885 0.331955 1.13639 0.277973 1.41446 0.321452 1.4455 0.277973 1.41446 0.291957 1.37432 0.37053 1.31915 0.351292 1.2996 0.37053 1.31915 0.377908 1.16894 0.318841 1.27307 0.346451 1.15885 0.318841 1.27307 0.377908 1.16894 0.351292 1.2996 0.273764 1.36107 0.318841 1.27307 0.291957 1.37432 0.318841 1.27307 0.273764 1.36107 0.670107 1.41092 0.67728 1.3043 0.67728 1.3043 0.670107 1.41092 0.648203 1.34807 0.643934 1.4478 0.670107 1.41092 0.671976 1.44012 0.670107 1.41092 0.643934 1.4478 0.643393 1.42889 0.712044 1.34422 0.701194 1.36734 0.701194 1.36734 0.712044 1.34422 0.717137 1.34311 0.668968 1.20746 0.674248 1.29133 0.67728 1.3043 0.674248 1.29133 0.627317 1.34191 0.614323 1.22543 0.631357 1.22818 0.629856 1.21843 0.631357 1.22818 0.614323 1.22543 0.670107 1.41092 0.701194 1.36734 0.701194 1.36734 0.671976 1.44012 0.670107 1.41092 0.67728 1.3043 0.712044 1.34422 0.652506 1.20878 0.631357 1.22818 0.629856 1.21843 0.648203 1.34807 0.674248 1.29133 0.67728 1.3043 0.643393 1.42889 0.648203 1.34807 0.670107 1.41092 0.648203 1.34807 0.643393 1.42889 0.627317 1.34191 0.810271 1.81947 0.758499 1.89029 0.777705 1.6632 0.707308 1.46783 0.776565 1.77275 0.810271 1.81947 0.707308 1.46783 0.707308 1.46783 0.85783 1.70076 0.811027 1.66449 0.85783 1.70076 0.818793 1.33096 0.810271 1.81947 0.813323 1.9251 0.758499 1.89029 0.91171 1.83925 0.810271 1.81947 0.85783 1.70076 0.810271 1.81947 0.91171 1.83925 0.813323 1.9251 0.75686 1.24072 0.732081 1.31108 0.732081 1.31108 0.75686 1.24072 0.774022 1.29674 0.775657 1.12698 0.753933 1.21717 0.740879 1.13826 0.75686 1.24072 0.753933 1.21717 0.779714 1.23802 0.697951 1.13394 0.717381 1.14618 0.71571 1.13748 0.717381 1.14618 0.697951 1.13394 0.717137 1.34311 0.719122 1.31739 0.794307 1.29252 0.774022 1.29674 0.794307 1.29252 0.739431 1.12979 0.717381 1.14618 0.71571 1.13748 0.753933 1.21717 0.719122 1.31739 0.732081 1.31108 0.732081 1.31108 0.774022 1.29674 0.774022 1.29674 0.732081 1.31108 0.779714 1.23802 0.774022 1.29674 0.75686 1.24072 0.774022 1.29674 0.779714 1.23802 0.794307 1.29252 0.850295 1.26192 0.872305 1.36005 0.850295 1.26192 0.818793 1.33096 0.894853 1.3182 0.872305 1.36005 0.894853 1.3182 0.897831 1.37339 0.874923 1.16677 0.896949 1.25679 0.849453 1.24451 0.850295 1.26192 0.849453 1.24451 0.896949 1.25679 0.80111 1.28541 0.819251 1.16166 0.819552 1.16928 0.798004 1.16013 0.818793 1.33096 0.872305 1.36005 0.872305 1.36005 0.818793 1.33096 0.896949 1.25679 0.872305 1.36005 0.850295 1.26192 0.872305 1.36005 0.896949 1.25679 0.894853 1.3182 0.819552 1.16928 0.847642 1.1629 0.849453 1.24451 0.850295 1.26192 0.80111 1.28541 0.55823 1.89479 0.320598 1.77733 0.320598 1.77733 0.268771 1.94459 0.320598 1.77733 0.758499 1.89029 0.55823 1.89479 0.758499 1.89029 0.813323 1.9251 0.320598 1.77733 0.268771 1.94459 0.55823 1.89479 0.55823 1.89479 0.268771 1.94459 0.55823 1.89479 0.55823 1.89479 0.758499 1.89029 0.51927 1.65789 0.51927 1.65789 0.526941 1.74963 0.51927 1.65789 0.51927 1.65789 0.573352 1.65582 0.404404 1.55956 0.452815 1.50944 0.452815 1.50944 0.404404 1.55956 0.400042 1.68946 0.526941 1.74963 0.452815 1.50944 0.51927 1.65789 0.400042 1.68946 0.400042 1.68946 0.404404 1.55956 0.526941 1.74963 0.526941 1.74963 0.573352 1.65582 0.526941 1.74963 0.51927 1.65789 0.526941 1.74963 0.573352 1.65582 0.70679 1.69412 0.632547 1.74322 0.646526 1.65367 0.632547 1.74322 0.70679 1.69412 0.66628 1.80361 0.573352 1.65582 0.66628 1.80361 0.632547 1.74322 0.66628 1.80361 0.646526 1.65367 0.646526 1.65367 0.632547 1.74322 0.573352 1.65582 0.632547 1.74322 0.632547 1.74322 0.573352 1.65582 0.395038 1.54946 0.40631 1.45957 0.395038 1.54946 0.404404 1.55956 0.686052 1.52293 0.70679 1.69412 0.646526 1.65367 0.400042 1.68946 0.33252 1.63317 0.382836 1.5886 0.33252 1.63317 0.400042 1.68946 0.646526 1.65367 0.646526 1.65367 0.404404 1.55956 0.382836 1.5886 0.395038 1.54946 0.382836 1.5886 0.404404 1.55956 0.400042 1.68946 0.897831 1.37339 0.818793 1.33096 0.818793 1.33096 0.707308 1.46783 0.701194 1.36734 0.719122 1.31739 0.732081 1.31108 0.701194 1.36734 0.717137 1.34311 0.811027 1.66449 0.777705 1.6632 0.776565 1.77275 0.811027 1.66449 0.85783 1.70076 0.810271 1.81947 0.66628 1.80361 0.66628 1.80361 0.251389 1.77658 0.310379 1.56944 0.320598 1.77733 0.320598 1.77733 0.33252 1.63317 0.31017 1.50423 0.294285 1.47811 0.321452 1.4455 0.310379 1.56944 0.321452 1.4455 0.347012 1.46281 0.671976 1.44012 0.686052 1.52293 0.643934 1.4478 0.671976 1.44012 0.686052 1.52293 0.70679 1.69412 0.686052 1.52293 0.66628 1.80361 0.70679 1.69412 0.73198 1.75048 0.268771 1.94459 0.622488 1.16688 0.622488 1.16688 0.615727 1.12951 0.59385 1.10186 0.615977 1.07807 0.615727 1.12951 0.622488 1.16688 0.652506 1.20878 0.641316 1.0842 0.615727 1.12951 0.622488 1.16688 0.603906 1.16812 0.741071 1.07994 0.708931 1.03253 0.728273 1.01594 0.741071 1.07994 0.711989 1.08537 0.708931 1.03253 0.703144 1.02642 0.713792 1.00468 0.708931 1.03253 0.741071 1.07994 0.728273 1.01594 0.741184 1.00351 0.708931 1.03253 0.711989 1.08537 0.692211 1.09096 0.711989 1.08537 0.741071 1.07994 0.739431 1.12979 0.845551 1.09865 0.818643 1.05059 0.838875 1.04624 0.845551 1.09865 0.820353 1.10549 0.818643 1.05059 0.809835 1.0494 0.826564 1.03285 0.818643 1.05059 0.845551 1.09865 0.838875 1.04624 0.852482 1.04407 0.818643 1.05059 0.820353 1.10549 0.80184 1.10993 0.820353 1.10549 0.845551 1.09865 0.847161 1.1548 0.268771 1.94459 0.147571 1.12907 0.151663 1.07617 0.16954 1.07722 0.134579 1.12516 0.139909 1.06926 0.147571 1.12907 0.147571 1.12907 0.139909 1.06926 0.151663 1.07617 0.151091 1.02789 0.151663 1.07617 0.139909 1.06926 0.151091 1.02789 0.159019 1.04081 0.151663 1.07617 0.170121 1.02148 0.196416 1.02702 0.189512 1.04676 0.159019 1.04081 0.170121 1.02148 0.189512 1.04676 0.202592 1.09689 0.189512 1.04676 0.196416 1.02702 0.202592 1.09689 0.185251 1.08526 0.189512 1.04676 0.202592 1.09689 0.182276 1.13774 0.185251 1.08526 0.246238 1.11081 0.252435 1.06243 0.271377 1.05597 0.221484 1.09912 0.236735 1.05738 0.246238 1.11081 0.246238 1.11081 0.236735 1.05738 0.252435 1.06243 0.251419 1.00839 0.252435 1.06243 0.236735 1.05738 0.251419 1.00839 0.256281 1.02279 0.252435 1.06243 0.251419 1.00839 0.273684 1.00296 0.256281 1.02279 0.256281 1.02279 0.273684 1.00296 0.28907 1.02571 0.295076 1.06045 0.28907 1.02571 0.294225 1.01451 0.295076 1.06045 0.28907 1.02571 0.295076 1.06045 0.285004 1.11997 0.398907 1.12922 0.377908 1.16894 0.379914 1.13651 0.346451 1.15885 0.365098 1.12622 0.377908 1.16894 0.379914 1.13651 0.377908 1.16894 0.365098 1.12622 0.379914 1.13651 0.389693 1.08809 0.379914 1.13651 0.365098 1.12622 0.351015 1.07823 0.371237 1.07043 0.354774 1.08748 0.354774 1.08748 0.365098 1.12622 0.354774 1.08748 0.347352 1.12172 0.342414 1.11391 0.354774 1.08748 0.365098 1.12622 0.347352 1.12172 0.346451 1.15885 0.347352 1.12172 0.365098 1.12622 0.70679 1.69412 0.707308 1.46783 0.73198 1.75048 0.70679 1.69412 0.686052 1.52293 0.707308 1.46783 0.777705 1.6632 0.73198 1.75048 0.707308 1.46783 0.66628 1.80361 0.73198 1.75048 0.777705 1.6632 0.73198 1.75048 0.811027 1.66449 0.777705 1.6632 0.811027 1.66449 0.776565 1.77275 0.776565 1.77275 0.811027 1.66449 0.810271 1.81947 0.615727 1.12951 0.615977 1.07807 0.371237 1.07043 0.389693 1.08809 0.708931 1.03253 0.713792 1.00468 0.728273 1.01594 0.273684 1.00296 0.294225 1.01451 0.28907 1.02571 0.151091 1.02789 0.170121 1.02148 0.159019 1.04081 0.826564 1.03285 0.852482 1.04407 0.838875 1.04624 0.965319 1.14802 0.948756 1.09236 0.0602212 1.14457 0.0632737 1.1113 0.0775127 1.12092 0.310379 1.56944 0.31017 1.50423 0.321452 1.4455 0.251389 1.77658 0.31017 1.50423 0.310379 1.56944 0.631357 1.22818 0.654439 1.21705 0.627317 1.34191 0.648203 1.34807 0.648203 1.34807 0.674248 1.29133 0.668968 1.20746 0.654439 1.21705 0.652506 1.20878 0.740879 1.13826 0.753933 1.21717 0.775657 1.12698 0.779714 1.23802 0.753933 1.21717 0.753933 1.21717 0.75686 1.24072 0.80111 1.28541 0.798004 1.16013 0.819552 1.16928 0.847161 1.1548 0.819552 1.16928 0.819251 1.16166 0.849453 1.24451 0.874923 1.16677 0.847642 1.1629 0.847161 1.1548 0.92319 1.32266 0.929625 1.25804 0.929625 1.25804 0.959067 1.36105 0.92319 1.32266 0.959067 1.36105 0.996961 1.39591 0.959009 1.38087 0.959009 1.38087 0.92319 1.32266 0.959067 1.36105 0.652506 1.20878 0.654439 1.21705 0.631357 1.22818 0.627317 1.34191 0.631357 1.22818 0.668968 1.20746 0.674248 1.29133 0.654439 1.21705 0.654439 1.21705 0.674248 1.29133 0.739431 1.12979 0.740879 1.13826 0.717381 1.14618 0.717381 1.14618 0.717381 1.14618 0.740879 1.13826 0.775657 1.12698 0.740879 1.13826 0.739431 1.12979 0.847161 1.1548 0.847642 1.1629 0.819552 1.16928 0.80111 1.28541 0.819552 1.16928 0.874923 1.16677 0.849453 1.24451 0.847642 1.1629 0.847642 1.1629 0.849453 1.24451 0.929625 1.25804 0.93023 1.2506 0.93023 1.2506 0.959383 1.25082 0.929625 1.25804 0.959383 1.25082 0.93023 1.2506 0.959414 1.2418 0.959414 1.2418 0.996961 1.24265 0.959383 1.25082 0.610685 1.536 0.610685 1.536</float_array>
                    <technique_common>
                        <accessor source="#Bystander_B-texcoords-array" count="2273" stride="2">
                            <param name="S" type="float" />
                            <param name="T" type="float" />
                        </accessor>
                    </technique_common>
                </source>
                <vertices id="Bystander_B-geometry-vertices">
                    <input semantic="POSITION" source="#Bystander_B-positions" />
                </vertices>
                <triangles material="Material #83" count="1018">
                    <input semantic="VERTEX" source="#Bystander_B-geometry-vertices" offset="0" />
                    <input semantic="NORMAL" source="#Bystander_B-normals" offset="1" />
                    <input semantic="TEXCOORD" source="#Bystander_B-texcoords" offset="2" />
                    <p>0 0 0 1 1 1 2 2 2 2 2 2 3 3 3 4 4 4 0 0 5 2 2 2 5 5 6 2 2 2 4 4 7 5 5 8 5 5 9 6 6 10 0 0 11 5 5 12 4 4 13 7 7 14 8 8 15 9 9 16 10 10 17 8 8 18 11 11 19 12 12 20 13 13 21 14 14 22 12 12 23 12 12 24 11 11 25 13 13 26 12 12 27 14 14 28 15 15 29 12 12 30 16 16 31 8 8 32 17 17 33 18 18 34 19 19 35 17 17 36 20 20 37 21 21 38 22 22 39 23 23 40 21 21 41 21 21 42 20 20 37 22 22 43 21 21 44 23 23 45 24 24 46 21 21 47 25 25 48 17 17 49 26 26 50 27 27 51 28 28 52 29 29 53 30 30 54 31 31 55 32 32 56 33 33 57 34 34 58 29 29 59 31 31 60 35 35 61 36 36 62 28 28 63 37 37 64 33 33 65 38 38 66 29 29 67 28 28 68 27 27 69 39 39 70 40 40 71 30 30 72 29 29 73 28 28 74 39 39 75 41 41 76 40 40 77 29 29 78 42 42 79 38 38 80 32 32 81 43 43 82 41 41 83 39 39 84 40 40 85 42 42 79 29 29 86 38 38 87 44 44 88 37 37 89 28 28 90 45 45 91 46 46 92 47 47 93 19 19 94 18 18 95 48 48 96 45 45 97 47 47 98 49 49 99 50 50 100 51 51 101 52 52 102 19 19 103 48 48 104 53 53 105 49 49 106 47 47 107 50 50 108 54 54 109 55 55 110 19 19 111 53 53 112 48 48 113 45 45 114 56 56 115 57 57 116 58 58 117 10 10 118 9 9 119 59 59 120 56 56 121 58 58 122 60 60 123 61 61 124 62 62 125 63 63 126 10 10 127 59 59 128 64 64 129 60 60 130 58 58 131 65 65 132 62 62 133 66 66 134 10 10 135 64 64 136 59 59 137 56 56 138 67 67 139 68 68 140 69 69 141 70 70 142 71 71 143 72 72 144 73 73 145 74 74 146 75 75 147 67 67 139 69 69 141 70 70 142 76 76 148 71 71 143 70 70 142 73 73 149 75 75 150 70 70 142 70 70 142 69 69 141 76 76 148 70 70 142 72 72 144 73 73 151 70 70 142 75 75 152 67 67 139 77 77 153 68 68 140 78 78 154 78 78 154 79 79 155 80 80 156 81 81 157 71 71 143 76 76 148 69 69 141 68 68 140 77 77 158 78 78 154 80 80 159 77 77 160 81 81 161 76 76 148 77 77 162 77 77 163 80 80 164 81 81 165 77 77 166 76 76 148 69 69 141 72 72 144 71 71 167 81 81 168 80 80 169 79 79 170 82 82 171 83 83 172 74 74 146 73 73 173 72 72 144 81 81 174 83 83 175 80 80 176 82 82 171 83 83 177 82 82 178 74 74 146 83 83 179 83 83 177 81 81 180 80 80 181 83 83 182 73 73 183 72 72 144 84 84 184 85 85 185 86 86 186 85 85 187 84 84 184 1 1 188 87 87 189 88 88 190 89 89 191 88 88 192 87 87 189 90 90 193 86 86 186 90 90 194 87 87 195 90 90 196 86 86 186 85 85 197 91 91 198 92 92 199 93 93 200 92 92 199 91 91 198 94 94 201 92 92 199 1 1 202 95 95 203 1 1 204 92 92 199 85 85 205 96 96 206 97 97 207 93 93 208 97 97 209 96 96 210 98 98 211 91 91 198 99 99 212 100 100 213 99 99 212 91 91 198 101 101 214 102 102 215 90 90 216 94 94 217 90 90 218 102 102 219 88 88 220 93 93 221 95 95 222 96 96 223 95 95 224 93 93 225 92 92 199 93 93 226 101 101 227 91 91 198 101 101 228 93 93 229 97 97 230 94 94 231 100 100 232 102 102 233 100 100 234 94 94 201 91 91 198 94 94 201 85 85 235 92 92 199 85 85 236 94 94 201 90 90 237 103 103 238 104 104 239 105 105 240 104 104 239 103 103 238 106 106 241 104 104 239 98 98 242 107 107 243 98 98 244 104 104 239 97 97 245 108 108 246 109 109 247 105 105 248 109 109 249 108 108 250 110 110 251 103 103 238 111 111 252 112 112 253 111 111 254 103 103 238 113 113 255 114 114 256 101 101 257 106 106 241 101 101 258 114 114 259 99 99 212 105 105 260 107 107 261 108 108 262 107 107 263 105 105 264 104 104 239 105 105 265 113 113 266 103 103 238 113 113 267 105 105 268 109 109 269 106 106 241 112 112 270 114 114 271 112 112 272 106 106 241 103 103 238 106 106 241 97 97 273 104 104 239 97 97 274 106 106 241 101 101 275 115 115 276 116 116 277 117 117 278 115 115 279 110 110 280 118 118 281 110 110 282 115 115 283 109 109 284 119 119 285 113 113 286 117 117 287 113 113 288 119 119 289 111 111 290 116 116 291 115 115 292 120 120 293 118 118 294 120 120 295 115 115 296 121 121 297 116 116 298 122 122 299 117 117 300 121 121 301 119 119 302 121 121 303 117 117 304 116 116 305 117 117 306 109 109 307 115 115 308 109 109 309 117 117 310 113 113 311 123 123 312 124 124 313 2 2 2 125 125 314 2 2 2 124 124 313 2 2 2 84 84 184 123 123 312 84 84 184 2 2 2 1 1 315 126 126 316 127 127 317 128 128 318 129 129 319 130 130 320 127 127 317 130 130 320 129 129 321 131 131 322 127 127 317 126 126 323 129 129 324 128 128 318 88 88 325 132 132 326 88 88 327 128 128 318 89 89 191 128 128 318 132 132 328 126 126 329 133 133 330 134 134 331 135 135 332 134 134 333 133 133 330 136 136 334 134 134 335 88 88 336 102 102 337 88 88 338 134 134 339 132 132 340 100 100 232 137 137 341 135 135 332 137 137 341 100 100 232 99 99 342 132 132 343 136 136 344 126 126 345 135 135 332 102 102 346 100 100 232 102 102 347 135 135 332 134 134 348 135 135 332 138 138 349 133 133 330 138 138 349 135 135 332 137 137 341 136 136 350 132 132 351 134 134 352 139 139 353 140 140 354 141 141 355 140 140 356 139 139 357 142 142 358 140 140 359 99 99 360 114 114 361 99 99 362 140 140 363 137 137 341 112 112 364 143 143 365 144 144 366 143 143 367 112 112 368 111 111 369 145 145 370 110 110 371 108 108 372 108 108 373 139 139 374 145 145 375 107 107 376 138 138 349 142 142 377 138 138 349 107 107 378 98 98 379 141 141 380 114 114 361 112 112 381 114 114 361 141 141 382 140 140 383 141 141 384 145 145 385 139 139 386 146 146 387 144 144 388 143 143 389 142 142 390 108 108 391 107 107 392 108 108 393 142 142 394 139 139 395 142 142 396 137 137 341 140 140 397 137 137 341 142 142 398 138 138 349 147 147 399 148 148 400 149 149 401 148 148 400 147 147 399 150 150 402 148 148 400 111 111 403 119 119 404 111 111 405 148 148 400 151 151 406 118 118 407 152 152 408 150 150 409 152 152 410 118 118 411 110 110 371 149 149 412 119 119 413 121 121 414 119 119 415 149 149 416 148 148 400 122 122 417 120 120 418 147 147 399 122 122 419 149 149 420 121 121 421 150 150 422 120 120 423 118 118 424 120 120 425 150 150 426 147 147 399 150 150 427 151 151 428 148 148 400 151 151 429 150 150 430 152 152 431 153 153 432 0 0 433 154 154 434 0 0 435 153 153 436 155 155 437 1 1 438 0 0 439 95 95 440 6 6 441 156 156 442 154 154 443 156 156 442 6 6 444 157 157 445 153 153 446 158 158 447 159 159 448 158 158 449 153 153 450 160 160 451 161 161 452 96 96 453 155 155 454 96 96 455 161 161 456 98 98 457 154 154 458 0 0 459 6 6 460 154 154 461 160 160 462 153 153 463 160 160 464 154 154 465 156 156 442 155 155 466 159 159 467 161 161 468 159 159 469 155 155 470 153 153 471 155 155 472 96 96 473 0 0 474 95 95 475 0 0 476 96 96 477 162 162 478 163 163 479 164 164 480 163 163 479 162 162 481 165 165 482 163 163 479 98 98 483 161 161 484 98 98 485 163 163 479 166 166 486 159 159 487 167 167 488 164 164 480 167 167 488 159 159 489 158 158 490 162 162 491 9 9 492 8 8 493 9 9 494 162 162 495 168 168 496 16 16 497 169 169 498 165 165 482 169 169 499 16 16 500 57 57 501 164 164 480 161 161 502 159 159 503 161 161 504 164 164 480 163 163 479 164 164 480 168 168 496 162 162 505 168 168 496 164 164 480 167 167 488 165 165 482 8 8 506 16 16 507 8 8 508 165 165 482 162 162 509 165 165 482 166 166 510 163 163 479 166 166 511 165 165 482 169 169 512 170 170 513 171 171 514 172 172 515 171 171 516 170 170 517 173 173 518 171 171 519 158 158 520 160 160 521 158 158 522 171 171 523 174 174 524 156 156 442 175 175 525 172 172 526 175 175 527 156 156 442 157 157 528 176 176 529 18 18 530 170 170 531 17 17 532 170 170 533 18 18 534 25 25 535 177 177 536 173 173 537 177 177 538 25 25 539 46 46 540 172 172 541 160 160 542 156 156 442 160 160 543 172 172 544 171 171 545 175 175 546 176 176 547 170 170 548 170 170 549 172 172 550 175 175 551 173 173 552 17 17 553 25 25 554 17 17 555 173 173 556 170 170 557 173 173 558 174 174 524 171 171 559 174 174 524 173 173 560 177 177 561 178 178 562 179 179 563 180 180 564 3 3 3 179 179 565 4 4 566 181 181 567 6 6 568 7 7 569 6 6 570 181 181 571 157 157 572 182 182 573 183 183 574 184 184 575 183 183 576 182 182 577 185 185 578 7 7 579 186 186 580 181 181 581 7 7 582 4 4 583 187 187 584 5 5 585 7 7 586 6 6 587 188 188 588 189 189 589 190 190 590 189 189 591 188 188 592 191 191 593 189 189 594 157 157 595 181 181 596 157 157 597 189 189 598 192 192 599 186 186 600 193 193 601 190 190 590 193 193 601 186 186 602 194 194 603 188 188 604 27 27 605 26 26 606 27 27 607 188 188 608 195 195 609 31 31 610 196 196 611 191 191 612 196 196 611 31 31 613 30 30 614 190 190 590 181 181 615 186 186 616 181 181 617 190 190 590 189 189 618 190 190 590 195 195 619 188 188 620 195 195 621 190 190 590 193 193 601 191 191 622 26 26 623 31 31 624 26 26 625 191 191 626 188 188 627 191 191 628 192 192 629 189 189 630 192 192 631 191 191 632 196 196 611 197 197 633 198 198 634 199 199 635 198 198 636 197 197 637 200 200 638 198 198 639 194 194 640 183 183 641 194 194 642 198 198 643 193 193 644 185 185 645 192 192 646 199 199 635 192 192 647 185 185 648 157 157 649 196 196 650 30 30 651 201 201 652 201 201 653 197 197 654 196 196 650 27 27 655 195 195 656 202 202 657 202 202 658 39 39 659 27 27 660 199 199 635 198 198 661 185 185 662 183 183 663 185 185 664 198 198 665 199 199 635 196 196 650 197 197 666 196 196 650 199 199 635 192 192 667 202 202 668 40 40 669 39 39 670 201 201 671 200 200 672 197 197 673 200 200 674 193 193 675 198 198 676 193 193 677 200 200 678 195 195 679 203 203 680 204 204 681 205 205 682 206 206 683 207 207 684 182 182 685 205 205 686 208 208 687 209 209 688 182 182 689 210 210 690 211 211 691 210 210 690 182 182 692 207 207 684 136 136 693 207 207 684 212 212 694 207 207 684 136 136 695 133 133 330 158 158 696 210 210 690 213 213 697 129 129 698 209 209 699 208 208 700 214 214 701 133 133 330 138 138 349 209 209 702 126 126 703 136 136 704 126 126 705 209 209 706 129 129 707 215 215 708 216 216 709 217 217 710 216 216 711 215 215 712 218 218 713 219 219 714 46 46 715 220 220 716 219 219 717 216 216 718 177 177 719 18 18 720 176 176 721 221 221 722 221 221 723 48 48 724 18 18 725 157 157 726 211 211 691 175 175 727 210 210 690 174 174 728 218 218 729 174 174 730 210 210 690 158 158 696 221 221 731 45 45 732 48 48 733 222 222 734 217 217 710 219 219 735 176 176 721 175 175 736 215 215 737 215 215 738 217 217 710 176 176 721 218 218 739 211 211 691 210 210 690 211 211 691 218 218 740 215 215 741 218 218 742 177 177 743 216 216 744 177 177 745 218 218 746 174 174 747 223 223 748 224 224 749 225 225 750 224 224 749 223 223 751 226 226 752 224 224 749 158 158 696 213 213 753 158 158 696 224 224 749 167 167 754 214 214 701 166 166 755 225 225 756 166 166 757 214 214 701 98 98 758 169 169 759 57 57 760 227 227 761 227 227 762 223 223 763 169 169 764 228 228 765 168 168 766 226 226 752 229 229 767 59 59 768 9 9 769 225 225 770 213 213 771 214 214 701 213 213 772 225 225 773 224 224 749 225 225 774 169 169 775 223 223 776 169 169 777 225 225 778 166 166 779 230 230 780 229 229 781 228 228 765 227 227 782 226 226 752 223 223 783 226 226 752 167 167 754 224 224 749 167 167 754 226 226 752 168 168 784 231 231 785 232 232 786 233 233 787 232 232 786 231 231 785 234 234 788 232 232 786 235 235 789 236 236 790 235 235 789 232 232 786 204 204 681 237 237 791 179 179 792 233 233 787 179 179 793 237 237 791 238 238 794 231 231 785 3 3 3 125 125 795 3 3 3 231 231 785 179 179 796 131 131 322 208 208 797 234 234 798 208 208 799 131 131 322 129 129 800 233 233 787 236 236 790 237 237 791 236 236 790 233 233 787 232 232 786 233 233 787 179 179 801 231 231 785 234 234 802 125 125 803 131 131 322 125 125 804 234 234 805 231 231 785 234 234 806 204 204 681 232 232 786 204 204 681 234 234 807 208 208 808 239 239 809 240 240 810 241 241 811 240 240 812 239 239 809 242 242 813 240 240 814 68 68 140 67 67 139 68 68 140 240 240 815 243 243 816 75 75 817 244 244 818 241 241 811 244 244 819 75 75 820 74 74 146 239 239 809 238 238 794 237 237 791 238 238 794 239 239 809 245 245 821 236 236 790 246 246 822 242 242 823 246 246 822 236 236 790 235 235 789 241 241 811 67 67 139 75 75 824 67 67 139 241 241 811 240 240 825 241 241 811 245 245 826 239 239 809 245 245 827 241 241 811 244 244 828 242 242 829 237 237 791 236 236 790 237 237 791 242 242 830 239 239 809 242 242 831 243 243 832 240 240 833 243 243 834 242 242 835 246 246 822 247 247 836 248 248 837 249 249 838 248 248 839 247 247 840 250 250 841 251 251 842 78 78 154 252 252 843 78 78 154 251 251 842 253 253 844 252 252 843 68 68 140 243 243 845 68 68 140 252 252 843 78 78 154 246 246 822 250 250 846 247 247 847 250 250 848 246 246 822 235 235 789 252 252 843 249 249 849 251 251 842 249 249 850 252 252 843 247 247 851 247 247 852 243 243 853 246 246 822 243 243 854 247 247 855 252 252 843 254 254 856 74 74 146 82 82 857 74 74 146 254 254 858 244 244 859 82 82 171 251 251 842 254 254 860 251 251 842 82 82 171 253 253 844 255 255 861 184 184 862 180 180 863 248 248 864 255 255 861 249 249 865 180 180 866 245 245 867 255 255 868 245 245 869 180 180 870 238 238 794 254 254 860 249 249 871 255 255 861 249 249 872 254 254 860 251 251 842 255 255 873 244 244 874 254 254 875 244 244 876 255 255 877 245 245 878 214 214 701 138 138 349 98 98 879 210 210 690 207 207 684 213 213 880 133 133 330 214 214 701 207 207 684 213 213 881 207 207 684 214 214 701 182 182 882 211 211 691 185 185 883 215 215 884 175 175 885 211 211 691 185 185 886 211 211 691 157 157 887 212 212 888 207 207 684 206 206 889 208 208 890 205 205 891 204 204 681 136 136 892 212 212 893 209 209 894 250 250 895 235 235 789 204 204 681 203 203 680 256 256 896 250 250 897 178 178 898 4 4 899 179 179 900 180 180 901 179 179 902 238 238 794 7 7 903 187 187 904 186 186 905 186 186 906 178 178 907 194 194 908 183 183 909 178 178 910 184 184 911 183 183 912 194 194 913 178 178 910 184 184 914 255 255 861 248 248 915 180 180 863 184 184 916 178 178 910 248 248 917 250 250 918 256 256 919 3 3 3 2 2 2 125 125 920 43 43 82 41 41 921 42 42 79 44 44 922 41 41 923 43 43 82 32 32 924 37 37 925 44 44 926 42 42 79 41 41 927 40 40 928 43 43 82 42 42 79 38 38 929 41 41 930 44 44 931 28 28 932 54 54 933 49 49 934 52 52 935 53 53 936 49 49 937 54 54 938 51 51 939 55 55 940 54 54 941 52 52 942 49 49 943 50 50 944 53 53 945 54 54 946 19 19 947 49 49 948 53 53 949 45 45 950 62 62 951 60 60 952 63 63 953 64 64 954 60 60 955 62 62 956 61 61 957 66 66 958 62 62 959 63 63 960 60 60 961 65 65 962 64 64 963 62 62 964 10 10 965 60 60 966 64 64 967 56 56 968 131 131 322 124 124 313 130 130 320 124 124 313 131 131 322 125 125 969 15 15 970 16 16 971 12 12 972 58 58 973 57 57 974 16 16 975 58 58 976 16 16 977 15 15 978 15 15 979 65 65 980 58 58 981 14 14 982 65 65 983 15 15 984 66 66 985 61 61 986 13 13 987 61 61 988 14 14 989 13 13 990 13 13 991 10 10 992 66 66 993 11 11 994 10 10 995 13 13 996 8 8 997 10 10 998 11 11 999 24 24 1000 25 25 1001 21 21 1002 47 47 1003 46 46 1004 25 25 1005 47 47 1006 25 25 1007 24 24 1008 24 24 1009 50 50 1010 47 47 1011 23 23 1012 50 50 1013 24 24 1014 51 51 1015 50 50 1016 23 23 1017 51 51 1018 23 23 1019 22 22 1020 22 22 1021 19 19 1022 55 55 1023 20 20 37 19 19 1024 22 22 1025 17 17 1026 19 19 1027 20 20 37 26 26 1028 28 28 1029 36 36 1030 257 257 1031 31 31 1032 26 26 1033 26 26 1034 36 36 1035 257 257 1036 34 34 58 36 36 1037 37 37 1038 257 257 1039 36 36 1040 34 34 58 32 32 1041 38 38 1042 33 33 1043 34 34 58 33 33 1044 257 257 1045 35 35 1046 33 33 1047 29 29 1048 257 257 1049 33 33 1050 35 35 1051 35 35 1052 31 31 1053 257 257 1054 182 182 1055 248 248 1056 256 256 1057 184 184 1058 248 248 1059 182 182 1060 256 256 1061 206 206 1062 182 182 1063 204 204 681 203 203 680 250 250 1064 203 203 680 206 206 1065 256 256 1066 203 203 680 212 212 1067 206 206 1068 205 205 1069 212 212 1070 203 203 680 212 212 1071 205 205 1072 209 209 1073 32 32 1074 44 44 1075 43 43 82 37 37 1076 32 32 1077 34 34 58 51 51 1078 54 54 1079 52 52 1080 55 55 1081 51 51 1082 22 22 1083 61 61 1084 65 65 1085 14 14 1086 65 65 1087 61 61 1088 63 63 1089 147 147 399 149 149 1090 122 122 1091 122 122 1092 116 116 1093 120 120 1094 187 187 1095 178 178 1096 186 186 1097 187 187 1098 4 4 1099 178 178 1100 258 258 1101 202 202 1102 259 259 1103 259 259 1103 195 195 1104 200 200 1105 259 259 1103 200 200 1106 201 201 1107 258 258 1108 30 30 1109 40 40 1110 219 219 1111 220 220 1112 222 222 734 222 222 734 176 176 721 217 217 710 177 177 1113 46 46 1114 219 219 1115 219 219 1116 217 217 710 216 216 1117 9 9 1118 168 168 1119 229 229 1120 229 229 1121 56 56 1122 59 59 1123 228 228 765 226 226 752 227 227 1124 230 230 1125 57 57 1126 56 56 1127 110 110 371 145 145 1128 146 146 1129 144 144 1130 146 146 1131 145 145 1132 112 112 1133 144 144 1134 141 141 1135 145 145 1136 141 141 1137 144 144 1138 258 258 1139 40 40 1140 202 202 1141 202 202 1142 195 195 1143 259 259 1103 201 201 1144 30 30 1145 258 258 1146 201 201 1147 258 258 1148 259 259 1103 220 220 1149 45 45 1150 221 221 1151 221 221 1152 176 176 721 222 222 734 220 220 1153 221 221 1154 222 222 734 220 220 1155 46 46 1156 45 45 1157 230 230 1158 56 56 1159 229 229 1160 229 229 1161 168 168 1162 228 228 765 227 227 1163 57 57 1164 230 230 1165 227 227 1166 230 230 1167 228 228 765 110 110 371 146 146 1168 152 152 1169 143 143 1170 152 152 1171 146 146 1172 152 152 1173 143 143 1174 151 151 1175 111 111 1176 151 151 1177 143 143 1178 79 79 1179 253 253 844 82 82 171 78 78 154 253 253 844 79 79 1180 260 260 1181 261 261 1182 262 262 2 263 263 3 262 262 2 264 264 1183 262 262 2 261 261 1184 265 265 1185 264 264 1186 262 262 2 265 265 1187 266 266 1188 265 265 1189 261 261 1190 264 264 1191 265 265 1192 267 267 1193 268 268 1194 269 269 1195 270 270 1196 271 271 1197 269 269 1198 272 272 1199 273 273 1200 274 274 1201 272 272 1202 271 271 1203 272 272 1204 274 274 1205 273 273 1206 272 272 1207 275 275 1208 276 276 1209 272 272 1210 269 269 1211 277 277 1212 278 278 1213 279 279 1214 280 280 37 278 278 1215 281 281 1216 282 282 1217 283 283 1218 281 281 1219 280 280 37 281 281 1220 283 283 1221 282 282 1222 281 281 1223 284 284 1224 285 285 1225 281 281 1226 278 278 1227 286 286 1228 287 287 1229 288 288 1230 289 289 1231 290 290 1232 291 291 1233 292 292 1234 293 293 1235 294 294 58 291 291 1236 290 290 1237 295 295 1238 288 288 1239 296 296 1240 297 297 1241 298 298 1242 292 292 1243 290 290 1244 286 286 1245 288 288 1246 299 299 1247 289 289 1248 300 300 1249 290 290 1250 299 299 1251 288 288 1252 301 301 1253 290 290 1254 300 300 1255 302 302 79 293 293 1256 298 298 1257 303 303 82 299 299 1258 301 301 1259 300 300 1260 290 290 1261 302 302 79 298 298 1262 297 297 1263 304 304 1264 288 288 1265 305 305 1266 306 306 1267 307 307 1268 277 277 1269 279 279 1270 308 308 1271 307 307 1272 306 306 1273 309 309 1274 310 310 1275 311 311 1276 312 312 1277 308 308 1278 279 279 1279 313 313 1280 307 307 1281 309 309 1282 311 311 1283 314 314 1284 315 315 1285 279 279 1286 308 308 1287 313 313 1288 306 306 1289 316 316 1290 317 317 1291 318 318 1292 268 268 1293 270 270 1294 319 319 1295 318 318 1296 317 317 1297 320 320 1298 321 321 1299 322 322 1300 323 323 1301 319 319 1302 270 270 1303 324 324 1304 318 318 1305 320 320 1306 325 325 1307 326 326 1308 321 321 1309 270 270 1310 319 319 1311 324 324 1312 317 317 1313 327 327 140 328 328 139 329 329 141 330 330 143 331 331 142 332 332 144 333 333 146 334 334 1314 335 335 1315 329 329 141 328 328 139 331 331 142 330 330 143 336 336 148 331 331 142 335 335 1316 334 334 1317 331 331 142 329 329 141 331 331 142 336 336 148 332 332 144 331 331 142 334 334 1318 335 335 1319 331 331 142 328 328 139 327 327 140 337 337 1320 338 338 154 339 339 1321 338 338 154 340 340 1322 330 330 143 341 341 1323 336 336 148 327 327 140 329 329 141 337 337 1324 340 340 1325 338 338 154 337 337 1326 336 336 148 341 341 1327 337 337 1328 340 340 1329 337 337 1330 341 341 1331 336 336 148 337 337 1332 329 329 141 330 330 1333 332 332 144 341 341 1334 339 339 1335 340 340 1336 342 342 171 333 333 146 343 343 1337 334 334 1338 341 341 1339 332 332 144 343 343 1340 342 342 171 340 340 1341 343 343 177 333 333 146 342 342 1342 343 343 1343 341 341 1344 343 343 177 340 340 1345 334 334 1346 343 343 1347 332 332 144 344 344 1348 345 345 184 346 346 186 345 345 184 344 344 1349 260 260 1350 347 347 1351 348 348 189 349 349 191 348 348 189 347 347 1352 350 350 1353 350 350 1354 346 346 186 348 348 195 346 346 186 350 350 1355 344 344 1356 351 351 199 352 352 198 353 353 1357 352 352 198 351 351 199 354 354 201 260 260 1358 351 351 199 355 355 1359 351 351 199 260 260 1360 344 344 1361 356 356 1362 357 357 1363 353 353 1364 357 357 1365 356 356 1366 358 358 1367 359 359 212 352 352 198 360 360 1368 352 352 198 359 359 212 361 361 1369 350 350 1370 362 362 1371 354 354 1372 362 362 1373 350 350 1374 347 347 1375 355 355 1376 353 353 1377 357 357 1378 353 353 1379 355 355 1380 351 351 199 361 361 1381 353 353 1382 352 352 198 353 353 1383 361 361 1384 356 356 1385 360 360 232 354 354 1386 362 362 1387 354 354 201 360 360 1388 352 352 198 344 344 1389 354 354 201 351 351 199 354 354 201 344 344 1390 350 350 1391 363 363 239 364 364 238 365 365 1392 364 364 238 363 363 239 366 366 241 358 358 1393 363 363 239 367 367 1394 363 363 239 358 358 1395 356 356 1396 368 368 1397 369 369 1398 365 365 1399 369 369 1400 368 368 1401 370 370 1402 371 371 1403 364 364 238 372 372 1404 364 364 238 371 371 1405 373 373 1406 361 361 1407 374 374 1408 366 366 241 374 374 1409 361 361 1410 359 359 212 367 367 1411 365 365 1412 369 369 1413 365 365 1414 367 367 1415 363 363 239 373 373 1416 365 365 1417 364 364 238 365 365 1418 373 373 1419 368 368 1420 372 372 1421 366 366 241 374 374 1422 366 366 241 372 372 1423 364 364 238 356 356 1424 366 366 241 363 363 239 366 366 241 356 356 1425 361 361 1426 375 375 1427 376 376 1428 377 377 1429 370 370 1430 376 376 1431 378 378 1432 376 376 1433 370 370 1434 368 368 1435 373 373 1436 379 379 1437 377 377 1438 379 379 1439 373 373 1440 371 371 1441 376 376 1442 375 375 1443 380 380 1444 380 380 1445 378 378 1446 376 376 1447 375 375 1448 381 381 1449 382 382 1450 381 381 1451 377 377 1452 379 379 1453 377 377 1454 381 381 1455 375 375 1456 368 368 1457 377 377 1458 376 376 1459 377 377 1460 368 368 1461 373 373 1462 383 383 313 384 384 312 262 262 2 262 262 2 385 385 1463 383 383 313 345 345 184 262 262 2 384 384 312 262 262 2 345 345 184 260 260 1464 386 386 317 387 387 1465 388 388 318 389 389 320 390 390 1466 386 386 317 390 390 1467 389 389 320 391 391 322 387 387 1468 386 386 317 390 390 1469 347 347 1470 388 388 318 392 392 1471 388 388 318 347 347 1472 349 349 191 392 392 1473 388 388 318 387 387 1474 393 393 1475 394 394 330 395 395 332 394 394 330 393 393 1476 396 396 1477 347 347 1478 393 393 1479 362 362 1480 393 393 1481 347 347 1482 392 392 1483 397 397 341 360 360 232 395 395 332 360 360 232 397 397 341 359 359 1484 396 396 1485 392 392 1486 387 387 1487 362 362 1488 395 395 332 360 360 232 395 395 332 362 362 1489 393 393 1490 398 398 349 395 395 332 394 394 330 395 395 332 398 398 349 397 397 341 392 392 1491 396 396 1492 393 393 1493 399 399 1494 400 400 1495 401 401 1496 400 400 1497 399 399 1498 402 402 1499 359 359 1500 399 399 1501 374 374 361 399 399 1502 359 359 1503 397 397 341 403 403 1504 372 372 1505 404 404 1506 372 372 1507 403 403 1508 371 371 1509 370 370 371 405 405 1510 369 369 1511 400 400 1512 369 369 1513 405 405 1514 398 398 349 367 367 1515 402 402 1516 367 367 1517 398 398 349 358 358 1518 374 374 361 401 401 1519 372 372 1520 401 401 1521 374 374 361 399 399 1522 405 405 1523 401 401 1524 400 400 1525 404 404 1526 406 406 1527 403 403 1528 369 369 1529 402 402 1530 367 367 1531 402 402 1532 369 369 1533 400 400 1534 397 397 341 402 402 1535 399 399 1536 402 402 1537 397 397 341 398 398 349 407 407 400 408 408 399 409 409 1538 408 408 399 407 407 400 410 410 1539 371 371 1540 407 407 400 379 379 1541 407 407 400 371 371 1542 411 411 1543 412 412 1544 378 378 1545 410 410 1546 378 378 1547 412 412 1548 370 370 371 379 379 1549 409 409 1550 381 381 1551 409 409 1552 379 379 1553 407 407 400 380 380 1554 382 382 1555 408 408 399 409 409 1556 382 382 1557 381 381 1558 380 380 1559 410 410 1560 378 378 1561 410 410 1562 380 380 1563 408 408 399 411 411 1564 410 410 1565 407 407 400 410 410 1566 411 411 1567 412 412 1568 261 261 1569 413 413 1570 414 414 1571 413 413 1572 261 261 1573 415 415 1574 261 261 1575 260 260 1576 355 355 1577 416 416 442 266 266 1578 414 414 1579 266 266 1580 416 416 442 417 417 1581 418 418 1582 413 413 1583 419 419 1584 413 413 1585 418 418 1586 420 420 1587 357 357 1588 421 421 1589 415 415 1590 421 421 1591 357 357 1592 358 358 1593 261 261 1594 414 414 1595 266 266 1596 420 420 1597 414 414 1598 413 413 1599 414 414 1600 420 420 1601 416 416 442 419 419 1602 415 415 1603 421 421 1604 415 415 1605 419 419 1606 413 413 1607 357 357 1608 415 415 1609 261 261 1610 261 261 1611 355 355 1612 357 357 1613 422 422 479 423 423 1614 424 424 480 423 423 1615 422 422 479 425 425 482 358 358 1616 422 422 479 421 421 1617 422 422 479 358 358 1618 426 426 1619 427 427 488 419 419 1620 424 424 480 419 419 1621 427 427 488 418 418 1622 268 268 1623 423 423 1624 269 269 1625 423 423 1626 268 268 1627 428 428 496 429 429 1628 276 276 1629 425 425 482 276 276 1630 429 429 1631 316 316 1632 421 421 1633 424 424 480 419 419 1634 424 424 480 421 421 1635 422 422 479 428 428 496 424 424 480 423 423 1636 424 424 480 428 428 496 427 427 488 269 269 1637 425 425 482 276 276 1638 425 425 482 269 269 1639 423 423 1640 426 426 1641 425 425 482 422 422 479 425 425 482 426 426 1642 429 429 1643 430 430 1644 431 431 1645 432 432 1646 431 431 1647 430 430 1648 433 433 1649 418 418 1650 430 430 1651 420 420 1652 430 430 1653 418 418 1654 434 434 524 435 435 1655 416 416 442 432 432 1656 416 416 442 435 435 1657 417 417 1658 277 277 1659 436 436 1660 431 431 1661 431 431 1662 278 278 1663 277 277 1664 437 437 1665 285 285 1666 433 433 1667 285 285 1668 437 437 1669 305 305 1670 420 420 1671 432 432 1672 416 416 442 432 432 1673 420 420 1674 430 430 1675 436 436 1676 435 435 1677 431 431 1678 432 432 1679 431 431 1680 435 435 1681 278 278 1682 433 433 1683 285 285 1684 433 433 1685 278 278 1686 431 431 1687 434 434 524 433 433 1688 430 430 1689 433 433 1690 434 434 524 437 437 1691 438 438 1692 439 439 1693 440 440 1694 438 438 1695 263 263 3 264 264 1696 266 266 1697 441 441 1698 267 267 1699 441 441 1700 266 266 1701 417 417 1702 442 442 1703 443 443 1704 444 444 1705 443 443 1706 442 442 1707 445 445 1708 446 446 1709 267 267 1710 441 441 1711 264 264 1712 267 267 1713 447 447 1714 267 267 1715 265 265 1716 266 266 1717 448 448 1718 449 449 1719 450 450 590 449 449 1720 448 448 1721 451 451 1722 417 417 1723 448 448 1724 441 441 1725 448 448 1726 417 417 1727 452 452 1728 453 453 601 446 446 1729 450 450 590 446 446 1730 453 453 601 454 454 1731 286 286 1732 449 449 1733 287 287 1734 449 449 1735 286 286 1736 455 455 1737 456 456 611 291 291 1738 451 451 1739 291 291 1740 456 456 611 289 289 1741 441 441 1742 450 450 590 446 446 1743 450 450 590 441 441 1744 448 448 1745 455 455 1746 450 450 590 449 449 1747 450 450 590 455 455 1748 453 453 601 287 287 1749 451 451 1750 291 291 1751 451 451 1752 287 287 1753 449 449 1754 452 452 1755 451 451 1756 448 448 1757 451 451 1758 452 452 1759 456 456 611 457 457 1760 458 458 1761 459 459 635 458 458 1762 457 457 1763 460 460 1764 454 454 1765 457 457 1766 442 442 1767 457 457 1768 454 454 1769 453 453 1770 452 452 1771 445 445 1772 459 459 635 445 445 1773 452 452 1774 417 417 1775 289 289 1776 456 456 650 461 461 1777 458 458 1778 461 461 1779 456 456 650 455 455 1780 286 286 1781 462 462 1782 299 299 1783 462 462 1784 286 286 1785 457 457 1786 459 459 635 445 445 1787 445 445 1788 442 442 1789 457 457 1790 456 456 650 459 459 635 458 458 1791 459 459 635 456 456 650 452 452 1792 300 300 1793 462 462 1794 299 299 1795 460 460 1796 461 461 1797 458 458 1798 453 453 1799 460 460 1800 457 457 1801 460 460 1802 453 453 1803 455 455 1804 463 463 681 464 464 1805 465 465 1806 466 466 684 467 467 1807 443 443 1808 463 463 681 468 468 1809 464 464 1810 469 469 690 443 443 1811 470 470 691 443 443 1812 469 469 690 466 466 684 466 466 684 396 396 1813 471 471 1814 396 396 1815 466 466 684 394 394 330 469 469 690 418 418 696 472 472 1816 464 464 1817 390 390 1818 465 465 1819 394 394 330 473 473 701 398 398 349 387 387 1820 464 464 1821 396 396 1822 464 464 1823 387 387 1824 390 390 1825 474 474 1826 475 475 1827 476 476 710 475 475 1828 474 474 1829 477 477 1830 305 305 1831 478 478 1832 479 479 1833 474 474 1834 478 478 1835 437 437 1836 436 436 721 277 277 1837 480 480 1838 308 308 1839 480 480 1840 277 277 1841 470 470 691 417 417 1842 435 435 1843 434 434 1844 469 469 690 477 477 1845 469 469 690 434 434 1846 418 418 696 306 306 1847 480 480 1848 308 308 1849 476 476 710 481 481 734 478 478 1850 435 435 1851 436 436 721 475 475 1852 476 476 710 475 475 1853 436 436 721 470 470 691 477 477 1854 469 469 690 477 477 1855 470 470 691 475 475 1856 437 437 1857 477 477 1858 474 474 1859 477 477 1860 437 437 1861 434 434 1862 482 482 749 483 483 1863 484 484 1864 483 483 1865 482 482 749 485 485 752 418 418 696 482 482 749 472 472 1866 482 482 749 418 418 696 427 427 754 426 426 1867 473 473 701 484 484 1868 473 473 701 426 426 1869 358 358 1870 316 316 1871 429 429 1872 486 486 1873 483 483 1874 486 486 1875 429 429 1876 428 428 1877 487 487 765 485 485 752 319 319 1878 488 488 1879 268 268 1880 472 472 1881 484 484 1882 473 473 701 484 484 1883 472 472 1884 482 482 749 429 429 1885 484 484 1886 483 483 1887 484 484 1888 429 429 1889 426 426 1890 488 488 1891 489 489 1892 487 487 765 485 485 752 486 486 1893 483 483 1894 427 427 754 485 485 752 482 482 749 485 485 752 427 427 754 428 428 1895 490 490 786 491 491 785 492 492 787 491 491 785 490 490 786 493 493 1896 494 494 789 490 490 786 495 495 790 490 490 786 494 494 789 463 463 681 438 438 1897 496 496 791 492 492 787 496 496 791 438 438 1898 497 497 794 263 263 3 491 491 785 385 385 1899 491 491 785 263 263 3 438 438 1900 465 465 1901 391 391 322 493 493 1902 391 391 322 465 465 1903 390 390 1904 495 495 790 492 492 787 496 496 791 492 492 787 495 495 790 490 490 786 438 438 1905 492 492 787 491 491 785 385 385 1906 493 493 1907 391 391 322 493 493 1908 385 385 1909 491 491 785 463 463 681 493 493 1910 490 490 786 493 493 1911 463 463 681 465 465 1912 498 498 1913 499 499 809 500 500 811 499 499 809 498 498 1914 501 501 1915 327 327 140 498 498 1916 328 328 139 498 498 1917 327 327 140 502 502 1918 503 503 1919 335 335 1920 500 500 811 335 335 1921 503 503 1922 333 333 146 497 497 794 499 499 809 496 496 791 499 499 809 497 497 794 504 504 1923 505 505 822 495 495 790 501 501 1924 495 495 790 505 505 822 494 494 789 328 328 139 500 500 811 335 335 1925 500 500 811 328 328 139 498 498 1926 504 504 1927 500 500 811 499 499 809 500 500 811 504 504 1928 503 503 1929 496 496 791 501 501 1930 495 495 790 501 501 1931 496 496 791 499 499 809 502 502 1932 501 501 1933 498 498 1934 501 501 1935 502 502 1936 505 505 822 506 506 1937 507 507 1938 508 508 1939 507 507 1940 506 506 1941 509 509 1942 338 338 154 510 510 842 511 511 843 510 510 842 338 338 154 512 512 844 327 327 140 511 511 843 502 502 1943 511 511 843 327 327 140 338 338 154 509 509 1944 505 505 822 507 507 1945 505 505 822 509 509 1946 494 494 789 508 508 1947 511 511 843 510 510 842 511 511 843 508 508 1948 507 507 1949 502 502 1950 507 507 1951 505 505 822 507 507 1952 502 502 1953 511 511 843 333 333 146 513 513 1954 342 342 1955 513 513 1956 333 333 146 503 503 1957 510 510 842 342 342 171 513 513 860 342 342 171 510 510 842 512 512 844 444 444 1958 514 514 861 440 440 863 514 514 861 506 506 1959 508 508 1960 504 504 1961 440 440 1962 514 514 1963 440 440 1964 504 504 1965 497 497 794 508 508 1966 513 513 860 514 514 861 513 513 860 508 508 1967 510 510 842 503 503 1968 514 514 1969 513 513 1970 514 514 1971 503 503 1972 504 504 1973 398 398 349 473 473 701 358 358 1974 466 466 684 469 469 690 472 472 1975 473 473 701 394 394 330 466 466 684 466 466 684 472 472 1976 473 473 701 470 470 691 443 443 1977 445 445 1978 435 435 1979 475 475 1980 470 470 691 470 470 691 445 445 1981 417 417 1982 466 466 684 471 471 1983 467 467 1984 468 468 1985 463 463 681 515 515 680 471 471 1986 396 396 1987 464 464 1988 494 494 789 509 509 1989 463 463 681 515 515 680 463 463 681 509 509 1990 264 264 1991 439 439 1992 438 438 1993 438 438 1994 440 440 1995 497 497 794 447 447 1996 267 267 1997 446 446 1998 439 439 1999 446 446 2000 454 454 2001 439 439 910 442 442 2002 444 444 2003 454 454 2004 442 442 2005 439 439 910 514 514 861 444 444 2006 506 506 2007 444 444 2008 440 440 863 439 439 910 509 509 2009 506 506 2010 516 516 2011 262 262 2 263 263 3 385 385 2012 301 301 2013 303 303 82 302 302 79 301 301 2014 304 304 2015 303 303 82 297 297 2016 293 293 2017 304 304 2018 301 301 2019 302 302 79 300 300 2020 302 302 79 303 303 82 298 298 2021 304 304 2022 301 301 2023 288 288 2024 309 309 2025 315 315 2026 312 312 2027 309 309 2028 313 313 2029 315 315 2030 314 314 2031 310 310 2032 315 315 2033 309 309 2034 312 312 2035 311 311 2036 315 315 2037 313 313 2038 279 279 2039 313 313 2040 309 309 2041 306 306 2042 320 320 2043 321 321 2044 323 323 2045 320 320 2046 324 324 2047 321 321 2048 326 326 2049 322 322 2050 321 321 2051 320 320 2052 323 323 2053 325 325 2054 321 321 2055 324 324 2056 270 270 2057 324 324 2058 320 320 2059 317 317 2060 383 383 313 391 391 322 389 389 320 391 391 322 383 383 313 385 385 2061 276 276 2062 275 275 2063 272 272 2064 316 316 2065 318 318 2066 276 276 2067 276 276 2068 318 318 2069 275 275 2070 325 325 2071 275 275 2072 318 318 2073 325 325 2074 273 273 2075 275 275 2076 322 322 2077 326 326 2078 274 274 2079 273 273 2080 322 322 2081 274 274 2082 270 270 2083 274 274 2084 326 326 2085 270 270 2086 271 271 2087 274 274 2088 270 270 2089 269 269 2090 271 271 2091 285 285 2092 284 284 2093 281 281 2094 305 305 2095 307 307 2096 285 285 2097 285 285 2098 307 307 2099 284 284 2100 311 311 2101 284 284 2102 307 307 2103 311 311 2104 282 282 2105 284 284 2106 311 311 2107 310 310 2108 282 282 2109 282 282 2110 310 310 2111 283 283 2112 279 279 2113 283 283 2114 314 314 2115 279 279 2116 280 280 37 283 283 2117 279 279 2118 278 278 2119 280 280 37 288 288 2120 287 287 2121 296 296 2122 291 291 2123 517 517 2124 287 287 2125 296 296 2126 287 287 2127 517 517 2128 296 296 2129 294 294 58 297 297 2130 296 296 2131 517 517 2132 294 294 58 298 298 2133 293 293 2134 292 292 2135 292 292 2136 294 294 58 517 517 2137 292 292 2138 295 295 2139 290 290 2140 292 292 2141 517 517 2142 295 295 2143 291 291 2144 295 295 2145 517 517 2146 506 506 2147 443 443 2148 516 516 2149 506 506 2150 444 444 2151 443 443 2152 467 467 2153 516 516 2154 443 443 2155 515 515 680 509 509 2156 516 516 2157 467 467 2158 515 515 680 516 516 2159 471 471 2160 515 515 680 467 467 2161 471 471 2162 468 468 2163 515 515 680 468 468 2164 471 471 2165 464 464 2166 304 304 2167 293 293 2168 303 303 82 293 293 2169 297 297 2170 294 294 58 315 315 2171 310 310 2172 312 312 2173 310 310 2174 314 314 2175 283 283 2176 325 325 2177 322 322 2178 273 273 2179 322 322 2180 325 325 2181 323 323 2182 409 409 2183 408 408 399 382 382 2184 375 375 2185 382 382 2186 380 380 2187 439 439 2188 447 447 2189 446 446 2190 264 264 2191 447 447 2192 439 439 2193 462 462 2194 518 518 2195 519 519 1103 455 455 2196 519 519 1103 460 460 2197 460 460 2198 519 519 1103 461 461 2199 289 289 2200 518 518 2201 300 300 2202 479 479 2203 478 478 2204 481 481 734 436 436 721 481 481 734 476 476 710 305 305 2205 437 437 2206 478 478 2207 476 476 710 478 478 2208 474 474 2209 428 428 2210 268 268 2211 488 488 2212 317 317 2213 488 488 2214 319 319 2215 485 485 752 487 487 765 486 486 2216 316 316 2217 489 489 2218 317 317 2219 405 405 2220 370 370 371 406 406 2221 406 406 2222 404 404 2223 405 405 2224 404 404 2225 372 372 2226 401 401 2227 401 401 2228 405 405 2229 404 404 2230 300 300 2231 518 518 2232 462 462 2233 455 455 2234 462 462 2235 519 519 1103 289 289 2236 461 461 2237 518 518 2238 518 518 2239 461 461 2240 519 519 1103 306 306 2241 479 479 2242 480 480 2243 436 436 721 480 480 2244 481 481 734 480 480 2245 479 479 2246 481 481 734 305 305 2247 479 479 2248 306 306 2249 317 317 2250 489 489 2251 488 488 2252 428 428 2253 488 488 2254 487 487 765 316 316 2255 486 486 2256 489 489 2257 489 489 2258 486 486 2259 487 487 765 406 406 2260 370 370 371 412 412 2261 412 412 2262 403 403 2263 406 406 2264 403 403 2265 412 412 2266 411 411 2267 411 411 2268 371 371 2269 403 403 2270 512 512 844 339 339 2271 342 342 171 512 512 844 338 338 154 339 339 2272</p>
                </triangles>
            </mesh>
        </geometry>
    </library_geometries>
    <library_visual_scenes>
        <visual_scene id="SceneRoot" name="SceneRoot">
            <node id="Bystander_B" name="Bystander_B" type="NODE">
                <instance_geometry url="#Bystander_B-geometry">
                    <bind_material>
                        <technique_common>
                            <instance_material symbol="Body_Texture" target="#Body_Texture" />
                        </technique_common>
                    </bind_material>
                </instance_geometry>
            </node>
            <node id="Bystander_B" name="Bystander_B" type="NODE">
                <instance_geometry url="#Bystander_B-geometry">
                    <bind_material>
                        <technique_common>
                            <instance_material symbol="Legs Texture" target="#Legs Texture" />
                        </technique_common>
                    </bind_material>
                </instance_geometry>
            </node>
            <node id="Bystander_B" name="Bystander_B" type="NODE">
                <instance_geometry url="#Bystander_B-geometry">
                    <bind_material>
                        <technique_common>
                            <instance_material symbol="face" target="#face" />
                        </technique_common>
                    </bind_material>
                </instance_geometry>
            </node>
            <node id="Bystander_B" name="Bystander_B" type="NODE">
                <instance_geometry url="#Bystander_B-geometry">
                    <bind_material>
                        <technique_common>
                            <instance_material symbol="Material #83" target="#Material #83" />
                        </technique_common>
                    </bind_material>
                </instance_geometry>
            </node>
        </visual_scene>
    </library_visual_scenes>
    <scene>
        <instance_visual_scene url="#SceneRoot" />
    </scene>
</COLLADA>
